ID;PLZ;REGSCHL;ORT;ORTSTEIL;STAND
29106;"32049";"05758012";"Herford";"Falkendiek";
29108;"32049";"05758012";"Herford";"Innenstadt";
29112;"32049";"05758012";"Herford";"Schwarzenmoor";
29103;"32051";"05758012";"Herford";"Diebrock";
29104;"32051";"05758012";"Herford";"Eickum";
29107;"32051";"05758012";"Herford";"Herringhausen";
29109;"32051";"05758012";"Herford";"Innenstadt";
29111;"32051";"05758012";"Herford";"Laar";
29114;"32051";"05758012";"Herford";"Stedefreund";
29105;"32052";"05758012";"Herford";"Elverdissen";
29110;"32052";"05758012";"Herford";"Innenstadt";
29113;"32052";"05758012";"Herford";"Schwarzenmoor";
26858;"32105";"05766008";"Bad Salzuflen";"Innenstadt";
26852;"32107";"05766008";"Bad Salzuflen";"Biemsen-Ahmsen";
26854;"32107";"05766008";"Bad Salzuflen";"Grastrup-Hölsen";
26856;"32107";"05766008";"Bad Salzuflen";"Holzhausen";
26859;"32107";"05766008";"Bad Salzuflen";"Innenstadt";
26861;"32107";"05766008";"Bad Salzuflen";"Lockhausen";
26864;"32107";"05766008";"Bad Salzuflen";"Schötmar";
26866;"32107";"05766008";"Bad Salzuflen";"Werl-Aspe";
26867;"32107";"05766008";"Bad Salzuflen";"Wülfer-Bexten";
26853;"32108";"05766008";"Bad Salzuflen";"Ehrsen-Breden";
26855;"32108";"05766008";"Bad Salzuflen";"Grastrup-Hölsen";
26857;"32108";"05766008";"Bad Salzuflen";"Holzhausen";
26860;"32108";"05766008";"Bad Salzuflen";"Innenstadt";
26862;"32108";"05766008";"Bad Salzuflen";"Papenhausen";
26863;"32108";"05766008";"Bad Salzuflen";"Retzen";
26865;"32108";"05766008";"Bad Salzuflen";"Schötmar";
26868;"32108";"05766008";"Bad Salzuflen";"Wüsten";
29173;"32120";"05758016";"Hiddenhausen";"Eilshausen";
29174;"32120";"05758016";"Hiddenhausen";"Hiddenhausen";
29175;"32120";"05758016";"Hiddenhausen";"Lippinghausen";
29176;"32120";"05758016";"Hiddenhausen";"Oetinghausen";
29177;"32120";"05758016";"Hiddenhausen";"Schweicheln-Bermbeck";
29178;"32120";"05758016";"Hiddenhausen";"Sundern";
28123;"32130";"05758008";"Enger";"Belke-Steinbeck";
28124;"32130";"05758008";"Enger";"Besenkamp";
28125;"32130";"05758008";"Enger";"Dreyen";
28126;"32130";"05758008";"Enger";"Enger";
28127;"32130";"05758008";"Enger";"Herringhausen";
28128;"32130";"05758008";"Enger";"Oldinghausen";
28129;"32130";"05758008";"Enger";"Pödinghausen";
28130;"32130";"05758008";"Enger";"Siele";
28131;"32130";"05758008";"Enger";"Westerenger";
32349;"32139";"05758032";"Spenge";"Bardüttingdorf";
32350;"32139";"05758032";"Spenge";"Hücker-Aschen";
32351;"32139";"05758032";"Spenge";"Lenzinghausen";
32352;"32139";"05758032";"Spenge";"Spenge";
32353;"32139";"05758032";"Spenge";"Wallenbrück";
27427;"32257";"05758004";"Bünde";"Ahle";
27428;"32257";"05758004";"Bünde";"Bustedt";
27429;"32257";"05758004";"Bünde";"Bünde";
27430;"32257";"05758004";"Bünde";"Dünne";
27431;"32257";"05758004";"Bünde";"Ennigloh";
27432;"32257";"05758004";"Bünde";"Holsen";
27433;"32257";"05758004";"Bünde";"Hunnebrock";
27434;"32257";"05758004";"Bünde";"Hüffen";
27435;"32257";"05758004";"Bünde";"Muckum";
27436;"32257";"05758004";"Bünde";"Spradow";
27437;"32257";"05758004";"Bünde";"Südlengern";
27438;"32257";"05758004";"Bünde";"Werfen";
29604;"32278";"05758020";"Kirchlengern";"Häver";
29605;"32278";"05758020";"Kirchlengern";"Kirchlengern";
29606;"32278";"05758020";"Kirchlengern";"Klosterbauerschaft";
29607;"32278";"05758020";"Kirchlengern";"Quernheim";
29608;"32278";"05758020";"Kirchlengern";"Rehmerloh";
29609;"32278";"05758020";"Kirchlengern";"Stift Quernheim";
29610;"32278";"05758020";"Kirchlengern";"Südlengern";
31910;"32289";"05758028";"Rödinghausen";"Bieren";
31911;"32289";"05758028";"Rödinghausen";"Bruchmühlen";
31912;"32289";"05758028";"Rödinghausen";"Ostkilver";
31913;"32289";"05758028";"Rödinghausen";"Rödinghausen";
31914;"32289";"05758028";"Rödinghausen";"Schwenningdorf";
31915;"32289";"05758028";"Rödinghausen";"Stadt Melle";
30259;"32312";"05770020";"Lübbecke";"Alswede";
30260;"32312";"05770020";"Lübbecke";"Blasheim";
30261;"32312";"05770020";"Lübbecke";"Eilhausen";
30262;"32312";"05770020";"Lübbecke";"Gehlenbeck";
30263;"32312";"05770020";"Lübbecke";"Lübbecke";
30264;"32312";"05770020";"Lübbecke";"Nettelstedt";
30265;"32312";"05770020";"Lübbecke";"Obermehnen";
30266;"32312";"05770020";"Lübbecke";"Stockhausen";
28295;"32339";"05770008";"Espelkamp";"Altgemeinde";
28296;"32339";"05770008";"Espelkamp";"Espelkamp";
28297;"32339";"05770008";"Espelkamp";"Fabbenstedt";
28298;"32339";"05770008";"Espelkamp";"Fiestel";
28299;"32339";"05770008";"Espelkamp";"Frotheim";
28304;"32339";"05770008";"Espelkamp";"Gem Preußisch Oldendorf";
28300;"32339";"05770008";"Espelkamp";"Gestringen";
28301;"32339";"05770008";"Espelkamp";"Isenstedt";
28302;"32339";"05770008";"Espelkamp";"Schmalge";
28303;"32339";"05770008";"Espelkamp";"Vehlage";
32376;"32351";"05770044";"Stemwede";"Arrenkamp";
32377;"32351";"05770044";"Stemwede";"Destel";
32378;"32351";"05770044";"Stemwede";"Dielingen";
32379;"32351";"05770044";"Stemwede";"Drohne";
32389;"32351";"05770044";"Stemwede";"Gem Bad Essen";
32380;"32351";"05770044";"Stemwede";"Haldem";
32381;"32351";"05770044";"Stemwede";"Levern";
32382;"32351";"05770044";"Stemwede";"Niedermehnen";
32383;"32351";"05770044";"Stemwede";"Oppendorf";
32384;"32351";"05770044";"Stemwede";"Oppenwehe";
32385;"32351";"05770044";"Stemwede";"Sundern";
32386;"32351";"05770044";"Stemwede";"Twiehausen";
32387;"32351";"05770044";"Stemwede";"Wehdem";
32388;"32351";"05770044";"Stemwede";"Westrup";
31578;"32361";"05770036";"Preußisch Oldendorf";"Börninghausen";
31579;"32361";"05770036";"Preußisch Oldendorf";"Engershausen";
31588;"32361";"05770036";"Preußisch Oldendorf";"Gem Bad Essen";
31590;"32361";"05770036";"Preußisch Oldendorf";"Gem Rödinghausen";
31580;"32361";"05770036";"Preußisch Oldendorf";"Getmold";
31581;"32361";"05770036";"Preußisch Oldendorf";"Harlinghausen";
31582;"32361";"05770036";"Preußisch Oldendorf";"Hedem";
31583;"32361";"05770036";"Preußisch Oldendorf";"Holzhausen";
31584;"32361";"05770036";"Preußisch Oldendorf";"Lashorst";
31585;"32361";"05770036";"Preußisch Oldendorf";"Offelten";
31586;"32361";"05770036";"Preußisch Oldendorf";"Preußisch Oldendorf";
31587;"32361";"05770036";"Preußisch Oldendorf";"Schröttinghausen";
31589;"32361";"05770036";"Preußisch Oldendorf";"Stadt Melle";
31631;"32369";"05770040";"Rahden";"Kleinendorf";
31632;"32369";"05770040";"Rahden";"Pr. Ströhen";
31633;"32369";"05770040";"Rahden";"Rahden";
31634;"32369";"05770040";"Rahden";"Sielhorst";
31635;"32369";"05770040";"Rahden";"Tonnenheide";
31636;"32369";"05770040";"Rahden";"Varl";
31637;"32369";"05770040";"Rahden";"Wehe";
30572;"32423";"05770024";"Minden";"Aminghausen";
30575;"32423";"05770024";"Minden";"Dankersen";
30581;"32423";"05770024";"Minden";"Innenstadt";
30586;"32423";"05770024";"Minden";"Leteln";
30587;"32423";"05770024";"Minden";"Meißen";
30588;"32423";"05770024";"Minden";"Päpinghausen";
30582;"32425";"05770024";"Minden";"Innenstadt";
30585;"32425";"05770024";"Minden";"Kutenhausen";
30591;"32425";"05770024";"Minden";"Minderheide";
30589;"32425";"05770024";"Minden";"Stemmer";
30590;"32425";"05770024";"Minden";"Todtenhausen";
30578;"32427";"05770024";"Minden";"Hahlen";
30583;"32427";"05770024";"Minden";"Innenstadt";
30574;"32429";"05770024";"Minden";"Barkhausen";
30573;"32429";"05770024";"Minden";"Bölhorst";
30576;"32429";"05770024";"Minden";"Dützen";
30577;"32429";"05770024";"Minden";"Haddenhausen";
30579;"32429";"05770024";"Minden";"Hahlen";
30580;"32429";"05770024";"Minden";"Häverstädt";
30584;"32429";"05770024";"Minden";"Innenstadt";
31563;"32457";"05770032";"Porta Westfalica";"Barkhausen";
31564;"32457";"05770032";"Porta Westfalica";"Costedt";
31565;"32457";"05770032";"Porta Westfalica";"Eisbergen";
31566;"32457";"05770032";"Porta Westfalica";"Hausberge";
31567;"32457";"05770032";"Porta Westfalica";"Holtrup";
31568;"32457";"05770032";"Porta Westfalica";"Holzhausen";
31569;"32457";"05770032";"Porta Westfalica";"Kleinenbremen";
31570;"32457";"05770032";"Porta Westfalica";"Lerbeck";
31571;"32457";"05770032";"Porta Westfalica";"Lohfeld";
31572;"32457";"05770032";"Porta Westfalica";"Möllbergen";
31573;"32457";"05770032";"Porta Westfalica";"Nammen";
31574;"32457";"05770032";"Porta Westfalica";"Neesen";
31575;"32457";"05770032";"Porta Westfalica";"Veltheim";
31576;"32457";"05770032";"Porta Westfalica";"Vennebeck";
31577;"32457";"05770032";"Porta Westfalica";"Wülpke";
31517;"32469";"05770028";"Petershagen";"Bierde";
31518;"32469";"05770028";"Petershagen";"Buchholz";
31519;"32469";"05770028";"Petershagen";"Döhren";
31520;"32469";"05770028";"Petershagen";"Eldagsen";
31521;"32469";"05770028";"Petershagen";"Friedewalde";
31522;"32469";"05770028";"Petershagen";"Frille";
31546;"32469";"05770028";"Petershagen";"Gem Meerbeck";
31523;"32469";"05770028";"Petershagen";"Gorspen-Vahlsen";
31524;"32469";"05770028";"Petershagen";"Großenheerse";
31525;"32469";"05770028";"Petershagen";"Heimsen";
31526;"32469";"05770028";"Petershagen";"Hävern";
31527;"32469";"05770028";"Petershagen";"Ilse";
31528;"32469";"05770028";"Petershagen";"Ilserheide";
31529;"32469";"05770028";"Petershagen";"Ilvese";
31530;"32469";"05770028";"Petershagen";"Jössen";
31531;"32469";"05770028";"Petershagen";"Lahde";
31532;"32469";"05770028";"Petershagen";"Maaslingen";
31533;"32469";"05770028";"Petershagen";"Meßlingen";
31534;"32469";"05770028";"Petershagen";"Neuenknick";
31535;"32469";"05770028";"Petershagen";"Ovenstädt";
31536;"32469";"05770028";"Petershagen";"Petershagen";
31537;"32469";"05770028";"Petershagen";"Quetzen";
31538;"32469";"05770028";"Petershagen";"Raderhorst";
31539;"32469";"05770028";"Petershagen";"Rosenhagen";
31540;"32469";"05770028";"Petershagen";"Schlüsselburg";
31541;"32469";"05770028";"Petershagen";"Seelenfeld";
31542;"32469";"05770028";"Petershagen";"Südfelde";
31543;"32469";"05770028";"Petershagen";"Wasserstraße";
31544;"32469";"05770028";"Petershagen";"Wietersheim";
31545;"32469";"05770028";"Petershagen";"Windheim";
29191;"32479";"05770012";"Hille";"Eickhorst";
29192;"32479";"05770012";"Hille";"Hartum";
29193;"32479";"05770012";"Hille";"Hille";
29200;"32479";"05770012";"Hille";"Holzhausen";
29194;"32479";"05770012";"Hille";"Holzhausen II";
29195;"32479";"05770012";"Hille";"Nordhemmern";
29196;"32479";"05770012";"Hille";"Oberlübbe";
29197;"32479";"05770012";"Hille";"Rothenuffeln";
29198;"32479";"05770012";"Hille";"Südhemmern";
29199;"32479";"05770012";"Hille";"Unterlübbe";
26843;"32545";"05770004";"Bad Oeynhausen";"Innenstadt";
26846;"32545";"05770004";"Bad Oeynhausen";"Lohe";
26844;"32547";"05770004";"Bad Oeynhausen";"Innenstadt";
26847;"32547";"05770004";"Bad Oeynhausen";"Lohe";
26848;"32547";"05770004";"Bad Oeynhausen";"Rehme";
26841;"32549";"05770004";"Bad Oeynhausen";"Dehme";
26842;"32549";"05770004";"Bad Oeynhausen";"Eidinghausen";
26845;"32549";"05770004";"Bad Oeynhausen";"Innenstadt";
26849;"32549";"05770004";"Bad Oeynhausen";"Volmerdingsen";
26850;"32549";"05770004";"Bad Oeynhausen";"Werste";
26851;"32549";"05770004";"Bad Oeynhausen";"Wulferdingsen";
30219;"32584";"05758024";"Löhne";"Gohfeld";
30220;"32584";"05758024";"Löhne";"Löhne";
30221;"32584";"05758024";"Löhne";"Mennighüffen";
30222;"32584";"05758024";"Löhne";"Obernbeck";
30223;"32584";"05758024";"Löhne";"Ulenburg";
32605;"32602";"05758036";"Vlotho";"Exter";
32606;"32602";"05758036";"Vlotho";"Uffeln";
32607;"32602";"05758036";"Vlotho";"Valdorf";
32608;"32602";"05758036";"Vlotho";"Vlotho";
29277;"32609";"05770016";"Hüllhorst";"Ahlsen-Reineberg";
29278;"32609";"05770016";"Hüllhorst";"Bröderhausen";
29272;"32609";"05770016";"Hüllhorst";"Büttendorf";
29279;"32609";"05770016";"Hüllhorst";"Holsen";
29273;"32609";"05770016";"Hüllhorst";"Hüllhorst";
29274;"32609";"05770016";"Hüllhorst";"Oberbauerschaft";
29275;"32609";"05770016";"Hüllhorst";"Schnathorst";
29276;"32609";"05770016";"Hüllhorst";"Tengern";
30023;"32657";"05766044";"Lemgo";"Brake";
30037;"32657";"05766044";"Lemgo";"Brüntorf";
30024;"32657";"05766044";"Lemgo";"Entrup";
30039;"32657";"05766044";"Lemgo";"Gem Kalletal";
30025;"32657";"05766044";"Lemgo";"Hörstmar";
30040;"32657";"05766044";"Lemgo";"Kirchheide";
30027;"32657";"05766044";"Lemgo";"Leese";
30028;"32657";"05766044";"Lemgo";"Lemgo";
30029;"32657";"05766044";"Lemgo";"Lieme";
30030;"32657";"05766044";"Lemgo";"Luherheide";
30031;"32657";"05766044";"Lemgo";"Lüerdissen";
30026;"32657";"05766044";"Lemgo";"Matorf-Kirchheide";
30038;"32657";"05766044";"Lemgo";"Trophagen";
30032;"32657";"05766044";"Lemgo";"Voßheide";
30033;"32657";"05766044";"Lemgo";"Wahmbeck";
30034;"32657";"05766044";"Lemgo";"Wahmbeckerheide";
30036;"32657";"05766044";"Lemgo";"Welstorf";
30035;"32657";"05766044";"Lemgo";"Wiembeck";
30294;"32676";"05766052";"Lügde";"Elbrinxen";
30295;"32676";"05766052";"Lügde";"Falkenhagen";
30296;"32676";"05766052";"Lügde";"Hummersen";
30297;"32676";"05766052";"Lügde";"Köterberg";
30298;"32676";"05766052";"Lügde";"Lügde";
30299;"32676";"05766052";"Lügde";"Niese";
30300;"32676";"05766052";"Lügde";"Rischenau";
30301;"32676";"05766052";"Lügde";"Sabbenhausen";
30302;"32676";"05766052";"Lügde";"Wörderfeld";
26902;"32683";"05766012";"Barntrup";"Alverdissen";
26903;"32683";"05766012";"Barntrup";"Barntrup";
26904;"32683";"05766012";"Barntrup";"Selbeck";
26905;"32683";"05766012";"Barntrup";"Sommersell";
26906;"32683";"05766012";"Barntrup";"Sonneborn";
29490;"32689";"05766036";"Kalletal";"Asendorf";
29491;"32689";"05766036";"Kalletal";"Bavenhausen";
29492;"32689";"05766036";"Kalletal";"Bentorf";
29493;"32689";"05766036";"Kalletal";"Brosen";
29494;"32689";"05766036";"Kalletal";"Erder";
29495;"32689";"05766036";"Kalletal";"Harkemissen";
29496;"32689";"05766036";"Kalletal";"Heidelbeck";
29497;"32689";"05766036";"Kalletal";"Henstorf";
29498;"32689";"05766036";"Kalletal";"Hohenhausen";
29499;"32689";"05766036";"Kalletal";"Kalldorf";
29500;"32689";"05766036";"Kalletal";"Langenholzhausen";
29501;"32689";"05766036";"Kalletal";"Lüdenhausen";
29502;"32689";"05766036";"Kalletal";"Osterhagen";
29503;"32689";"05766036";"Kalletal";"Stemmen";
29504;"32689";"05766036";"Kalletal";"Talle";
29505;"32689";"05766036";"Kalletal";"Varenholz";
29506;"32689";"05766036";"Kalletal";"Westorf";
27554;"32694";"05766024";"Dörentrup";"Bega";
27555;"32694";"05766024";"Dörentrup";"Hillentrup";
27556;"32694";"05766024";"Dörentrup";"Humfeld";
27557;"32694";"05766024";"Dörentrup";"Schwelentrup";
27558;"32694";"05766024";"Dörentrup";"Wendlinghausen";
28421;"32699";"05766028";"Extertal";"Almena";
28422;"32699";"05766028";"Extertal";"Asmissen";
28424;"32699";"05766028";"Extertal";"Bremke";
28423;"32699";"05766028";"Extertal";"Bösingfeld";
28425;"32699";"05766028";"Extertal";"Göstrup";
28426;"32699";"05766028";"Extertal";"Kükenbruch";
28427;"32699";"05766028";"Extertal";"Laßbruch";
28428;"32699";"05766028";"Extertal";"Meierberg";
28429;"32699";"05766028";"Extertal";"Nalhof";
28430;"32699";"05766028";"Extertal";"Rott";
28431;"32699";"05766028";"Extertal";"Schönhagen";
28432;"32699";"05766028";"Extertal";"Silixen";
27519;"32756";"05766020";"Detmold";"Heiligenkirchen";
27521;"32756";"05766020";"Detmold";"Hiddesen";
27524;"32756";"05766020";"Detmold";"Innenstadt";
27527;"32756";"05766020";"Detmold";"Jerxen-Orbke";
27512;"32758";"05766020";"Detmold";"Barkhausen";
27513;"32758";"05766020";"Detmold";"Bentrup-Loßbruch";
27515;"32758";"05766020";"Detmold";"Brokhausen";
27517;"32758";"05766020";"Detmold";"Hakedahl";
27518;"32758";"05766020";"Detmold";"Heidenoldendorf";
27525;"32758";"05766020";"Detmold";"Innenstadt";
27528;"32758";"05766020";"Detmold";"Jerxen-Orbke";
27529;"32758";"05766020";"Detmold";"Klüt";
27530;"32758";"05766020";"Detmold";"Mosebeck";
27532;"32758";"05766020";"Detmold";"Nienhagen";
27533;"32758";"05766020";"Detmold";"Niewald";
27535;"32758";"05766020";"Detmold";"Oettern-Bremke";
27536;"32758";"05766020";"Detmold";"Pivitsheide";
27540;"32758";"05766020";"Detmold";"Vahlhausen";
27514;"32760";"05766020";"Detmold";"Berlebeck";
27516;"32760";"05766020";"Detmold";"Diestelbruch";
27520;"32760";"05766020";"Detmold";"Heiligenkirchen";
27522;"32760";"05766020";"Detmold";"Hiddesen";
27523;"32760";"05766020";"Detmold";"Hornoldendorf";
27526;"32760";"05766020";"Detmold";"Innenstadt";
27531;"32760";"05766020";"Detmold";"Niederschönhagen";
27534;"32760";"05766020";"Detmold";"Oberschönhagen";
27537;"32760";"05766020";"Detmold";"Pivitsheide";
27542;"32760";"05766020";"Detmold";"Remmighausen";
27538;"32760";"05766020";"Detmold";"Schönemark";
27539;"32760";"05766020";"Detmold";"Spork-Eichholz";
27541;"32760";"05766020";"Detmold";"Vahlhausen";
29984;"32791";"05766040";"Lage";"Billinghausen";
29985;"32791";"05766040";"Lage";"Ehrentrup";
29987;"32791";"05766040";"Lage";"Hagen";
29988;"32791";"05766040";"Lage";"Hardissen";
29989;"32791";"05766040";"Lage";"Heiden";
29990;"32791";"05766040";"Lage";"Heßloh";
29986;"32791";"05766040";"Lage";"Hörste";
29991;"32791";"05766040";"Lage";"Kachtenhausen";
29992;"32791";"05766040";"Lage";"Lage";
29993;"32791";"05766040";"Lage";"Müssen";
29994;"32791";"05766040";"Lage";"Ohrsen";
29995;"32791";"05766040";"Lage";"Pottenhausen";
29996;"32791";"05766040";"Lage";"Waddenhausen";
29997;"32791";"05766040";"Lage";"Wissentrup";
29230;"32805";"05766032";"Horn-Bad Meinberg";"Bad Meinberg";
29231;"32805";"05766032";"Horn-Bad Meinberg";"Belle";
29232;"32805";"05766032";"Horn-Bad Meinberg";"Bellenberg";
29233;"32805";"05766032";"Horn-Bad Meinberg";"Billerbeck";
29234;"32805";"05766032";"Horn-Bad Meinberg";"Fissenknick";
29235;"32805";"05766032";"Horn-Bad Meinberg";"Fromhausen";
29236;"32805";"05766032";"Horn-Bad Meinberg";"Heesten";
29237;"32805";"05766032";"Horn-Bad Meinberg";"Holzhausen-Externsteine";
29238;"32805";"05766032";"Horn-Bad Meinberg";"Horn";
29239;"32805";"05766032";"Horn-Bad Meinberg";"Kempenfeldrom";
29240;"32805";"05766032";"Horn-Bad Meinberg";"Leopoldstal";
29241;"32805";"05766032";"Horn-Bad Meinberg";"Schmedissen";
29242;"32805";"05766032";"Horn-Bad Meinberg";"Vahlhausen";
29245;"32805";"05766032";"Horn-Bad Meinberg";"Veldrom";
29243;"32805";"05766032";"Horn-Bad Meinberg";"Wehren";
29244;"32805";"05766032";"Horn-Bad Meinberg";"Wilberg";
32070;"32816";"05766060";"Schieder-Schwalenberg";"Brakelsiek";
32071;"32816";"05766060";"Schieder-Schwalenberg";"Glashütte";
32078;"32816";"05766060";"Schieder-Schwalenberg";"Kreienberg";
32072;"32816";"05766060";"Schieder-Schwalenberg";"Lothe";
32073;"32816";"05766060";"Schieder-Schwalenberg";"Ruensiek";
32074;"32816";"05766060";"Schieder-Schwalenberg";"Schieder";
32075;"32816";"05766060";"Schieder-Schwalenberg";"Schwalenberg";
32076;"32816";"05766060";"Schieder-Schwalenberg";"Siekholz";
32077;"32816";"05766060";"Schieder-Schwalenberg";"Wöbbel";
27113;"32825";"05766016";"Blomberg";"Altendonop";
27095;"32825";"05766016";"Blomberg";"Blomberg";
27096;"32825";"05766016";"Blomberg";"Brüntrup";
27097;"32825";"05766016";"Blomberg";"Cappel";
27098;"32825";"05766016";"Blomberg";"Dalborn";
27099;"32825";"05766016";"Blomberg";"Donop";
27100;"32825";"05766016";"Blomberg";"Eschenbruch";
27101;"32825";"05766016";"Blomberg";"Großenmarpe";
27103;"32825";"05766016";"Blomberg";"Herrentrup";
27102;"32825";"05766016";"Blomberg";"Höntrup";
27104;"32825";"05766016";"Blomberg";"Istrup";
27105;"32825";"05766016";"Blomberg";"Kleinenmarpe";
27106;"32825";"05766016";"Blomberg";"Maspe";
27107;"32825";"05766016";"Blomberg";"Mossenberg";
27108;"32825";"05766016";"Blomberg";"Reelkirchen";
27109;"32825";"05766016";"Blomberg";"Siebenhöfen";
27110;"32825";"05766016";"Blomberg";"Tintrup";
27112;"32825";"05766016";"Blomberg";"Wellentrup";
27111;"32825";"05766016";"Blomberg";"Wöhren";
32367;"32839";"05762032";"Steinheim";"Bergheim";
32368;"32839";"05762032";"Steinheim";"Eichholz";
32369;"32839";"05762032";"Steinheim";"Grevenhagen";
32370;"32839";"05762032";"Steinheim";"Hagedorn";
32371;"32839";"05762032";"Steinheim";"Ottenhausen";
32372;"32839";"05762032";"Steinheim";"Rolfzen";
32373;"32839";"05762032";"Steinheim";"Sandebeck";
32374;"32839";"05762032";"Steinheim";"Steinheim";
32375;"32839";"05762032";"Steinheim";"Vinsebeck";
26751;"33014";"05762004";"Bad Driburg";"Alhausen";
26752;"33014";"05762004";"Bad Driburg";"Bad Driburg";
26753;"33014";"05762004";"Bad Driburg";"Bad Hermannsborn";
26754;"33014";"05762004";"Bad Driburg";"Dringenberg";
26755;"33014";"05762004";"Bad Driburg";"Erpentrup";
26756;"33014";"05762004";"Bad Driburg";"Herste";
26757;"33014";"05762004";"Bad Driburg";"Kühlsen";
26758;"33014";"05762004";"Bad Driburg";"Langeland";
26759;"33014";"05762004";"Bad Driburg";"Neuenheerse";
26760;"33014";"05762004";"Bad Driburg";"Pömbsen";
26761;"33014";"05762004";"Bad Driburg";"Reelsen";
26762;"33014";"05762004";"Bad Driburg";"Siebenstern";
27378;"33034";"05762016";"Brakel";"Auenhausen";
27380;"33034";"05762016";"Brakel";"Beller";
27381;"33034";"05762016";"Brakel";"Bellersen";
27382;"33034";"05762016";"Brakel";"Brakel";
27379;"33034";"05762016";"Brakel";"Bökendorf";
27383;"33034";"05762016";"Brakel";"Erkeln";
27384;"33034";"05762016";"Brakel";"Frohnhausen";
27385;"33034";"05762016";"Brakel";"Gehrden";
27386;"33034";"05762016";"Brakel";"Hampenhausen";
27387;"33034";"05762016";"Brakel";"Hembsen";
27388;"33034";"05762016";"Brakel";"Hinnenburg";
27389;"33034";"05762016";"Brakel";"Istrup";
27390;"33034";"05762016";"Brakel";"Rheder";
27391;"33034";"05762016";"Brakel";"Riesel";
27392;"33034";"05762016";"Brakel";"Schmechten";
27393;"33034";"05762016";"Brakel";"Siddessen";
31206;"33039";"05762028";"Nieheim";"Entrup";
31200;"33039";"05762028";"Nieheim";"Himmighausen";
31204;"33039";"05762028";"Nieheim";"Holzhausen";
31205;"33039";"05762028";"Nieheim";"Merlsheim";
31201;"33039";"05762028";"Nieheim";"Nieheim";
31202;"33039";"05762028";"Nieheim";"Oeynhausen";
31203;"33039";"05762028";"Nieheim";"Sommersell";
31498;"33098";"05774032";"Paderborn";"Kernstadt";
31494;"33100";"05774032";"Paderborn";"Benhausen";
31495;"33100";"05774032";"Paderborn";"Dahl";
31499;"33100";"05774032";"Paderborn";"Kernstadt";
31503;"33100";"05774032";"Paderborn";"Marienloh";
31506;"33100";"05774032";"Paderborn";"Neuenbeken";
31500;"33102";"05774032";"Paderborn";"Kernstadt";
31504;"33102";"05774032";"Paderborn";"Marienloh";
31509;"33102";"05774032";"Paderborn";"Schloß Neuhaus";
31496;"33104";"05774032";"Paderborn";"Elsen";
31501;"33104";"05774032";"Paderborn";"Kernstadt";
31505;"33104";"05774032";"Paderborn";"Marienloh";
31507;"33104";"05774032";"Paderborn";"Sande";
31510;"33104";"05774032";"Paderborn";"Schloß Neuhaus";
31512;"33104";"05774032";"Paderborn";"Sennelager";
31497;"33106";"05774032";"Paderborn";"Elsen";
31502;"33106";"05774032";"Paderborn";"Kernstadt";
31508;"33106";"05774032";"Paderborn";"Sande";
31511;"33106";"05774032";"Paderborn";"Schloß Neuhaus";
31513;"33106";"05774032";"Paderborn";"Sennelager";
31515;"33106";"05774032";"Paderborn";"Wewer";
27502;"33129";"05774020";"Delbrück";"Anreppen";
27503;"33129";"05774020";"Delbrück";"Bentfeld";
27504;"33129";"05774020";"Delbrück";"Boke";
27505;"33129";"05774020";"Delbrück";"Delbrück";
27506;"33129";"05774020";"Delbrück";"Hagen";
27507;"33129";"05774020";"Delbrück";"Lippling";
27508;"33129";"05774020";"Delbrück";"Ostenland";
27509;"33129";"05774020";"Delbrück";"Schöning";
27510;"33129";"05774020";"Delbrück";"Steinhorst";
27511;"33129";"05774020";"Delbrück";"Westenholz";
27439;"33142";"05774016";"Büren";"Ahden";
27440;"33142";"05774016";"Büren";"Barkhausen";
27441;"33142";"05774016";"Büren";"Brenken";
27442;"33142";"05774016";"Büren";"Büren";
27443;"33142";"05774016";"Büren";"Eickhoff";
27444;"33142";"05774016";"Büren";"Harth";
27445;"33142";"05774016";"Büren";"Hegensdorf";
27446;"33142";"05774016";"Büren";"Siddinghausen";
27447;"33142";"05774016";"Büren";"Steinhausen";
27448;"33142";"05774016";"Büren";"Weiberg";
27449;"33142";"05774016";"Büren";"Weine";
27450;"33142";"05774016";"Büren";"Wewelsburg";
31516;"33154";"05774032";"Paderborn";"Wewer";
32031;"33154";"05774036";"Salzkotten";"Mantinghausen";
32032;"33154";"05774036";"Salzkotten";"Niederntudorf";
32033;"33154";"05774036";"Salzkotten";"Oberntudorf";
32034;"33154";"05774036";"Salzkotten";"Salzkotten";
32035;"33154";"05774036";"Salzkotten";"Scharmede";
32036;"33154";"05774036";"Salzkotten";"Schwelle";
32037;"33154";"05774036";"Salzkotten";"Thüle";
32038;"33154";"05774036";"Salzkotten";"Upsprunge";
32039;"33154";"05774036";"Salzkotten";"Verlar";
32040;"33154";"05774036";"Salzkotten";"Verne";
29205;"33161";"05774024";"Hövelhof";"Espeln";
29206;"33161";"05774024";"Hövelhof";"Hövelhof";
29207;"33161";"05774024";"Hövelhof";"Hövelriege";
29208;"33161";"05774024";"Hövelhof";"Klausheide";
29209;"33161";"05774024";"Hövelhof";"Riege";
29210;"33161";"05774024";"Hövelhof";"Staumühle";
31514;"33161";"05774032";"Paderborn";"Sennelager";
30117;"33165";"05774028";"Lichtenau";"Asseln";
30118;"33165";"05774028";"Lichtenau";"Atteln";
30119;"33165";"05774028";"Lichtenau";"Blankenrode";
30120;"33165";"05774028";"Lichtenau";"Dalheim";
30121;"33165";"05774028";"Lichtenau";"Ebbinghausen";
30122;"33165";"05774028";"Lichtenau";"Grundsteinheim";
30123;"33165";"05774028";"Lichtenau";"Hakenberg";
30124;"33165";"05774028";"Lichtenau";"Henglarn";
30125;"33165";"05774028";"Lichtenau";"Herbram";
30126;"33165";"05774028";"Lichtenau";"Herbram-Wald";
30127;"33165";"05774028";"Lichtenau";"Holtheim";
30128;"33165";"05774028";"Lichtenau";"Husen";
30129;"33165";"05774028";"Lichtenau";"Iggenhausen";
30130;"33165";"05774028";"Lichtenau";"Kleinenberg";
30131;"33165";"05774028";"Lichtenau";"Lichtenau";
27308;"33178";"05774012";"Borchen";"Alfen";
27309;"33178";"05774012";"Borchen";"Dörenhagen";
27310;"33178";"05774012";"Borchen";"Etteln";
27311;"33178";"05774012";"Borchen";"Kirchborchen";
27312;"33178";"05774012";"Borchen";"Nordborchen";
27313;"33178";"05774012";"Borchen";"Schloß Hamborn";
26887;"33181";"05774040";"Bad Wünnenberg";"Bad Wünnenberg";
26881;"33181";"05774040";"Bad Wünnenberg";"Bleiwäsche";
26882;"33181";"05774040";"Bad Wünnenberg";"Elisenhof";
26883;"33181";"05774040";"Bad Wünnenberg";"Fürstenberg";
26884;"33181";"05774040";"Bad Wünnenberg";"Haaren";
26885;"33181";"05774040";"Bad Wünnenberg";"Helmern";
26886;"33181";"05774040";"Bad Wünnenberg";"Leiberg";
26630;"33184";"05774004";"Altenbeken";"Altenbeken";
26631;"33184";"05774004";"Altenbeken";"Buke";
26632;"33184";"05774004";"Altenbeken";"Schwaney";
32079;"33189";"05766064";"Schlangen";"Kohlstädt";
32080;"33189";"05766064";"Schlangen";"Oesterholz-Haustenbeck";
32081;"33189";"05766064";"Schlangen";"Schlangen";
28676;"33330";"05754008";"Gütersloh";"Innenstadt";
28677;"33332";"05754008";"Gütersloh";"Innenstadt";
28682;"33332";"05754008";"Gütersloh";"Spexard";
28683;"33333";"05754008";"Gütersloh";"Spexard";
28671;"33334";"05754008";"Gütersloh";"Avenwedde";
28673;"33334";"05754008";"Gütersloh";"Ebbesloh";
28675;"33334";"05754008";"Gütersloh";"Hollen";
28678;"33334";"05754008";"Gütersloh";"Innenstadt";
28680;"33334";"05754008";"Gütersloh";"Isselhorst";
28681;"33334";"05754008";"Gütersloh";"Niehorst";
28684;"33334";"05754008";"Gütersloh";"Spexard";
28672;"33335";"05754008";"Gütersloh";"Avenwedde";
28674;"33335";"05754008";"Gütersloh";"Friedrichsdorf";
28679;"33335";"05754008";"Gütersloh";"Innenstadt";
28685;"33335";"05754008";"Gütersloh";"Spexard";
31822;"33378";"05754028";"Rheda-Wiedenbrück";"Batenhorst";
31823;"33378";"05754028";"Rheda-Wiedenbrück";"Lintel";
31824;"33378";"05754028";"Rheda-Wiedenbrück";"Rheda";
31826;"33378";"05754028";"Rheda-Wiedenbrück";"St Vit";
31825;"33378";"05754028";"Rheda-Wiedenbrück";"Wiedenbrück";
31903;"33397";"05754032";"Rietberg";"Bokel";
31904;"33397";"05754032";"Rietberg";"Druffel";
31905;"33397";"05754032";"Rietberg";"Mastholte";
31906;"33397";"05754032";"Rietberg";"Neuenkirchen";
31907;"33397";"05754032";"Rietberg";"Rietberg";
31908;"33397";"05754032";"Rietberg";"Varensell";
31909;"33397";"05754032";"Rietberg";"Westerwiehe";
32548;"33415";"05754044";"Verl";"Bornholte Bhf";
32549;"33415";"05754044";"Verl";"Kaunitz";
32550;"33415";"05754044";"Verl";"Sende";
32551;"33415";"05754044";"Verl";"Sürenheide";
32552;"33415";"05754044";"Verl";"Verl";
28886;"33428";"05754016";"Harsewinkel";"Greffen";
28887;"33428";"05754016";"Harsewinkel";"Harsewinkel";
29167;"33442";"05754020";"Herzebrock-Clarholz";"Clarholz";
29168;"33442";"05754020";"Herzebrock-Clarholz";"Herzebrock";
29998;"33449";"05754024";"Langenberg";"Benteler";
29999;"33449";"05754024";"Langenberg";"Langenberg";
27047;"33602";"05711000";"Bielefeld";"Innenstadt";
27048;"33604";"05711000";"Bielefeld";"Innenstadt";
27070;"33604";"05711000";"Bielefeld";"Sieker";
27071;"33605";"05711000";"Bielefeld";"Sieker";
27072;"33605";"05711000";"Bielefeld";"Stieghorst";
27049;"33607";"05711000";"Bielefeld";"Innenstadt";
27030;"33609";"05711000";"Bielefeld";"Baumheide";
27050;"33609";"05711000";"Bielefeld";"Innenstadt";
27063;"33609";"05711000";"Bielefeld";"Schildesche";
27064;"33611";"05711000";"Bielefeld";"Schildesche";
27028;"33613";"05711000";"Bielefeld";"Babenhausen";
27039;"33613";"05711000";"Bielefeld";"Gellershagen";
27051;"33613";"05711000";"Bielefeld";"Innenstadt";
27040;"33615";"05711000";"Bielefeld";"Gellershagen";
27052;"33615";"05711000";"Bielefeld";"Innenstadt";
27038;"33617";"05711000";"Bielefeld";"Gadderbaum";
27053;"33617";"05711000";"Bielefeld";"Innenstadt";
27029;"33619";"05711000";"Bielefeld";"Babenhausen";
27036;"33619";"05711000";"Bielefeld";"Deppendorf";
27041;"33619";"05711000";"Bielefeld";"Großdornberg";
27045;"33619";"05711000";"Bielefeld";"Hoberge-Uerentrup";
27054;"33619";"05711000";"Bielefeld";"Innenstadt";
27056;"33619";"05711000";"Bielefeld";"Kirchdornberg";
27059;"33619";"05711000";"Bielefeld";"Niederdornberg";
27065;"33619";"05711000";"Bielefeld";"Schröttinghausen";
27032;"33647";"05711000";"Bielefeld";"Brackwede";
27067;"33647";"05711000";"Bielefeld";"Senne";
27075;"33647";"05711000";"Bielefeld";"Ummeln";
27033;"33649";"05711000";"Bielefeld";"Brackwede";
27046;"33649";"05711000";"Bielefeld";"Holtkamp";
27062;"33649";"05711000";"Bielefeld";"Quelle";
27076;"33649";"05711000";"Bielefeld";"Ummeln";
27068;"33659";"05711000";"Bielefeld";"Senne";
27035;"33689";"05711000";"Bielefeld";"Dalbke";
27069;"33689";"05711000";"Bielefeld";"Sennestadt";
27042;"33699";"05711000";"Bielefeld";"Gräfinghagen";
27044;"33699";"05711000";"Bielefeld";"Hillegossen";
27057;"33699";"05711000";"Bielefeld";"Lämershagen";
27074;"33699";"05711000";"Bielefeld";"Ubbedissen";
27031;"33719";"05711000";"Bielefeld";"Brönninghausen";
27043;"33719";"05711000";"Bielefeld";"Heepen";
27061;"33719";"05711000";"Bielefeld";"Oldentrup";
27027;"33729";"05711000";"Bielefeld";"Altenhagen";
27034;"33729";"05711000";"Bielefeld";"Brake";
27058;"33729";"05711000";"Bielefeld";"Milse";
27037;"33739";"05711000";"Bielefeld";"Deppendorf";
27055;"33739";"05711000";"Bielefeld";"Jöllenbeck";
27060;"33739";"05711000";"Bielefeld";"Niederdornberg";
27066;"33739";"05711000";"Bielefeld";"Schröttinghausen";
27073;"33739";"05711000";"Bielefeld";"Theesen";
27077;"33739";"05711000";"Bielefeld";"Vilsendorf";
32101;"33758";"05754036";"Schloß Holte-Stukenbrock";"Liemke";
32102;"33758";"05754036";"Schloß Holte-Stukenbrock";"Schloß Holte";
32103;"33758";"05754036";"Schloß Holte-Stukenbrock";"Sende";
32104;"33758";"05754036";"Schloß Holte-Stukenbrock";"Stukenbrock";
32105;"33758";"05754036";"Schloß Holte-Stukenbrock";"Stukenbrock-Senne";
32553;"33775";"05754048";"Versmold";"Bockhorst";
32554;"33775";"05754048";"Versmold";"Hesselteich";
32555;"33775";"05754048";"Versmold";"Loxten";
32556;"33775";"05754048";"Versmold";"Oesterweg";
32557;"33775";"05754048";"Versmold";"Peckeloh";
32558;"33775";"05754048";"Versmold";"Versmold";
28802;"33790";"05754012";"Halle (Westf.)";"Ascheloh";
28803;"33790";"05754012";"Halle (Westf.)";"Bokel";
28804;"33790";"05754012";"Halle (Westf.)";"Eggeberg";
28806;"33790";"05754012";"Halle (Westf.)";"Halle";
28807;"33790";"05754012";"Halle (Westf.)";"Hesseln";
28805;"33790";"05754012";"Halle (Westf.)";"Hörste";
28808;"33790";"05754012";"Halle (Westf.)";"Kölkebeck";
28809;"33790";"05754012";"Halle (Westf.)";"Künsebeck";
32364;"33803";"05754040";"Steinhagen";"Amshausen";
32365;"33803";"05754040";"Steinhagen";"Brockhagen";
32366;"33803";"05754040";"Steinhagen";"Steinhagen";
31425;"33813";"05766056";"Oerlinghausen";"Helpup";
31426;"33813";"05766056";"Oerlinghausen";"Lipperreihe";
31427;"33813";"05766056";"Oerlinghausen";"Oerlinghausen";
31428;"33813";"05766056";"Oerlinghausen";"Währentrup";
30093;"33818";"05766048";"Leopoldshöhe";"Asemissen";
30094;"33818";"05766048";"Leopoldshöhe";"Bechterdissen";
30095;"33818";"05766048";"Leopoldshöhe";"Bexterhagen";
30096;"33818";"05766048";"Leopoldshöhe";"Greste";
30097;"33818";"05766048";"Leopoldshöhe";"Krentrup";
30098;"33818";"05766048";"Leopoldshöhe";"Leopoldshöhe";
30099;"33818";"05766048";"Leopoldshöhe";"Nienhagen";
30100;"33818";"05766048";"Leopoldshöhe";"Schuckenbaum";
32888;"33824";"05754052";"Werther (Westf.)";"Häger";
32889;"33824";"05754052";"Werther (Westf.)";"Theenhausen";
32890;"33824";"05754052";"Werther (Westf.)";"Werther";
27326;"33829";"05754004";"Borgholzhausen";"Barnhausen";
27327;"33829";"05754004";"Borgholzhausen";"Berghausen";
27328;"33829";"05754004";"Borgholzhausen";"Borgholzhausen";
27329;"33829";"05754004";"Borgholzhausen";"Casum";
27330;"33829";"05754004";"Borgholzhausen";"Cleve";
27331;"33829";"05754004";"Borgholzhausen";"Hamlingdorf";
27332;"33829";"05754004";"Borgholzhausen";"Holtfeld";
27333;"33829";"05754004";"Borgholzhausen";"Kleekamp";
27334;"33829";"05754004";"Borgholzhausen";"Oldendorf";
27335;"33829";"05754004";"Borgholzhausen";"Ostbarthausen";
27336;"33829";"05754004";"Borgholzhausen";"Westbarthausen";
27337;"33829";"05754004";"Borgholzhausen";"Wichlinghausen";
32717;"34414";"05762036";"Warburg";"Bonenburg";
32718;"34414";"05762036";"Warburg";"Calenberg";
32720;"34414";"05762036";"Warburg";"Dalheim";
32721;"34414";"05762036";"Warburg";"Daseburg";
32719;"34414";"05762036";"Warburg";"Dössel";
32722;"34414";"05762036";"Warburg";"Germete";
32723;"34414";"05762036";"Warburg";"Herlinghausen";
32724;"34414";"05762036";"Warburg";"Hohenwepel";
32725;"34414";"05762036";"Warburg";"Menne";
32726;"34414";"05762036";"Warburg";"Nörde";
32727;"34414";"05762036";"Warburg";"Ossendorf";
32728;"34414";"05762036";"Warburg";"Rimbeck";
32729;"34414";"05762036";"Warburg";"Scherfede";
32730;"34414";"05762036";"Warburg";"Warburg";
32731;"34414";"05762036";"Warburg";"Welda";
32732;"34414";"05762036";"Warburg";"Wormeln";
30402;"34431";"05958024";"Marsberg";"Beringhausen";
30403;"34431";"05958024";"Marsberg";"Borntosten";
30404;"34431";"05958024";"Marsberg";"Bredelar";
30405;"34431";"05958024";"Marsberg";"Canstein";
30406;"34431";"05958024";"Marsberg";"Erlinghausen";
30407;"34431";"05958024";"Marsberg";"Essentho";
30419;"34431";"05958024";"Marsberg";"Gemeinde Diemelsee";
30408;"34431";"05958024";"Marsberg";"Giershagen";
30409;"34431";"05958024";"Marsberg";"Heddinghausen";
30410;"34431";"05958024";"Marsberg";"Helminghausen";
30411;"34431";"05958024";"Marsberg";"Leitmar";
30412;"34431";"05958024";"Marsberg";"Meerhof";
30413;"34431";"05958024";"Marsberg";"Niedermarsberg";
30414;"34431";"05958024";"Marsberg";"Obermarsberg";
30415;"34431";"05958024";"Marsberg";"Oesdorf";
30416;"34431";"05958024";"Marsberg";"Padberg";
30417;"34431";"05958024";"Marsberg";"Udorf";
30418;"34431";"05958024";"Marsberg";"Westheim";
27314;"34434";"05762012";"Borgentreich";"Borgentreich";
27315;"34434";"05762012";"Borgentreich";"Borgholz";
27316;"34434";"05762012";"Borgentreich";"Bühne";
27317;"34434";"05762012";"Borgentreich";"Drankhausen";
27318;"34434";"05762012";"Borgentreich";"Großeneder";
27319;"34434";"05762012";"Borgentreich";"Körbecke";
27320;"34434";"05762012";"Borgentreich";"Lütgeneder";
27321;"34434";"05762012";"Borgentreich";"Manrode";
27322;"34434";"05762012";"Borgentreich";"Muddenhagen";
27323;"34434";"05762012";"Borgentreich";"Natingen";
27324;"34434";"05762012";"Borgentreich";"Natzungen";
27325;"34434";"05762012";"Borgentreich";"Rösebeck";
32984;"34439";"05762040";"Willebadessen";"Altenheerse";
32985;"34439";"05762040";"Willebadessen";"Borlinghausen";
32986;"34439";"05762040";"Willebadessen";"Eissen";
32987;"34439";"05762040";"Willebadessen";"Engar";
32988;"34439";"05762040";"Willebadessen";"Fölsen";
32989;"34439";"05762040";"Willebadessen";"Helmern";
32990;"34439";"05762040";"Willebadessen";"Ikenhausen";
32991;"34439";"05762040";"Willebadessen";"Löwen";
32992;"34439";"05762040";"Willebadessen";"Niesen";
32993;"34439";"05762040";"Willebadessen";"Peckelsheim";
32994;"34439";"05762040";"Willebadessen";"Schweckhausen";
32995;"34439";"05762040";"Willebadessen";"Willebadessen";
32996;"34439";"05762040";"Willebadessen";"Willegassen";
29211;"37671";"05762020";"Höxter";"Albaxen";
29213;"37671";"05762020";"Höxter";"Bosseborn";
29214;"37671";"05762020";"Höxter";"Brenkhausen";
29215;"37671";"05762020";"Höxter";"Bruchhausen";
29212;"37671";"05762020";"Höxter";"Bödexen";
29216;"37671";"05762020";"Höxter";"Fürstenau";
29217;"37671";"05762020";"Höxter";"Godelheim";
29218;"37671";"05762020";"Höxter";"Höxter";
29219;"37671";"05762020";"Höxter";"Lüchtringen";
29220;"37671";"05762020";"Höxter";"Lütmarsen";
29221;"37671";"05762020";"Höxter";"Ottbergen";
29222;"37671";"05762020";"Höxter";"Ovenhausen";
29223;"37671";"05762020";"Höxter";"Stahle";
27015;"37688";"05762008";"Beverungen";"Amelunxen";
27016;"37688";"05762008";"Beverungen";"Beverungen";
27017;"37688";"05762008";"Beverungen";"Blankenau";
27018;"37688";"05762008";"Beverungen";"Dalhausen";
27019;"37688";"05762008";"Beverungen";"Drenke";
27020;"37688";"05762008";"Beverungen";"Haarbrück";
27021;"37688";"05762008";"Beverungen";"Herstelle";
27022;"37688";"05762008";"Beverungen";"Jakobsberg";
27023;"37688";"05762008";"Beverungen";"Rothe";
27024;"37688";"05762008";"Beverungen";"Tietelsen";
27025;"37688";"05762008";"Beverungen";"Wehrden";
27026;"37688";"05762008";"Beverungen";"Würgassen";
30370;"37696";"05762024";"Marienmünster";"Altenbergen";
30371;"37696";"05762024";"Marienmünster";"Born";
30372;"37696";"05762024";"Marienmünster";"Bredenborn";
30373;"37696";"05762024";"Marienmünster";"Bremerberg";
30374;"37696";"05762024";"Marienmünster";"Eilversen";
30375;"37696";"05762024";"Marienmünster";"Großenbreden";
30376;"37696";"05762024";"Marienmünster";"Hohehaus";
30377;"37696";"05762024";"Marienmünster";"Kleinenbreden";
30378;"37696";"05762024";"Marienmünster";"Kollerbeck";
30379;"37696";"05762024";"Marienmünster";"Löwendorf";
30380;"37696";"05762024";"Marienmünster";"Münsterbrock";
30381;"37696";"05762024";"Marienmünster";"Papenhöfen";
30382;"37696";"05762024";"Marienmünster";"Vörden";
27839;"40210";"05111000";"Düsseldorf";"Friedrichstadt";
27908;"40210";"05111000";"Düsseldorf";"Stadtmitte";
27898;"40211";"05111000";"Düsseldorf";"Pempelfort";
27909;"40211";"05111000";"Düsseldorf";"Stadtmitte";
27840;"40212";"05111000";"Düsseldorf";"Friedrichstadt";
27910;"40212";"05111000";"Düsseldorf";"Stadtmitte";
27809;"40213";"05111000";"Düsseldorf";"Altstadt";
27873;"40213";"05111000";"Düsseldorf";"Carlstadt";
27841;"40213";"05111000";"Düsseldorf";"Friedrichstadt";
27899;"40213";"05111000";"Düsseldorf";"Pempelfort";
27911;"40213";"05111000";"Düsseldorf";"Stadtmitte";
27917;"40213";"05111000";"Düsseldorf";"Unterbilk";
27842;"40215";"05111000";"Düsseldorf";"Friedrichstadt";
27843;"40217";"05111000";"Düsseldorf";"Friedrichstadt";
27918;"40217";"05111000";"Düsseldorf";"Unterbilk";
27856;"40219";"05111000";"Düsseldorf";"Hafen";
27919;"40219";"05111000";"Düsseldorf";"Unterbilk";
27816;"40221";"05111000";"Düsseldorf";"Bilk";
27830;"40221";"05111000";"Düsseldorf";"Flehe";
27857;"40221";"05111000";"Düsseldorf";"Hafen";
27858;"40221";"05111000";"Düsseldorf";"Hamm";
27920;"40221";"05111000";"Düsseldorf";"Unterbilk";
27928;"40221";"05111000";"Düsseldorf";"Volmerswerth";
27817;"40223";"05111000";"Düsseldorf";"Bilk";
27831;"40223";"05111000";"Düsseldorf";"Flehe";
27921;"40223";"05111000";"Düsseldorf";"Unterbilk";
27818;"40225";"05111000";"Düsseldorf";"Bilk";
27832;"40225";"05111000";"Düsseldorf";"Flehe";
27890;"40225";"05111000";"Düsseldorf";"Oberbilk";
27929;"40225";"05111000";"Düsseldorf";"Wersten";
27825;"40227";"05111000";"Düsseldorf";"Eller";
27891;"40227";"05111000";"Düsseldorf";"Oberbilk";
27826;"40229";"05111000";"Düsseldorf";"Eller";
27877;"40229";"05111000";"Düsseldorf";"Lierenfeld";
27892;"40229";"05111000";"Düsseldorf";"Oberbilk";
27827;"40231";"05111000";"Düsseldorf";"Eller";
27878;"40231";"05111000";"Düsseldorf";"Lierenfeld";
27834;"40233";"05111000";"Düsseldorf";"Flingern Nord";
27837;"40233";"05111000";"Düsseldorf";"Flingern Süd";
27879;"40233";"05111000";"Düsseldorf";"Lierenfeld";
27893;"40233";"05111000";"Düsseldorf";"Oberbilk";
27912;"40233";"05111000";"Düsseldorf";"Stadtmitte";
27835;"40235";"05111000";"Düsseldorf";"Flingern Nord";
27838;"40235";"05111000";"Düsseldorf";"Flingern Süd";
27853;"40235";"05111000";"Düsseldorf";"Grafenberg";
27822;"40237";"05111000";"Düsseldorf";"Düsseltal";
27836;"40237";"05111000";"Düsseldorf";"Flingern Nord";
27884;"40237";"05111000";"Düsseldorf";"Mörsenbroich";
27823;"40239";"05111000";"Düsseldorf";"Düsseltal";
27885;"40239";"05111000";"Düsseldorf";"Mörsenbroich";
27819;"40468";"05111000";"Düsseldorf";"Derendorf";
27849;"40468";"05111000";"Düsseldorf";"Golzheim";
27875;"40468";"05111000";"Düsseldorf";"Lichtenbroich";
27913;"40468";"05111000";"Düsseldorf";"Stockum";
27922;"40468";"05111000";"Düsseldorf";"Unterrath";
27824;"40470";"05111000";"Düsseldorf";"Düsseltal";
27854;"40470";"05111000";"Düsseldorf";"Grafenberg";
27886;"40470";"05111000";"Düsseldorf";"Mörsenbroich";
27904;"40470";"05111000";"Düsseldorf";"Rath";
27868;"40472";"05111000";"Düsseldorf";"Hubbelrath";
27876;"40472";"05111000";"Düsseldorf";"Lichtenbroich";
27905;"40472";"05111000";"Düsseldorf";"Rath";
27923;"40472";"05111000";"Düsseldorf";"Unterrath";
31650;"40472";"05158028";"Ratingen";"West";
27850;"40474";"05111000";"Düsseldorf";"Golzheim";
27880;"40474";"05111000";"Düsseldorf";"Lohausen";
27900;"40474";"05111000";"Düsseldorf";"Pempelfort";
27914;"40474";"05111000";"Düsseldorf";"Stockum";
27820;"40476";"05111000";"Düsseldorf";"Derendorf";
27851;"40476";"05111000";"Düsseldorf";"Golzheim";
27901;"40476";"05111000";"Düsseldorf";"Pempelfort";
27821;"40477";"05111000";"Düsseldorf";"Derendorf";
27852;"40477";"05111000";"Düsseldorf";"Golzheim";
27902;"40477";"05111000";"Düsseldorf";"Pempelfort";
27903;"40479";"05111000";"Düsseldorf";"Pempelfort";
27810;"40489";"05111000";"Düsseldorf";"Angermund";
27871;"40489";"05111000";"Düsseldorf";"Kaiserswerth";
27872;"40489";"05111000";"Düsseldorf";"Kalkum";
27881;"40489";"05111000";"Düsseldorf";"Lohausen";
27888;"40489";"05111000";"Düsseldorf";"Mündelheim";
27932;"40489";"05111000";"Düsseldorf";"Wittlaer";
27895;"40545";"05111000";"Düsseldorf";"Oberkassel";
27874;"40547";"05111000";"Düsseldorf";"Lörick";
27889;"40547";"05111000";"Düsseldorf";"Niederkassel";
27896;"40547";"05111000";"Düsseldorf";"Oberkassel";
27861;"40549";"05111000";"Düsseldorf";"Heerdt";
27897;"40549";"05111000";"Düsseldorf";"Oberkassel";
27811;"40589";"05111000";"Düsseldorf";"Benrath";
27833;"40589";"05111000";"Düsseldorf";"Flehe";
27864;"40589";"05111000";"Düsseldorf";"Himmelgeist";
27865;"40589";"05111000";"Düsseldorf";"Holthausen";
27870;"40589";"05111000";"Düsseldorf";"Itter";
27930;"40589";"05111000";"Düsseldorf";"Wersten";
27828;"40591";"05111000";"Düsseldorf";"Eller";
27866;"40591";"05111000";"Düsseldorf";"Holthausen";
27894;"40591";"05111000";"Düsseldorf";"Oberbilk";
27931;"40591";"05111000";"Düsseldorf";"Wersten";
27812;"40593";"05111000";"Düsseldorf";"Benrath";
27844;"40593";"05111000";"Düsseldorf";"Garath";
27924;"40593";"05111000";"Düsseldorf";"Urdenbach";
27813;"40595";"05111000";"Düsseldorf";"Benrath";
27845;"40595";"05111000";"Düsseldorf";"Garath";
27862;"40595";"05111000";"Düsseldorf";"Hellerhof";
27925;"40595";"05111000";"Düsseldorf";"Urdenbach";
27814;"40597";"05111000";"Düsseldorf";"Benrath";
27859;"40597";"05111000";"Düsseldorf";"Hassels";
27863;"40597";"05111000";"Düsseldorf";"Hilden";
27926;"40597";"05111000";"Düsseldorf";"Urdenbach";
27815;"40599";"05111000";"Düsseldorf";"Benrath";
27860;"40599";"05111000";"Düsseldorf";"Hassels";
27867;"40599";"05111000";"Düsseldorf";"Holthausen";
27907;"40599";"05111000";"Düsseldorf";"Reisholz";
27829;"40625";"05111000";"Düsseldorf";"Erkrath";
27846;"40625";"05111000";"Düsseldorf";"Gerresheim";
27882;"40625";"05111000";"Düsseldorf";"Ludenberg";
27847;"40627";"05111000";"Düsseldorf";"Gerresheim";
27915;"40627";"05111000";"Düsseldorf";"Unterbach";
27927;"40627";"05111000";"Düsseldorf";"Vennhausen";
27848;"40629";"05111000";"Düsseldorf";"Gerresheim";
27855;"40629";"05111000";"Düsseldorf";"Grafenberg";
27869;"40629";"05111000";"Düsseldorf";"Hubbelrath";
27883;"40629";"05111000";"Düsseldorf";"Ludenberg";
27887;"40629";"05111000";"Düsseldorf";"Metzkausen";
27906;"40629";"05111000";"Düsseldorf";"Rath";
30479;"40667";"05162022";"Meerbusch";"Büderich";
30481;"40667";"05162022";"Meerbusch";"Ilverich";
30480;"40668";"05162022";"Meerbusch";"Gellep-Stratum";
30482;"40668";"05162022";"Meerbusch";"Ilverich";
30483;"40668";"05162022";"Meerbusch";"Langst-Kierst";
30484;"40668";"05162022";"Meerbusch";"Lank-Latum";
30485;"40668";"05162022";"Meerbusch";"Nierst";
30486;"40668";"05162022";"Meerbusch";"Ossum-Bösinghoven";
30487;"40670";"05162022";"Meerbusch";"Osterath";
30488;"40670";"05162022";"Meerbusch";"Strümp";
28236;"40699";"05158004";"Erkrath";"Erkrath";
28237;"40699";"05158004";"Erkrath";"Hochdahl";
28238;"40699";"05158004";"Erkrath";"Unterfeldhaus";
27916;"40721";"05111000";"Düsseldorf";"Unterbach";
30000;"40764";"05158020";"Langenfeld (Rheinland)";"Berghausen";
30001;"40764";"05158020";"Langenfeld (Rheinland)";"Immigrath";
30002;"40764";"05158020";"Langenfeld (Rheinland)";"Reusrath";
30003;"40764";"05158020";"Langenfeld (Rheinland)";"Richrath";
30004;"40764";"05158020";"Langenfeld (Rheinland)";"Wiescheid";
30720;"40789";"05158026";"Monheim am Rhein";"Baumberg";
30721;"40789";"05158026";"Monheim am Rhein";"Monheim";
30568;"40822";"05158024";"Mettmann";"Mettmann";
30569;"40822";"05158024";"Mettmann";"Metzkausen";
30570;"40822";"05158024";"Mettmann";"Obschwarzbach";
30571;"40822";"05158024";"Mettmann";"Stadt Haan";
31648;"40878";"05158028";"Ratingen";"Ost";
31653;"40878";"05158028";"Ratingen";"Tiefenbroich";
31651;"40878";"05158028";"Ratingen";"West";
31645;"40878";"05158028";"Ratingen";"Zentrum";
31654;"40880";"05158028";"Ratingen";"Tiefenbroich";
31652;"40880";"05158028";"Ratingen";"West";
31646;"40880";"05158028";"Ratingen";"Zentrum";
31656;"40882";"05158028";"Ratingen";"Eggerscheidt";
31641;"40882";"05158028";"Ratingen";"Homberg";
31643;"40882";"05158028";"Ratingen";"Lintorf";
31649;"40882";"05158028";"Ratingen";"Ost";
31658;"40882";"05158028";"Ratingen";"Schwarzbach";
31655;"40882";"05158028";"Ratingen";"Tiefenbroich";
31647;"40882";"05158028";"Ratingen";"Zentrum";
31638;"40883";"05158028";"Ratingen";"Breitscheid";
31657;"40883";"05158028";"Ratingen";"Eggerscheidt";
31642;"40883";"05158028";"Ratingen";"Homberg";
31640;"40883";"05158028";"Ratingen";"Hösel";
31639;"40885";"05158028";"Ratingen";"Breitscheid";
31644;"40885";"05158028";"Ratingen";"Lintorf";
30618;"41061";"05116000";"Mönchengladbach";"Eicken";
30676;"41061";"05116000";"Mönchengladbach";"Stadtmitte";
30683;"41061";"05116000";"Mönchengladbach";"Waldhausen";
30619;"41063";"05116000";"Mönchengladbach";"Eicken";
30631;"41063";"05116000";"Mönchengladbach";"Großheide";
30677;"41063";"05116000";"Mönchengladbach";"Stadtmitte";
30690;"41063";"05116000";"Mönchengladbach";"Windberg";
30636;"41065";"05116000";"Mönchengladbach";"Hardterbroich";
30639;"41065";"05116000";"Mönchengladbach";"Hermges";
30649;"41065";"05116000";"Mönchengladbach";"Lürrip";
30659;"41065";"05116000";"Mönchengladbach";"Pesch";
30610;"41066";"05116000";"Mönchengladbach";"Bettrath";
30655;"41066";"05116000";"Mönchengladbach";"Neuwerk";
30679;"41066";"05116000";"Mönchengladbach";"Uedding";
30609;"41068";"05116000";"Mönchengladbach";"Beltinghoven";
30632;"41068";"05116000";"Mönchengladbach";"Großheide";
30660;"41068";"05116000";"Mönchengladbach";"Poeth";
30663;"41068";"05116000";"Mönchengladbach";"Rönneter";
30680;"41068";"05116000";"Mönchengladbach";"Venn";
30684;"41068";"05116000";"Mönchengladbach";"Waldhausen";
30691;"41068";"05116000";"Mönchengladbach";"Winkeln";
30615;"41069";"05116000";"Mönchengladbach";"Dahl";
30637;"41069";"05116000";"Mönchengladbach";"Hehn";
30644;"41069";"05116000";"Mönchengladbach";"Holt";
30658;"41069";"05116000";"Mönchengladbach";"Ohler";
30678;"41069";"05116000";"Mönchengladbach";"Stadtmitte";
30635;"41169";"05116000";"Mönchengladbach";"Hardt";
30664;"41169";"05116000";"Mönchengladbach";"Rasseln";
30607;"41179";"05116000";"Mönchengladbach";"Bau";
30613;"41179";"05116000";"Mönchengladbach";"Broich";
30617;"41179";"05116000";"Mönchengladbach";"Dorthausen";
30620;"41179";"05116000";"Mönchengladbach";"Gatzweiler";
30624;"41179";"05116000";"Mönchengladbach";"Genhausen";
30625;"41179";"05116000";"Mönchengladbach";"Genhodder";
30626;"41179";"05116000";"Mönchengladbach";"Genholland";
30627;"41179";"05116000";"Mönchengladbach";"Genhülsen";
30628;"41179";"05116000";"Mönchengladbach";"Gerkerath";
30634;"41179";"05116000";"Mönchengladbach";"Günhoven";
30638;"41179";"05116000";"Mönchengladbach";"Herdt";
30642;"41179";"05116000";"Mönchengladbach";"Hilderath";
30646;"41179";"05116000";"Mönchengladbach";"Koch";
30647;"41179";"05116000";"Mönchengladbach";"Kothausen";
30650;"41179";"05116000";"Mönchengladbach";"Mennrath";
30651;"41179";"05116000";"Mönchengladbach";"Merreter";
30656;"41179";"05116000";"Mönchengladbach";"NATO-Hauptquartier";
30665;"41179";"05116000";"Mönchengladbach";"Rheindahlen";
30674;"41179";"05116000";"Mönchengladbach";"Schriefers";
30675;"41179";"05116000";"Mönchengladbach";"Sittard";
30682;"41179";"05116000";"Mönchengladbach";"Voosen";
30692;"41179";"05116000";"Mönchengladbach";"Wolfsittard";
30693;"41179";"05116000";"Mönchengladbach";"Woof";
30608;"41189";"05116000";"Mönchengladbach";"Beckrath";
30614;"41189";"05116000";"Mönchengladbach";"Buchholz";
30640;"41189";"05116000";"Mönchengladbach";"Herrath";
30662;"41189";"05116000";"Mönchengladbach";"Priorshof";
30670;"41189";"05116000";"Mönchengladbach";"Saarhof";
30681;"41189";"05116000";"Mönchengladbach";"Voigtshof";
30685;"41189";"05116000";"Mönchengladbach";"Wanlo";
30687;"41189";"05116000";"Mönchengladbach";"Wickrath";
30688;"41189";"05116000";"Mönchengladbach";"Wickrathberg";
30689;"41189";"05116000";"Mönchengladbach";"Wickrathhahn";
30621;"41199";"05116000";"Mönchengladbach";"Geistenbeck";
30630;"41199";"05116000";"Mönchengladbach";"Goerdshof";
30633;"41199";"05116000";"Mönchengladbach";"Güdderath";
30645;"41199";"05116000";"Mönchengladbach";"Kamphausener Höhe";
30648;"41199";"05116000";"Mönchengladbach";"Lenßenhof";
30652;"41199";"05116000";"Mönchengladbach";"Mongshof";
30657;"41199";"05116000";"Mönchengladbach";"Odenkirchen";
30671;"41199";"05116000";"Mönchengladbach";"Sasserath";
30673;"41199";"05116000";"Mönchengladbach";"Schmitzhof";
30686;"41199";"05116000";"Mönchengladbach";"Wetschewell";
30611;"41236";"05116000";"Mönchengladbach";"Bonnenbroich";
30622;"41236";"05116000";"Mönchengladbach";"Geneicken";
30641;"41236";"05116000";"Mönchengladbach";"Heyden";
30653;"41236";"05116000";"Mönchengladbach";"Mülfort";
30666;"41236";"05116000";"Mönchengladbach";"Rheydt";
30612;"41238";"05116000";"Mönchengladbach";"Bonnenbroich";
30616;"41238";"05116000";"Mönchengladbach";"Dohr";
30623;"41238";"05116000";"Mönchengladbach";"Geneicken";
30629;"41238";"05116000";"Mönchengladbach";"Giesenkirchen";
30654;"41238";"05116000";"Mönchengladbach";"Mülfort";
30667;"41238";"05116000";"Mönchengladbach";"Rheydt";
30672;"41238";"05116000";"Mönchengladbach";"Schelsen";
30643;"41239";"05116000";"Mönchengladbach";"Hockstein";
30661;"41239";"05116000";"Mönchengladbach";"Pongs";
30668;"41239";"05116000";"Mönchengladbach";"Rheydt";
30669;"41239";"05116000";"Mönchengladbach";"Rheydt-West";
30695;"41239";"05116000";"Mönchengladbach";"Schmölderpark";
30694;"41239";"05116000";"Mönchengladbach";"Schrievers";
31043;"41334";"05166016";"Nettetal";"Breyell";
31044;"41334";"05166016";"Nettetal";"Hinsbeck";
31045;"41334";"05166016";"Nettetal";"Kaldenkirchen";
31046;"41334";"05166016";"Nettetal";"Leuth";
31047;"41334";"05166016";"Nettetal";"Lobberich";
31048;"41334";"05166016";"Nettetal";"Schaag";
29849;"41352";"05162020";"Korschenbroich";"Glehn";
29850;"41352";"05162020";"Korschenbroich";"Kleinenbroich";
29851;"41352";"05162020";"Korschenbroich";"Korschenbroich";
29852;"41352";"05162020";"Korschenbroich";"Liedberg";
29853;"41352";"05162020";"Korschenbroich";"Pesch";
29856;"41352";"05162020";"Korschenbroich";"Raderbroich";
29854;"41352";"05162020";"Korschenbroich";"Steinforth";
29855;"41352";"05162020";"Korschenbroich";"Steinhausen";
29395;"41363";"05162012";"Jüchen";"Aldenhoven";
29396;"41363";"05162012";"Jüchen";"Bedburdyck";
29397;"41363";"05162012";"Jüchen";"Damm";
29398;"41363";"05162012";"Jüchen";"Dürselen";
29424;"41363";"05162012";"Jüchen";"Flaßrath";
29399;"41363";"05162012";"Jüchen";"Garzweiler";
29400;"41363";"05162012";"Jüchen";"Garzweiler (Neu)";
29401;"41363";"05162012";"Jüchen";"Gierath";
29402;"41363";"05162012";"Jüchen";"Gubberath";
29403;"41363";"05162012";"Jüchen";"Hackhausen";
29404;"41363";"05162012";"Jüchen";"Herberath";
29405;"41363";"05162012";"Jüchen";"Hochneukirch";
29406;"41363";"05162012";"Jüchen";"Holz";
29407;"41363";"05162012";"Jüchen";"Hoppers";
29408;"41363";"05162012";"Jüchen";"Jüchen";
29409;"41363";"05162012";"Jüchen";"Kamphausen";
29410;"41363";"05162012";"Jüchen";"Kelzenberg";
29411;"41363";"05162012";"Jüchen";"Mürmeln";
29412;"41363";"05162012";"Jüchen";"Neuenhoven";
29413;"41363";"05162012";"Jüchen";"Otzenrath";
29425;"41363";"05162012";"Jüchen";"Otzenrath/Spenrath";
29414;"41363";"05162012";"Jüchen";"Priesterath (Neu)";
29415;"41363";"05162012";"Jüchen";"Rath";
29416;"41363";"05162012";"Jüchen";"Schaan";
29417;"41363";"05162012";"Jüchen";"Schlich";
29418;"41363";"05162012";"Jüchen";"Schloß Dyck";
29419;"41363";"05162012";"Jüchen";"Spenrath";
29420;"41363";"05162012";"Jüchen";"Stessen";
29421;"41363";"05162012";"Jüchen";"Waat";
29422;"41363";"05162012";"Jüchen";"Wallrath";
29423;"41363";"05162012";"Jüchen";"Wey";
32193;"41366";"05166024";"Schwalmtal";"Amern";
32194;"41366";"05166024";"Schwalmtal";"Berg";
32195;"41366";"05166024";"Schwalmtal";"Birgen";
32196;"41366";"05166024";"Schwalmtal";"Dilkrath";
32197;"41366";"05166024";"Schwalmtal";"Eicken";
32198;"41366";"05166024";"Schwalmtal";"End";
32210;"41366";"05166024";"Schwalmtal";"Gemeinde Niederkrüchten";
32199;"41366";"05166024";"Schwalmtal";"Hagen";
32200;"41366";"05166024";"Schwalmtal";"Hehler";
32201;"41366";"05166024";"Schwalmtal";"Leloh";
32202;"41366";"05166024";"Schwalmtal";"Linde";
32203;"41366";"05166024";"Schwalmtal";"Lüttelforst";
32204;"41366";"05166024";"Schwalmtal";"Naphausen";
32211;"41366";"05166024";"Schwalmtal";"Renneperstr.";
32205;"41366";"05166024";"Schwalmtal";"Schagen";
32206;"41366";"05166024";"Schwalmtal";"Schier";
32207;"41366";"05166024";"Schwalmtal";"Ungerath";
32208;"41366";"05166024";"Schwalmtal";"Vogelsrath";
32209;"41366";"05166024";"Schwalmtal";"Waldniel";
31175;"41372";"05166020";"Niederkrüchten";"Birth";
31176;"41372";"05166020";"Niederkrüchten";"Blonderath";
31177;"41372";"05166020";"Niederkrüchten";"Boscherhausen";
31178;"41372";"05166020";"Niederkrüchten";"Brempt";
31179;"41372";"05166020";"Niederkrüchten";"Dam";
31180;"41372";"05166020";"Niederkrüchten";"Elmpt";
31181;"41372";"05166020";"Niederkrüchten";"Gützenrath";
31182;"41372";"05166020";"Niederkrüchten";"Heyen";
31183;"41372";"05166020";"Niederkrüchten";"Laar";
31184;"41372";"05166020";"Niederkrüchten";"Niederkrüchten";
31185;"41372";"05166020";"Niederkrüchten";"Oberkrüchten";
31186;"41372";"05166020";"Niederkrüchten";"Overhetfeld";
31187;"41372";"05166020";"Niederkrüchten";"Ryth";
31191;"41372";"05166020";"Niederkrüchten";"Schwalmtal";
31188;"41372";"05166020";"Niederkrüchten";"Silverbeek";
31189;"41372";"05166020";"Niederkrüchten";"Varbrook";
31192;"41372";"05166020";"Niederkrüchten";"Venekoten";
31190;"41372";"05166020";"Niederkrüchten";"Wegberg";
27417;"41379";"05166004";"Brüggen";"Bracht";
27418;"41379";"05166004";"Brüggen";"Brüggen";
31131;"41460";"05162024";"Neuss";"Barbaraviertel";
31140;"41460";"05162024";"Neuss";"Hafengebiet";
31141;"41460";"05162024";"Neuss";"Hammfeld";
31145;"41460";"05162024";"Neuss";"Innenstadt";
31134;"41462";"05162024";"Neuss";"Furth-Mitte";
31135;"41462";"05162024";"Neuss";"Furth-Nord";
31136;"41462";"05162024";"Neuss";"Furth-Süd";
31146;"41462";"05162024";"Neuss";"Morgensternsheide";
31155;"41462";"05162024";"Neuss";"Vogelsang";
31157;"41462";"05162024";"Neuss";"Weissenberg";
31130;"41464";"05162024";"Neuss";"Augustinusviertel";
31132;"41464";"05162024";"Neuss";"Dreikönigenviertel";
31148;"41464";"05162024";"Neuss";"Pomona";
31153;"41464";"05162024";"Neuss";"Stadionviertel";
31158;"41464";"05162024";"Neuss";"Westfeld";
31149;"41466";"05162024";"Neuss";"Reuschenberg";
31151;"41466";"05162024";"Neuss";"Selikum";
31156;"41466";"05162024";"Neuss";"Weckhoven";
31137;"41468";"05162024";"Neuss";"Gnadental";
31139;"41468";"05162024";"Neuss";"Grimlinghausen";
31154;"41468";"05162024";"Neuss";"Uedesheim";
31133;"41469";"05162024";"Neuss";"Erfttal";
31142;"41469";"05162024";"Neuss";"Hoisten";
31147;"41469";"05162024";"Neuss";"Norf";
31150;"41470";"05162024";"Neuss";"Rosellen";
31138;"41472";"05162024";"Neuss";"Grefrath";
31143;"41472";"05162024";"Neuss";"Hoisten";
31144;"41472";"05162024";"Neuss";"Holzheim";
31152;"41472";"05162024";"Neuss";"Speck";
28639;"41515";"05162008";"Grevenbroich";"Allrath";
28640;"41515";"05162008";"Grevenbroich";"Barrenstein";
28642;"41515";"05162008";"Grevenbroich";"Elsen";
28644;"41515";"05162008";"Grevenbroich";"Gewerbegebiet Ost";
28652;"41515";"05162008";"Grevenbroich";"Laach";
28656;"41515";"05162008";"Grevenbroich";"Neu-Elfgen";
28662;"41515";"05162008";"Grevenbroich";"Noithausen";
28663;"41515";"05162008";"Grevenbroich";"Orken";
28664;"41515";"05162008";"Grevenbroich";"Stadtmitte";
28665;"41515";"05162008";"Grevenbroich";"Südstadt";
28641;"41516";"05162008";"Grevenbroich";"Busch";
28646;"41516";"05162008";"Grevenbroich";"Gruissem";
28647;"41516";"05162008";"Grevenbroich";"Gubisrath";
28649;"41516";"05162008";"Grevenbroich";"Hemmerden";
28650;"41516";"05162008";"Grevenbroich";"Hülchrath";
28651;"41516";"05162008";"Grevenbroich";"Kapellen";
28653;"41516";"05162008";"Grevenbroich";"Langwaden";
28654;"41516";"05162008";"Grevenbroich";"Mühlrath";
28655;"41516";"05162008";"Grevenbroich";"Münchrath";
28657;"41516";"05162008";"Grevenbroich";"Neubrück";
28659;"41516";"05162008";"Grevenbroich";"Neukirchen";
28660;"41516";"05162008";"Grevenbroich";"Neukircher Heide";
28666;"41516";"05162008";"Grevenbroich";"Tüschenbroich";
28667;"41516";"05162008";"Grevenbroich";"Vierwinden";
28668;"41516";"05162008";"Grevenbroich";"Wevelinghoven";
28643;"41517";"05162008";"Grevenbroich";"Frimmersdorf";
28645;"41517";"05162008";"Grevenbroich";"Gindorf";
28648;"41517";"05162008";"Grevenbroich";"Gustorf";
28658;"41517";"05162008";"Grevenbroich";"Neuenhausen";
28661;"41517";"05162008";"Grevenbroich";"Neurath";
27561;"41539";"05162004";"Dormagen";"Dormagen-Mitte";
27563;"41539";"05162004";"Dormagen";"Dormagen-Nord";
27568;"41539";"05162004";"Dormagen";"Rheinfeld";
27559;"41540";"05162004";"Dormagen";"Delhoven";
27562;"41540";"05162004";"Dormagen";"Dormagen-Mitte";
27565;"41540";"05162004";"Dormagen";"Hackenbroich";
27566;"41540";"05162004";"Dormagen";"Horrem";
27569;"41540";"05162004";"Dormagen";"Straberg";
27571;"41541";"05162004";"Dormagen";"Stürzelberg";
27572;"41541";"05162004";"Dormagen";"Zons";
27560;"41542";"05162004";"Dormagen";"Delrath";
27564;"41542";"05162004";"Dormagen";"Gohr";
27567;"41542";"05162004";"Dormagen";"Nievenheim";
27570;"41542";"05162004";"Dormagen";"Straberg";
29443;"41564";"05162016";"Kaarst";"Broicherseite";
29444;"41564";"05162016";"Kaarst";"Büttgen";
29445;"41564";"05162016";"Kaarst";"Driesch";
29446;"41564";"05162016";"Kaarst";"Holzbüttgen";
29447;"41564";"05162016";"Kaarst";"Kaarst-Mitte";
29448;"41564";"05162016";"Kaarst";"Kaarst-Nord";
29449;"41564";"05162016";"Kaarst";"Kaarst-Nord/West";
29450;"41564";"05162016";"Kaarst";"Kaarst-Ost";
29451;"41564";"05162016";"Kaarst";"Kaarst-Süd";
29452;"41564";"05162016";"Kaarst";"Kaarst-West";
29453;"41564";"05162016";"Kaarst";"Vorst";
31924;"41569";"05162028";"Rommerskirchen";"Anstel";
31925;"41569";"05162028";"Rommerskirchen";"Butzheim";
31926;"41569";"05162028";"Rommerskirchen";"Deelen";
31927;"41569";"05162028";"Rommerskirchen";"Eckum";
31928;"41569";"05162028";"Rommerskirchen";"Evinghoven";
31929;"41569";"05162028";"Rommerskirchen";"Frixheim";
31930;"41569";"05162028";"Rommerskirchen";"Gill";
31931;"41569";"05162028";"Rommerskirchen";"Hoeningen";
31932;"41569";"05162028";"Rommerskirchen";"Nettesheim";
31933;"41569";"05162028";"Rommerskirchen";"Oekoven";
31934;"41569";"05162028";"Rommerskirchen";"Ramrath";
31935;"41569";"05162028";"Rommerskirchen";"Rommerskirchen";
31936;"41569";"05162028";"Rommerskirchen";"Sinsteden";
31923;"41569";"05162028";"Rommerskirchen";"Ueckinghoven";
31937;"41569";"05162028";"Rommerskirchen";"Vanikum";
31938;"41569";"05162028";"Rommerskirchen";"Villau";
31939;"41569";"05162028";"Rommerskirchen";"Widdeshoven";
32571;"41747";"05166032";"Viersen";"Beberich";
32574;"41747";"05166032";"Viersen";"Bockert";
32584;"41747";"05166032";"Viersen";"Hamm";
32589;"41747";"05166032";"Viersen";"Hoser";
32595;"41747";"05166032";"Viersen";"Rahser";
32600;"41747";"05166032";"Viersen";"Stadtmitte";
32572;"41748";"05166032";"Viersen";"Beberich";
32575;"41748";"05166032";"Viersen";"Bockert";
32585;"41748";"05166032";"Viersen";"Hamm";
32587;"41748";"05166032";"Viersen";"Helenabrunn";
32596;"41748";"05166032";"Viersen";"Rahser";
32601;"41748";"05166032";"Viersen";"Stadtmitte";
32603;"41748";"05166032";"Viersen";"Ummer";
32578;"41749";"05166032";"Viersen";"Clörath";
32579;"41749";"05166032";"Viersen";"Dahlhöfe";
32580;"41749";"05166032";"Viersen";"Dornbusch";
32582;"41749";"05166032";"Viersen";"Hagen";
32583;"41749";"05166032";"Viersen";"Hagenbroich";
32590;"41749";"05166032";"Viersen";"Johannistal";
32599;"41749";"05166032";"Viersen";"Sittard";
32602;"41749";"05166032";"Viersen";"Süchteln";
32604;"41749";"05166032";"Viersen";"Vorst";
32573;"41751";"05166032";"Viersen";"Bistard";
32576;"41751";"05166032";"Viersen";"Boisheim";
32577;"41751";"05166032";"Viersen";"Busch";
32581;"41751";"05166032";"Viersen";"Dülken";
32586;"41751";"05166032";"Viersen";"Hausen";
32588;"41751";"05166032";"Viersen";"Heyerhöfe";
32591;"41751";"05166032";"Viersen";"Lind";
32592;"41751";"05166032";"Viersen";"Mackenstein";
32593;"41751";"05166032";"Viersen";"Nette";
32594;"41751";"05166032";"Viersen";"Pütterhöfe";
32597;"41751";"05166032";"Viersen";"Ransberg";
32598;"41751";"05166032";"Viersen";"Schirick";
28195;"41812";"05370004";"Erkelenz";"Bellinghoven";
28196;"41812";"05370004";"Erkelenz";"Berverath";
28233;"41812";"05370004";"Erkelenz";"Berverath (Neu)";
28197;"41812";"05370004";"Erkelenz";"Borschemich";
28198;"41812";"05370004";"Erkelenz";"Erkelenz";
28199;"41812";"05370004";"Erkelenz";"Etgenbusch";
28200;"41812";"05370004";"Erkelenz";"Fronderath";
28201;"41812";"05370004";"Erkelenz";"Genehen";
28202;"41812";"05370004";"Erkelenz";"Geneiken";
28203;"41812";"05370004";"Erkelenz";"Genfeld";
28204;"41812";"05370004";"Erkelenz";"Genhof";
28205;"41812";"05370004";"Erkelenz";"Gerderath";
28206;"41812";"05370004";"Erkelenz";"Gerderhahn";
28207;"41812";"05370004";"Erkelenz";"Golkrath";
28208;"41812";"05370004";"Erkelenz";"Grambusch";
28209;"41812";"05370004";"Erkelenz";"Granterath";
28210;"41812";"05370004";"Erkelenz";"Hetzerath";
28211;"41812";"05370004";"Erkelenz";"Holzweiler";
28212;"41812";"05370004";"Erkelenz";"Houverath";
28213;"41812";"05370004";"Erkelenz";"Immerath";
28231;"41812";"05370004";"Erkelenz";"Immerath (Neu)";
28214;"41812";"05370004";"Erkelenz";"Katzem";
28215;"41812";"05370004";"Erkelenz";"Kaulhausen";
28216;"41812";"05370004";"Erkelenz";"Keyenberg";
28232;"41812";"05370004";"Erkelenz";"Keyenberg (Neu)";
28217;"41812";"05370004";"Erkelenz";"Kleinbouslar";
28218;"41812";"05370004";"Erkelenz";"Kuckum";
28235;"41812";"05370004";"Erkelenz";"Kuckum (Neu)";
28219;"41812";"05370004";"Erkelenz";"Kückhoven";
28220;"41812";"05370004";"Erkelenz";"Lövenich";
28221;"41812";"05370004";"Erkelenz";"Lützerath";
28222;"41812";"05370004";"Erkelenz";"Matzerath";
28223;"41812";"05370004";"Erkelenz";"Mennekrath";
28224;"41812";"05370004";"Erkelenz";"Oerath";
28225;"41812";"05370004";"Erkelenz";"Pesch";
28226;"41812";"05370004";"Erkelenz";"Schwanenberg";
28227;"41812";"05370004";"Erkelenz";"Tenholt";
28228;"41812";"05370004";"Erkelenz";"Terheeg";
28229;"41812";"05370004";"Erkelenz";"Venrath";
28234;"41812";"05370004";"Erkelenz";"Westrich";
28230;"41812";"05370004";"Erkelenz";"Wockerath";
29248;"41836";"05370020";"Hückelhoven";"Altmyhl";
29249;"41836";"05370020";"Hückelhoven";"Baal";
29250;"41836";"05370020";"Hückelhoven";"Brachelen";
29251;"41836";"05370020";"Hückelhoven";"Doveren";
29252;"41836";"05370020";"Hückelhoven";"Hilfarth";
29253;"41836";"05370020";"Hückelhoven";"Hückelhoven";
29254;"41836";"05370020";"Hückelhoven";"Kleingladbach";
29255;"41836";"05370020";"Hückelhoven";"Millich";
29256;"41836";"05370020";"Hückelhoven";"Ratheim";
29257;"41836";"05370020";"Hückelhoven";"Rurich";
29258;"41836";"05370020";"Hückelhoven";"Schaufenberg";
32758;"41844";"05370040";"Wegberg";"Arsbeck";
32759;"41844";"05370040";"Wegberg";"Beeck";
32760;"41844";"05370040";"Wegberg";"Beeckerheide";
32761;"41844";"05370040";"Wegberg";"Berg";
32762;"41844";"05370040";"Wegberg";"Bischofshütte";
32763;"41844";"05370040";"Wegberg";"Bissen";
32764;"41844";"05370040";"Wegberg";"Broich";
32765;"41844";"05370040";"Wegberg";"Brunbeck";
32766;"41844";"05370040";"Wegberg";"Busch";
32767;"41844";"05370040";"Wegberg";"Dalheim";
32768;"41844";"05370040";"Wegberg";"Ellinghoven";
32769;"41844";"05370040";"Wegberg";"Felderhof";
32770;"41844";"05370040";"Wegberg";"Flassenberg";
32771;"41844";"05370040";"Wegberg";"Gripekoven";
32772;"41844";"05370040";"Wegberg";"Großgerichhausen";
32773;"41844";"05370040";"Wegberg";"Harbeck";
32774;"41844";"05370040";"Wegberg";"Holtmühle";
32775;"41844";"05370040";"Wegberg";"Holtum";
32776;"41844";"05370040";"Wegberg";"Isengraben";
32777;"41844";"05370040";"Wegberg";"Kehrbusch";
32778;"41844";"05370040";"Wegberg";"Kipshoven";
32779;"41844";"05370040";"Wegberg";"Kleingerichhausen";
32780;"41844";"05370040";"Wegberg";"Klinkum";
32781;"41844";"05370040";"Wegberg";"Mehlbusch";
32782;"41844";"05370040";"Wegberg";"Merbeck";
32783;"41844";"05370040";"Wegberg";"Moorshoven";
32784;"41844";"05370040";"Wegberg";"Petersholz";
32786;"41844";"05370040";"Wegberg";"Rath-Anhoven";
32787;"41844";"05370040";"Wegberg";"Rickelrath";
32785;"41844";"05370040";"Wegberg";"Rödgen";
32789;"41844";"05370040";"Wegberg";"Schwaam";
32788;"41844";"05370040";"Wegberg";"Schönhausen";
32790;"41844";"05370040";"Wegberg";"Tetelrath";
32791;"41844";"05370040";"Wegberg";"Tüschenbroich";
32792;"41844";"05370040";"Wegberg";"Uevekoven";
32793;"41844";"05370040";"Wegberg";"Venheyde";
32794;"41844";"05370040";"Wegberg";"Venn";
32795;"41844";"05370040";"Wegberg";"Watern";
32796;"41844";"05370040";"Wegberg";"Wegberg";
32797;"41844";"05370040";"Wegberg";"Wegmühle";
32798;"41844";"05370040";"Wegberg";"Wildenrath";
32748;"41849";"05370036";"Wassenberg";"Birgelen";
32749;"41849";"05370036";"Wassenberg";"Effeld";
32750;"41849";"05370036";"Wassenberg";"Luchtenberg";
32751;"41849";"05370036";"Wassenberg";"Myhl";
32752;"41849";"05370036";"Wassenberg";"Ophoven";
32753;"41849";"05370036";"Wassenberg";"Orsbeck";
32754;"41849";"05370036";"Wassenberg";"Wassenberg";
33140;"42103";"05124000";"Wuppertal";"Elberfeld";
33141;"42105";"05124000";"Wuppertal";"Elberfeld";
33142;"42107";"05124000";"Wuppertal";"Elberfeld";
33143;"42109";"05124000";"Wuppertal";"Elberfeld";
33144;"42111";"05124000";"Wuppertal";"Elberfeld";
33160;"42111";"05124000";"Wuppertal";"Stadt Wülfrath";
33145;"42113";"05124000";"Wuppertal";"Elberfeld";
33146;"42115";"05124000";"Wuppertal";"Elberfeld";
33147;"42117";"05124000";"Wuppertal";"Elberfeld";
33148;"42119";"05124000";"Wuppertal";"Elberfeld";
33130;"42275";"05124000";"Wuppertal";"Barmen";
33131;"42277";"05124000";"Wuppertal";"Barmen";
33132;"42279";"05124000";"Wuppertal";"Barmen";
33159;"42279";"05124000";"Wuppertal";"Stadt Sprockhövel";
33133;"42281";"05124000";"Wuppertal";"Barmen";
33134;"42283";"05124000";"Wuppertal";"Barmen";
33135;"42285";"05124000";"Wuppertal";"Barmen";
33136;"42287";"05124000";"Wuppertal";"Barmen";
33153;"42287";"05124000";"Wuppertal";"Ronsdorf";
33137;"42289";"05124000";"Wuppertal";"Barmen";
33149;"42289";"05124000";"Wuppertal";"Langerfeld";
33157;"42327";"05124000";"Wuppertal";"Vohwinkel";
33158;"42329";"05124000";"Wuppertal";"Vohwinkel";
33139;"42349";"05124000";"Wuppertal";"Cronenberg";
33152;"42369";"05124000";"Wuppertal";"Nord";
33154;"42369";"05124000";"Wuppertal";"Ronsdorf";
33151;"42369";"05124000";"Wuppertal";"Stadt Remscheid";
33150;"42389";"05124000";"Wuppertal";"Langerfeld";
33155;"42389";"05124000";"Wuppertal";"Stadt Schwelm";
33138;"42399";"05124000";"Wuppertal";"Beyenburg";
33156;"42399";"05124000";"Wuppertal";"Stadt Schwelm";
31603;"42477";"05374036";"Radevormwald";"Bergerhof";
31604;"42477";"05374036";"Radevormwald";"Borbeck";
31624;"42477";"05374036";"Radevormwald";"Böhlefeldshaus";
31605;"42477";"05374036";"Radevormwald";"Dahlerau";
31606;"42477";"05374036";"Radevormwald";"Dahlhausen";
31625;"42477";"05374036";"Radevormwald";"Feldmannshaus";
31607;"42477";"05374036";"Radevormwald";"Filde";
31608;"42477";"05374036";"Radevormwald";"Freudenberg";
31609;"42477";"05374036";"Radevormwald";"Grafweg";
31626;"42477";"05374036";"Radevormwald";"Grüne";
31610;"42477";"05374036";"Radevormwald";"Hahnenberg";
31611;"42477";"05374036";"Radevormwald";"Heide";
31612;"42477";"05374036";"Radevormwald";"Herbeck";
31613;"42477";"05374036";"Radevormwald";"Herkingrade";
31614;"42477";"05374036";"Radevormwald";"Honsberg";
31615;"42477";"05374036";"Radevormwald";"Im Hagen";
31627;"42477";"05374036";"Radevormwald";"Im Walde";
31616;"42477";"05374036";"Radevormwald";"Innenstadt";
31617;"42477";"05374036";"Radevormwald";"Krebsöge";
31618;"42477";"05374036";"Radevormwald";"Remlingrade";
31623;"42477";"05374036";"Radevormwald";"Rädereichen";
31622;"42477";"05374036";"Radevormwald";"Stadt Wipperfürth";
31620;"42477";"05374036";"Radevormwald";"Studberg";
31621;"42477";"05374036";"Radevormwald";"Wellringrade";
31619;"42477";"05374036";"Radevormwald";"Önkfeld";
33119;"42489";"05158036";"Wülfrath";"Aprath";
33120;"42489";"05158036";"Wülfrath";"Düssel";
33121;"42489";"05158036";"Wülfrath";"Flandersbach";
33122;"42489";"05158036";"Wülfrath";"Innenstadt";
33123;"42489";"05158036";"Wülfrath";"Rohdenhaus";
33124;"42489";"05158036";"Wülfrath";"Rützkausen";
33125;"42489";"05158036";"Wülfrath";"Schlupkothen";
29259;"42499";"05374016";"Hückeswagen";"Dreibäumen";
29260;"42499";"05374016";"Hückeswagen";"Heide";
29261;"42499";"05374016";"Hückeswagen";"Innenstadt";
29262;"42499";"05374016";"Hückeswagen";"Kirschsiepen";
29263;"42499";"05374016";"Hückeswagen";"Kobeshofen";
29264;"42499";"05374016";"Hückeswagen";"Kormannshausen";
29265;"42499";"05374016";"Hückeswagen";"Marke";
29266;"42499";"05374016";"Hückeswagen";"Mickenhagen";
29267;"42499";"05374016";"Hückeswagen";"Neuenherweg";
29268;"42499";"05374016";"Hückeswagen";"Scheideweg";
29269;"42499";"05374016";"Hückeswagen";"Schückhausen";
29270;"42499";"05374016";"Hückeswagen";"Steffenshagen";
29271;"42499";"05374016";"Hückeswagen";"Wiehagen";
32533;"42549";"05158032";"Velbert";"Birth";
32535;"42549";"05158032";"Velbert";"Kostenberg";
32538;"42549";"05158032";"Velbert";"Mitte";
32544;"42549";"05158032";"Velbert";"Stadt Heiligenhaus";
32537;"42551";"05158032";"Velbert";"Langenhorst";
32539;"42551";"05158032";"Velbert";"Mitte";
32545;"42551";"05158032";"Velbert";"Stadt Essen";
32540;"42553";"05158032";"Velbert";"Neviges";
32543;"42553";"05158032";"Velbert";"Tönisheide";
32534;"42555";"05158032";"Velbert";"Bonsfeld";
32536;"42555";"05158032";"Velbert";"Langenberg";
32541;"42555";"05158032";"Velbert";"Nierenhof";
32542;"42555";"05158032";"Velbert";"Oberbonsfeld";
28908;"42579";"05158012";"Heiligenhaus";"Hösel";
28906;"42579";"05158012";"Heiligenhaus";"Isenbügel";
28907;"42579";"05158012";"Heiligenhaus";"Mitte";
32324;"42651";"05122000";"Solingen";"Gräfrath";
32337;"42651";"05122000";"Solingen";"Solingen-Mitte";
32325;"42653";"05122000";"Solingen";"Gräfrath";
32338;"42653";"05122000";"Solingen";"Solingen-Mitte";
32343;"42653";"05122000";"Solingen";"Wald";
32327;"42655";"05122000";"Solingen";"Höhscheid";
32331;"42655";"05122000";"Solingen";"Merscheid";
32339;"42655";"05122000";"Solingen";"Solingen-Mitte";
32344;"42655";"05122000";"Solingen";"Wald";
32328;"42657";"05122000";"Solingen";"Höhscheid";
32340;"42657";"05122000";"Solingen";"Solingen-Mitte";
32323;"42659";"05122000";"Solingen";"Burg";
32329;"42659";"05122000";"Solingen";"Höhscheid";
32341;"42659";"05122000";"Solingen";"Solingen-Mitte";
32332;"42697";"05122000";"Solingen";"Merscheid";
32335;"42697";"05122000";"Solingen";"Ohligs-Aufderhöhe";
32330;"42699";"05122000";"Solingen";"Höhscheid";
32333;"42699";"05122000";"Solingen";"Merscheid";
32336;"42699";"05122000";"Solingen";"Ohligs-Aufderhöhe";
32326;"42719";"05122000";"Solingen";"Gräfrath";
32334;"42719";"05122000";"Solingen";"Merscheid";
32342;"42719";"05122000";"Solingen";"Solingen-Mitte";
32345;"42719";"05122000";"Solingen";"Wald";
28764;"42781";"05158008";"Haan";"Gruiten";
28765;"42781";"05158008";"Haan";"Haan";
28766;"42781";"05158008";"Haan";"Stadt Solingen";
30021;"42799";"05378016";"Leichlingen (Rheinland)";"Leichlingen";
30022;"42799";"05378016";"Leichlingen (Rheinland)";"Witzhelden";
31806;"42853";"05120000";"Remscheid";"Innen";
31814;"42853";"05120000";"Remscheid";"Nord";
31807;"42855";"05120000";"Remscheid";"Innen";
31812;"42855";"05120000";"Remscheid";"Lüttringhausen";
31815;"42855";"05120000";"Remscheid";"Nord";
31817;"42855";"05120000";"Remscheid";"Süd";
31820;"42855";"05120000";"Remscheid";"West";
31805;"42857";"05120000";"Remscheid";"Cronenberg";
31808;"42857";"05120000";"Remscheid";"Innen";
31816;"42857";"05120000";"Remscheid";"Nord";
31818;"42857";"05120000";"Remscheid";"Süd";
31821;"42857";"05120000";"Remscheid";"West";
31809;"42859";"05120000";"Remscheid";"Innen";
31819;"42859";"05120000";"Remscheid";"Süd";
31810;"42897";"05120000";"Remscheid";"Lennep";
31811;"42899";"05120000";"Remscheid";"Lennep";
31813;"42899";"05120000";"Remscheid";"Lüttringhausen";
32882;"42929";"05378032";"Wermelskirchen";"Dabringhausen";
32883;"42929";"05378032";"Wermelskirchen";"Dhünn";
32884;"42929";"05378032";"Wermelskirchen";"Süd";
32885;"42929";"05378032";"Wermelskirchen";"Wermelskirchen";
27666;"44135";"05913000";"Dortmund";"Mitte";
27667;"44137";"05913000";"Dortmund";"Mitte";
27605;"44139";"05913000";"Dortmund";"Brünninghausen";
27668;"44139";"05913000";"Dortmund";"Mitte";
27626;"44141";"05913000";"Dortmund";"Hörde";
27636;"44141";"05913000";"Dortmund";"Körne";
27669;"44141";"05913000";"Dortmund";"Mitte";
27601;"44143";"05913000";"Dortmund";"Brackel";
27637;"44143";"05913000";"Dortmund";"Körne";
27670;"44143";"05913000";"Dortmund";"Mitte";
27703;"44143";"05913000";"Dortmund";"Schüren";
27710;"44143";"05913000";"Dortmund";"Wambel";
27652;"44145";"05913000";"Dortmund";"Lindenhorst";
27671;"44145";"05913000";"Dortmund";"Mitte";
27610;"44147";"05913000";"Dortmund";"Deusen";
27613;"44147";"05913000";"Dortmund";"Dorstfeld";
27653;"44147";"05913000";"Dortmund";"Lindenhorst";
27672;"44147";"05913000";"Dortmund";"Mitte";
27614;"44149";"05913000";"Dortmund";"Dorstfeld";
27644;"44149";"05913000";"Dortmund";"Kley";
27657;"44149";"05913000";"Dortmund";"Lütgendortmund";
27660;"44149";"05913000";"Dortmund";"Marten";
27673;"44149";"05913000";"Dortmund";"Mitte";
27684;"44149";"05913000";"Dortmund";"Oespel";
27589;"44225";"05913000";"Dortmund";"Barop";
27606;"44225";"05913000";"Dortmund";"Brünninghausen";
27632;"44225";"05913000";"Dortmund";"Hombruch";
27643;"44225";"05913000";"Dortmund";"Kleinholthausen";
27655;"44225";"05913000";"Dortmund";"Lücklemberg";
27664;"44225";"05913000";"Dortmund";"Menglinghausen";
27674;"44225";"05913000";"Dortmund";"Mitte";
27691;"44225";"05913000";"Dortmund";"Renninghausen";
27590;"44227";"05913000";"Dortmund";"Barop";
27597;"44227";"05913000";"Dortmund";"Bittermark";
27616;"44227";"05913000";"Dortmund";"Eichlinghofen";
27623;"44227";"05913000";"Dortmund";"Großholthausen";
27639;"44227";"05913000";"Dortmund";"Kirchhörde";
27646;"44227";"05913000";"Dortmund";"Kruckel";
27648;"44227";"05913000";"Dortmund";"Löttringhausen";
27665;"44227";"05913000";"Dortmund";"Menglinghausen";
27675;"44227";"05913000";"Dortmund";"Mitte";
27685;"44227";"05913000";"Dortmund";"Oespel";
27688;"44227";"05913000";"Dortmund";"Persebeck";
27696;"44227";"05913000";"Dortmund";"Salingen";
27698;"44227";"05913000";"Dortmund";"Schanze";
27701;"44227";"05913000";"Dortmund";"Schnee";
27697;"44227";"05913000";"Dortmund";"Schönau";
27708;"44227";"05913000";"Dortmund";"Syburg";
27598;"44229";"05913000";"Dortmund";"Bittermark";
27607;"44229";"05913000";"Dortmund";"Brünninghausen";
27624;"44229";"05913000";"Dortmund";"Großholthausen";
27640;"44229";"05913000";"Dortmund";"Kirchhörde";
27649;"44229";"05913000";"Dortmund";"Löttringhausen";
27656;"44229";"05913000";"Dortmund";"Lücklemberg";
27692;"44229";"05913000";"Dortmund";"Renninghausen";
27627;"44263";"05913000";"Dortmund";"Hörde";
27676;"44263";"05913000";"Dortmund";"Mitte";
27704;"44263";"05913000";"Dortmund";"Schüren";
27608;"44265";"05913000";"Dortmund";"Buchholz";
27628;"44265";"05913000";"Dortmund";"Hacheney";
27630;"44265";"05913000";"Dortmund";"Holzen";
27709;"44265";"05913000";"Dortmund";"Syburg";
27711;"44265";"05913000";"Dortmund";"Wellinghofen";
27716;"44265";"05913000";"Dortmund";"Wichlinghofen";
27591;"44267";"05913000";"Dortmund";"Benninghofen";
27593;"44267";"05913000";"Dortmund";"Benninghofen-Loh";
27594;"44267";"05913000";"Dortmund";"Berghofen";
27631;"44267";"05913000";"Dortmund";"Holzen";
27625;"44267";"05913000";"Dortmund";"Höchsten";
27592;"44269";"05913000";"Dortmund";"Benninghofen";
27595;"44269";"05913000";"Dortmund";"Berghofen";
27705;"44269";"05913000";"Dortmund";"Schüren";
27584;"44287";"05913000";"Dortmund";"Aplerbeck";
27585;"44287";"05913000";"Dortmund";"Aplerbecker Mark";
27596;"44287";"05913000";"Dortmund";"Berghofen";
27706;"44287";"05913000";"Dortmund";"Schüren";
27693;"44287";"05913000";"Dortmund";"Sölde";
27651;"44289";"05913000";"Dortmund";"Lichtendorf";
27694;"44289";"05913000";"Dortmund";"Sölde";
27695;"44289";"05913000";"Dortmund";"Sölderholz";
27586;"44309";"05913000";"Dortmund";"Asseln";
27602;"44309";"05913000";"Dortmund";"Brackel";
27682;"44309";"05913000";"Dortmund";"Neuasseln";
27587;"44319";"05913000";"Dortmund";"Asseln";
27635;"44319";"05913000";"Dortmund";"Husen";
27647;"44319";"05913000";"Dortmund";"Kurl";
27683;"44319";"05913000";"Dortmund";"Neuasseln";
27717;"44319";"05913000";"Dortmund";"Wickede";
27699;"44328";"05913000";"Dortmund";"Scharnhorst";
27603;"44329";"05913000";"Dortmund";"Brechten";
27609;"44329";"05913000";"Dortmund";"Derne";
27619;"44329";"05913000";"Dortmund";"Eving";
27621;"44329";"05913000";"Dortmund";"Grevel";
27633;"44329";"05913000";"Dortmund";"Hostedde";
27638;"44329";"05913000";"Dortmund";"Kirchderne";
27650;"44329";"05913000";"Dortmund";"Lanstrop";
27677;"44329";"05913000";"Dortmund";"Mitte";
27700;"44329";"05913000";"Dortmund";"Scharnhorst";
27604;"44339";"05913000";"Dortmund";"Brechten";
27617;"44339";"05913000";"Dortmund";"Ellinghausen";
27620;"44339";"05913000";"Dortmund";"Eving";
27629;"44339";"05913000";"Dortmund";"Holthausen";
27654;"44339";"05913000";"Dortmund";"Lindenhorst";
27678;"44339";"05913000";"Dortmund";"Mitte";
27599;"44357";"05913000";"Dortmund";"Bodelschwingh";
27680;"44357";"05913000";"Dortmund";"Nette";
27686;"44357";"05913000";"Dortmund";"Oestrich";
27712;"44357";"05913000";"Dortmund";"Westerfilde";
27600;"44359";"05913000";"Dortmund";"Bodelschwingh";
27611;"44359";"05913000";"Dortmund";"Deusen";
27618;"44359";"05913000";"Dortmund";"Ellinghausen";
27622;"44359";"05913000";"Dortmund";"Groppenbruch";
27663;"44359";"05913000";"Dortmund";"Mengede";
27681;"44359";"05913000";"Dortmund";"Nette";
27687;"44359";"05913000";"Dortmund";"Oestrich";
27702;"44359";"05913000";"Dortmund";"Schwieringhausen";
27612;"44369";"05913000";"Dortmund";"Deusen";
27634;"44369";"05913000";"Dortmund";"Huckarde";
27679;"44369";"05913000";"Dortmund";"Mitte";
27689;"44369";"05913000";"Dortmund";"Rahm";
27713;"44369";"05913000";"Dortmund";"Westerfilde";
27718;"44369";"05913000";"Dortmund";"Wischlingen";
27615;"44379";"05913000";"Dortmund";"Dorstfeld";
27641;"44379";"05913000";"Dortmund";"Kirchlinde";
27658;"44379";"05913000";"Dortmund";"Lütgendortmund";
27661;"44379";"05913000";"Dortmund";"Marten";
27690;"44379";"05913000";"Dortmund";"Rahm";
27714;"44379";"05913000";"Dortmund";"Westrich";
27588;"44388";"05913000";"Dortmund";"Bövinghausen";
27642;"44388";"05913000";"Dortmund";"Kirchlinde";
27645;"44388";"05913000";"Dortmund";"Kley";
27659;"44388";"05913000";"Dortmund";"Lütgendortmund";
27662;"44388";"05913000";"Dortmund";"Marten";
27707;"44388";"05913000";"Dortmund";"Somborn";
27715;"44388";"05913000";"Dortmund";"Westrich";
30304;"44532";"05978024";"Lünen";"Beckinghausen";
30306;"44532";"05978024";"Lünen";"Gahmen";
30307;"44532";"05978024";"Lünen";"Horstmar";
30309;"44532";"05978024";"Lünen";"Lünen";
30312;"44532";"05978024";"Lünen";"Lünen-Süd";
30313;"44532";"05978024";"Lünen";"Niederaden";
30314;"44532";"05978024";"Lünen";"Nordlünen";
30303;"44534";"05978024";"Lünen";"Alstedde";
30317;"44534";"05978024";"Lünen";"Altlünen";
30310;"44534";"05978024";"Lünen";"Lünen";
30315;"44534";"05978024";"Lünen";"Nordlünen";
30316;"44534";"05978024";"Lünen";"Wethmar";
30305;"44536";"05978024";"Lünen";"Brambauer";
30308;"44536";"05978024";"Lünen";"Lippholthausen";
30311;"44536";"05978024";"Lünen";"Lünen";
27462;"44575";"05562004";"Castrop-Rauxel";"Behringhausen";
27465;"44575";"05562004";"Castrop-Rauxel";"Castrop";
27479;"44575";"05562004";"Castrop-Rauxel";"Obercastrop";
27482;"44575";"05562004";"Castrop-Rauxel";"Rauxel";
27485;"44575";"05562004";"Castrop-Rauxel";"Schwerin";
27467;"44577";"05562004";"Castrop-Rauxel";"Deininghausen";
27468;"44577";"05562004";"Castrop-Rauxel";"Dingen";
27469;"44577";"05562004";"Castrop-Rauxel";"Frohlinde";
27470;"44577";"05562004";"Castrop-Rauxel";"Habinghorst";
27473;"44577";"05562004";"Castrop-Rauxel";"Henrichenburg";
27475;"44577";"05562004";"Castrop-Rauxel";"Ickern";
27478;"44577";"05562004";"Castrop-Rauxel";"Merklinde";
27480;"44577";"05562004";"Castrop-Rauxel";"Obercastrop";
27483;"44577";"05562004";"Castrop-Rauxel";"Rauxel";
27486;"44577";"05562004";"Castrop-Rauxel";"Schwerin";
27463;"44579";"05562004";"Castrop-Rauxel";"Behringhausen";
27464;"44579";"05562004";"Castrop-Rauxel";"Bladenhorst";
27466;"44579";"05562004";"Castrop-Rauxel";"Castrop";
27471;"44579";"05562004";"Castrop-Rauxel";"Habinghorst";
27476;"44579";"05562004";"Castrop-Rauxel";"Ickern";
27481;"44579";"05562004";"Castrop-Rauxel";"Pöppinghausen";
27484;"44579";"05562004";"Castrop-Rauxel";"Rauxel";
27472;"44581";"05562004";"Castrop-Rauxel";"Habinghorst";
27474;"44581";"05562004";"Castrop-Rauxel";"Henrichenburg";
27477;"44581";"05562004";"Castrop-Rauxel";"Ickern";
29117;"44623";"05916000";"Herne";"Baukau-Ost";
29128;"44623";"05916000";"Herne";"Herne-Mitte";
29133;"44623";"05916000";"Herne";"Herne-Süd";
29129;"44625";"05916000";"Herne";"Herne-Mitte";
29134;"44625";"05916000";"Herne";"Herne-Süd";
29135;"44625";"05916000";"Herne";"Holsterhausen";
29143;"44625";"05916000";"Herne";"Sodingen";
29115;"44627";"05916000";"Herne";"Börnig";
29127;"44627";"05916000";"Herne";"Gysenberg";
29130;"44627";"05916000";"Herne";"Herne-Mitte";
29137;"44627";"05916000";"Herne";"Holthausen";
29144;"44627";"05916000";"Herne";"Sodingen";
29118;"44628";"05916000";"Herne";"Baukau-Ost";
29116;"44628";"05916000";"Herne";"Börnig";
29131;"44628";"05916000";"Herne";"Herne-Mitte";
29138;"44628";"05916000";"Herne";"Holthausen";
29139;"44628";"05916000";"Herne";"Horsthausen";
29145;"44628";"05916000";"Herne";"Sodingen";
29119;"44629";"05916000";"Herne";"Baukau-Ost";
29132;"44629";"05916000";"Herne";"Herne-Mitte";
29140;"44629";"05916000";"Herne";"Horsthausen";
29120;"44649";"05916000";"Herne";"Baukau-West";
29123;"44649";"05916000";"Herne";"Crange";
29141;"44649";"05916000";"Herne";"Röhlinghausen";
29147;"44649";"05916000";"Herne";"Wanne";
29125;"44651";"05916000";"Herne";"Eickel";
29142;"44651";"05916000";"Herne";"Röhlinghausen";
29150;"44651";"05916000";"Herne";"Wanne-Süd";
29121;"44652";"05916000";"Herne";"Baukau-West";
29126;"44652";"05916000";"Herne";"Eickel";
29136;"44652";"05916000";"Herne";"Holsterhausen";
29148;"44652";"05916000";"Herne";"Wanne";
29151;"44652";"05916000";"Herne";"Wanne-Süd";
29122;"44653";"05916000";"Herne";"Baukau-West";
29124;"44653";"05916000";"Herne";"Crange";
29146;"44653";"05916000";"Herne";"Unser Fritz";
29149;"44653";"05916000";"Herne";"Wanne";
29152;"44653";"05916000";"Herne";"Wanne-Süd";
27157;"44787";"05911000";"Bochum";"Innenstadt";
27130;"44789";"05911000";"Bochum";"Altenbochum";
27138;"44789";"05911000";"Bochum";"Ehrenfeld";
27158;"44789";"05911000";"Bochum";"Innenstadt";
27180;"44789";"05911000";"Bochum";"Weitmar";
27189;"44789";"05911000";"Bochum";"Wiemelhausen";
27131;"44791";"05911000";"Bochum";"Altenbochum";
27141;"44791";"05911000";"Bochum";"Grumme";
27148;"44791";"05911000";"Bochum";"Hamme";
27151;"44791";"05911000";"Bochum";"Harpen";
27159;"44791";"05911000";"Bochum";"Innenstadt";
27149;"44793";"05911000";"Bochum";"Hamme";
27156;"44793";"05911000";"Bochum";"Hordel";
27160;"44793";"05911000";"Bochum";"Innenstadt";
27181;"44793";"05911000";"Bochum";"Weitmar";
27190;"44793";"05911000";"Bochum";"Wiemelhausen";
27182;"44795";"05911000";"Bochum";"Weitmar";
27191;"44795";"05911000";"Bochum";"Wiemelhausen";
27167;"44797";"05911000";"Bochum";"Linden";
27176;"44797";"05911000";"Bochum";"Stiepel";
27183;"44797";"05911000";"Bochum";"Weitmar";
27192;"44797";"05911000";"Bochum";"Wiemelhausen";
27132;"44799";"05911000";"Bochum";"Altenbochum";
27169;"44799";"05911000";"Bochum";"Querenburg";
27184;"44799";"05911000";"Bochum";"Weitmar";
27193;"44799";"05911000";"Bochum";"Wiemelhausen";
27170;"44801";"05911000";"Bochum";"Querenburg";
27177;"44801";"05911000";"Bochum";"Stiepel";
27194;"44801";"05911000";"Bochum";"Wiemelhausen";
27133;"44803";"05911000";"Bochum";"Altenbochum";
27162;"44803";"05911000";"Bochum";"Laer";
27195;"44803";"05911000";"Bochum";"Wiemelhausen";
27134;"44805";"05911000";"Bochum";"Bergen";
27140;"44805";"05911000";"Bochum";"Gerthe";
27142;"44805";"05911000";"Bochum";"Grumme";
27152;"44805";"05911000";"Bochum";"Harpen";
27153;"44805";"05911000";"Bochum";"Hiltrop";
27135;"44807";"05911000";"Bochum";"Bergen";
27143;"44807";"05911000";"Bochum";"Grumme";
27154;"44807";"05911000";"Bochum";"Hofstede";
27171;"44807";"05911000";"Bochum";"Riemke";
27144;"44809";"05911000";"Bochum";"Grumme";
27150;"44809";"05911000";"Bochum";"Hamme";
27155;"44809";"05911000";"Bochum";"Hofstede";
27161;"44809";"05911000";"Bochum";"Innenstadt";
27172;"44809";"05911000";"Bochum";"Riemke";
27145;"44866";"05911000";"Bochum";"Günnigfeld";
27165;"44866";"05911000";"Bochum";"Leithe";
27173;"44866";"05911000";"Bochum";"Sevinghausen";
27178;"44866";"05911000";"Bochum";"Wattenscheid";
27186;"44866";"05911000";"Bochum";"Westenfeld";
27146;"44867";"05911000";"Bochum";"Höntrop";
27166;"44867";"05911000";"Bochum";"Leithe";
27174;"44867";"05911000";"Bochum";"Sevinghausen";
27179;"44867";"05911000";"Bochum";"Wattenscheid";
27187;"44867";"05911000";"Bochum";"Westenfeld";
27136;"44869";"05911000";"Bochum";"Dahlhausen";
27139;"44869";"05911000";"Bochum";"Eppendorf";
27147;"44869";"05911000";"Bochum";"Höntrop";
27175;"44869";"05911000";"Bochum";"Sevinghausen";
27188;"44869";"05911000";"Bochum";"Westenfeld";
27137;"44879";"05911000";"Bochum";"Dahlhausen";
27168;"44879";"05911000";"Bochum";"Linden";
27163;"44892";"05911000";"Bochum";"Langendreer";
27164;"44894";"05911000";"Bochum";"Langendreer";
27185;"44894";"05911000";"Bochum";"Werne";
28307;"45127";"05113000";"Essen";"Altendorf";
28392;"45127";"05113000";"Essen";"Innenstadt";
28363;"45127";"05113000";"Essen";"Ostviertel";
28375;"45127";"05113000";"Essen";"Stadtkern";
28384;"45127";"05113000";"Essen";"Südviertel";
28390;"45127";"05113000";"Essen";"Westviertel";
28381;"45128";"05113000";"Essen";"Südostviertel";
28385;"45128";"05113000";"Essen";"Südviertel";
28366;"45130";"05113000";"Essen";"Rüttenscheid";
28386;"45130";"05113000";"Essen";"Südviertel";
28367;"45131";"05113000";"Essen";"Rüttenscheid";
28324;"45133";"05113000";"Essen";"Bredeney";
28368;"45133";"05113000";"Essen";"Rüttenscheid";
28373;"45133";"05113000";"Essen";"Schuir";
28376;"45133";"05113000";"Essen";"Stadtwald";
28316;"45134";"05113000";"Essen";"Bergerhausen";
28325;"45134";"05113000";"Essen";"Bredeney";
28365;"45134";"05113000";"Essen";"Rellinghausen";
28377;"45134";"05113000";"Essen";"Stadtwald";
28317;"45136";"05113000";"Essen";"Bergerhausen";
28350;"45136";"05113000";"Essen";"Huttrop";
28369;"45136";"05113000";"Essen";"Rüttenscheid";
28351;"45138";"05113000";"Essen";"Huttrop";
28382;"45138";"05113000";"Essen";"Südostviertel";
28334;"45139";"05113000";"Essen";"Frillendorf";
28352;"45139";"05113000";"Essen";"Huttrop";
28364;"45139";"05113000";"Essen";"Ostviertel";
28383;"45139";"05113000";"Essen";"Südostviertel";
28335;"45141";"05113000";"Essen";"Frillendorf";
28361;"45141";"05113000";"Essen";"Nordviertel";
28379;"45141";"05113000";"Essen";"Stoppenberg";
28308;"45143";"05113000";"Essen";"Altendorf";
28318;"45143";"05113000";"Essen";"Bochold";
28362;"45143";"05113000";"Essen";"Nordviertel";
28391;"45143";"05113000";"Essen";"Westviertel";
28338;"45144";"05113000";"Essen";"Frohnhausen";
28339;"45145";"05113000";"Essen";"Frohnhausen";
28347;"45145";"05113000";"Essen";"Holsterhausen";
28340;"45147";"05113000";"Essen";"Frohnhausen";
28348;"45147";"05113000";"Essen";"Holsterhausen";
28370;"45147";"05113000";"Essen";"Rüttenscheid";
28341;"45149";"05113000";"Essen";"Fulerum";
28344;"45149";"05113000";"Essen";"Haarzopf";
28360;"45149";"05113000";"Essen";"Margarethenhöhe";
28355;"45219";"05113000";"Essen";"Kettwig";
28326;"45239";"05113000";"Essen";"Bredeney";
28331;"45239";"05113000";"Essen";"Fischlaken";
28345;"45239";"05113000";"Essen";"Heidhausen";
28374;"45239";"05113000";"Essen";"Schuir";
28393;"45239";"05113000";"Essen";"Stadt Velbert";
28389;"45239";"05113000";"Essen";"Werden";
28328;"45257";"05113000";"Essen";"Byfang";
28332;"45257";"05113000";"Essen";"Fischlaken";
28358;"45257";"05113000";"Essen";"Kupferdreh";
28346;"45259";"05113000";"Essen";"Heisingen";
28378;"45276";"05113000";"Essen";"Steele";
28305;"45277";"05113000";"Essen";"Überruhr-Hinsel";
28306;"45277";"05113000";"Essen";"Überruhr-Holthausen";
28333;"45279";"05113000";"Essen";"Freisenbruch";
28349;"45279";"05113000";"Essen";"Horst";
28327;"45289";"05113000";"Essen";"Burgaltendorf";
28356;"45307";"05113000";"Essen";"Kray";
28359;"45307";"05113000";"Essen";"Leithe";
28357;"45309";"05113000";"Essen";"Kray";
28372;"45309";"05113000";"Essen";"Schonnebeck";
28309;"45326";"05113000";"Essen";"Altenessen-Nord";
28311;"45326";"05113000";"Essen";"Altenessen-Süd";
28354;"45327";"05113000";"Essen";"Katernberg";
28380;"45327";"05113000";"Essen";"Stoppenberg";
28310;"45329";"05113000";"Essen";"Altenessen-Nord";
28353;"45329";"05113000";"Essen";"Karnap";
28387;"45329";"05113000";"Essen";"Vogelheim";
28314;"45355";"05113000";"Essen";"Bergeborbeck";
28319;"45355";"05113000";"Essen";"Bochold";
28321;"45355";"05113000";"Essen";"Borbeck-Mitte";
28315;"45356";"05113000";"Essen";"Bergeborbeck";
28320;"45356";"05113000";"Essen";"Bochold";
28322;"45356";"05113000";"Essen";"Borbeck-Mitte";
28329;"45356";"05113000";"Essen";"Dellwig";
28342;"45356";"05113000";"Essen";"Gerschede";
28388;"45356";"05113000";"Essen";"Vogelheim";
28312;"45357";"05113000";"Essen";"Bedingrade";
28323;"45357";"05113000";"Essen";"Borbeck-Mitte";
28330;"45357";"05113000";"Essen";"Dellwig";
28336;"45357";"05113000";"Essen";"Frintrop";
28343;"45357";"05113000";"Essen";"Gerschede";
28313;"45359";"05113000";"Essen";"Bedingrade";
28337;"45359";"05113000";"Essen";"Frintrop";
28371;"45359";"05113000";"Essen";"Schönebeck";
30916;"45468";"05117000";"Mülheim an der Ruhr";"Eppinghofen";
30921;"45468";"05117000";"Mülheim an der Ruhr";"Holthausen";
30927;"45468";"05117000";"Mülheim an der Ruhr";"Mitte";
30930;"45468";"05117000";"Mülheim an der Ruhr";"Mitte-Ost";
30919;"45470";"05117000";"Mülheim an der Ruhr";"Heißen-Fulerum";
30922;"45470";"05117000";"Mülheim an der Ruhr";"Holthausen";
30926;"45470";"05117000";"Mülheim an der Ruhr";"Menden/Ickten";
30928;"45470";"05117000";"Mülheim an der Ruhr";"Mitte";
30931;"45470";"05117000";"Mülheim an der Ruhr";"Mitte-Ost";
30935;"45470";"05117000";"Mülheim an der Ruhr";"Raadt";
30918;"45472";"05117000";"Mülheim an der Ruhr";"Heißen";
30920;"45472";"05117000";"Mülheim an der Ruhr";"Heißen-Fulerum";
30923;"45472";"05117000";"Mülheim an der Ruhr";"Holthausen";
30932;"45472";"05117000";"Mülheim an der Ruhr";"Mitte-Ost";
30944;"45472";"05117000";"Mülheim an der Ruhr";"Winkhausen";
30914;"45473";"05117000";"Mülheim an der Ruhr";"Dümpten";
30917;"45473";"05117000";"Mülheim an der Ruhr";"Eppinghofen";
30924;"45473";"05117000";"Mülheim an der Ruhr";"Mellinghofen";
30929;"45473";"05117000";"Mülheim an der Ruhr";"Mitte";
30933;"45473";"05117000";"Mülheim an der Ruhr";"Mitte-Ost";
30945;"45473";"05117000";"Mülheim an der Ruhr";"Winkhausen";
30915;"45475";"05117000";"Mülheim an der Ruhr";"Dümpten";
30925;"45475";"05117000";"Mülheim an der Ruhr";"Mellinghofen";
30934;"45475";"05117000";"Mülheim an der Ruhr";"Mitte-Ost";
30943;"45476";"05117000";"Mülheim an der Ruhr";"Styrum";
30911;"45478";"05117000";"Mülheim an der Ruhr";"Broich";
30941;"45478";"05117000";"Mülheim an der Ruhr";"Speldorf";
30912;"45479";"05117000";"Mülheim an der Ruhr";"Broich";
30936;"45479";"05117000";"Mülheim an der Ruhr";"Saarn";
30938;"45479";"05117000";"Mülheim an der Ruhr";"Saarn/Mintard";
30942;"45479";"05117000";"Mülheim an der Ruhr";"Speldorf";
30913;"45481";"05117000";"Mülheim an der Ruhr";"Broich";
30937;"45481";"05117000";"Mülheim an der Ruhr";"Saarn";
30939;"45481";"05117000";"Mülheim an der Ruhr";"Saarn/Mintard";
30940;"45481";"05117000";"Mülheim an der Ruhr";"Saarn/Selbeck";
28891;"45525";"05954016";"Hattingen";"Hattingen";
28888;"45527";"05954016";"Hattingen";"Blankenstein";
28889;"45527";"05954016";"Hattingen";"Bredenscheid-Stüter";
28892;"45527";"05954016";"Hattingen";"Hattingen";
28894;"45527";"05954016";"Hattingen";"Holthausen";
28899;"45527";"05954016";"Hattingen";"Oberstüter";
28900;"45527";"05954016";"Hattingen";"Welper";
28890;"45529";"05954016";"Hattingen";"Bredenscheid-Stüter";
28893;"45529";"05954016";"Hattingen";"Hattingen";
28895;"45529";"05954016";"Hattingen";"Niederbonsfeld";
28896;"45529";"05954016";"Hattingen";"Niederelfringhausen";
28897;"45529";"05954016";"Hattingen";"Niederwenigern";
28898;"45529";"05954016";"Hattingen";"Oberelfringhausen";
28901;"45529";"05954016";"Hattingen";"Winz-Baak";
32355;"45549";"05954028";"Sprockhövel";"Gennebreck";
32356;"45549";"05954028";"Sprockhövel";"Haßlinghausen";
32357;"45549";"05954028";"Sprockhövel";"Herzkamp";
32358;"45549";"05954028";"Sprockhövel";"Hiddinghausen";
32359;"45549";"05954028";"Sprockhövel";"Niedersprockhövel";
32354;"45549";"05954028";"Sprockhövel";"Niederstüter";
32360;"45549";"05954028";"Sprockhövel";"Obersprockhövel";
32361;"45549";"05954028";"Sprockhövel";"Wetter";
31673;"45657";"05562032";"Recklinghausen";"Ost";
31678;"45657";"05562032";"Recklinghausen";"Stadtmitte";
31667;"45659";"05562032";"Recklinghausen";"Bockholt";
31668;"45659";"05562032";"Recklinghausen";"Hillerheide";
31670;"45659";"05562032";"Recklinghausen";"Hochlar";
31677;"45659";"05562032";"Recklinghausen";"Speckhorn";
31679;"45659";"05562032";"Recklinghausen";"Stadtmitte";
31681;"45659";"05562032";"Recklinghausen";"Stuckenbusch";
31671;"45661";"05562032";"Recklinghausen";"Hochlarmark";
31683;"45661";"05562032";"Recklinghausen";"Süd";
31672;"45663";"05562032";"Recklinghausen";"König-Ludwig";
31685;"45663";"05562032";"Recklinghausen";"Recklinghausen";
31675;"45663";"05562032";"Recklinghausen";"Röllinghausen";
31684;"45663";"05562032";"Recklinghausen";"Süd";
31669;"45665";"05562032";"Recklinghausen";"Hillerheide";
31674;"45665";"05562032";"Recklinghausen";"Ost";
31676;"45665";"05562032";"Recklinghausen";"Röllinghausen";
31680;"45665";"05562032";"Recklinghausen";"Stadtmitte";
31682;"45665";"05562032";"Recklinghausen";"Suderwich";
29158;"45699";"05562020";"Herten";"Disteln";
29160;"45699";"05562020";"Herten";"Langenbochum";
29163;"45699";"05562020";"Herten";"Stadtmitte";
29165;"45699";"05562020";"Herten";"Süd";
29157;"45701";"05562020";"Herten";"Bertlich";
29159;"45701";"05562020";"Herten";"Disteln";
29161;"45701";"05562020";"Herten";"Langenbochum";
29162;"45701";"05562020";"Herten";"Scherlebeck";
29164;"45701";"05562020";"Herten";"Stadtmitte";
29166;"45701";"05562020";"Herten";"Westerholt";
27497;"45711";"05562008";"Datteln";"Ahsen";
27498;"45711";"05562008";"Datteln";"Datteln";
27500;"45711";"05562008";"Datteln";"Horneburg";
27499;"45711";"05562008";"Datteln";"Hötting";
27501;"45711";"05562008";"Datteln";"Meckinghoven";
28814;"45721";"05562016";"Haltern am See";"Flaesheim";
28815;"45721";"05562016";"Haltern am See";"Haltern";
28816;"45721";"05562016";"Haltern am See";"Hamm-Bossendorf";
28817;"45721";"05562016";"Haltern am See";"Holtwick";
28818;"45721";"05562016";"Haltern am See";"Hullern";
28819;"45721";"05562016";"Haltern am See";"Lavesum";
28820;"45721";"05562016";"Haltern am See";"Lippramsdorf";
28821;"45721";"05562016";"Haltern am See";"Sythen";
31420;"45739";"05562028";"Oer-Erkenschwick";"Groß-Erkenschwick";
31424;"45739";"05562028";"Oer-Erkenschwick";"Honermannsiedlung";
31421;"45739";"05562028";"Oer-Erkenschwick";"Klein-Erkenschwick";
31423;"45739";"05562028";"Oer-Erkenschwick";"Oer";
31422;"45739";"05562028";"Oer-Erkenschwick";"Rapen";
30383;"45768";"05562024";"Marl";"Alt-Marl";
30385;"45768";"05562024";"Marl";"Brassert";
30387;"45768";"05562024";"Marl";"Drewer";
30390;"45768";"05562024";"Marl";"Hamm";
30392;"45768";"05562024";"Marl";"Hüls";
30395;"45768";"05562024";"Marl";"Marl";
30397;"45768";"05562024";"Marl";"Polsum";
30384;"45770";"05562024";"Marl";"Alt-Marl";
30388;"45770";"05562024";"Marl";"Drewer";
30393;"45770";"05562024";"Marl";"Hüls";
30396;"45770";"05562024";"Marl";"Marl";
30398;"45770";"05562024";"Marl";"Polsum";
30399;"45770";"05562024";"Marl";"Sinsen-Lenkerbeck";
30386;"45772";"05562024";"Marl";"Brassert";
30389;"45772";"05562024";"Marl";"Drewer";
30391;"45772";"05562024";"Marl";"Hamm";
30394;"45772";"05562024";"Marl";"Hüls";
30401;"45772";"05562024";"Marl";"Sickingmühle";
30400;"45772";"05562024";"Marl";"Sinsen-Lenkerbeck";
28576;"45879";"05513000";"Gelsenkirchen";"Altstadt";
28590;"45879";"05513000";"Gelsenkirchen";"Neustadt";
28594;"45881";"05513000";"Gelsenkirchen";"Schalke";
28595;"45881";"05513000";"Gelsenkirchen";"Schalke-Nord";
28584;"45883";"05513000";"Gelsenkirchen";"Feldmark";
28586;"45883";"05513000";"Gelsenkirchen";"Heßler";
28593;"45884";"05513000";"Gelsenkirchen";"Rotthausen";
28575;"45886";"05513000";"Gelsenkirchen";"Ückendorf";
28582;"45888";"05513000";"Gelsenkirchen";"Bulmke-Hüllen";
28579;"45889";"05513000";"Gelsenkirchen";"Bismarck";
28583;"45891";"05513000";"Gelsenkirchen";"Erle";
28591;"45892";"05513000";"Gelsenkirchen";"Resse";
28592;"45892";"05513000";"Gelsenkirchen";"Resser-Mark";
28580;"45894";"05513000";"Gelsenkirchen";"Buer";
28585;"45896";"05513000";"Gelsenkirchen";"Hassel";
28596;"45896";"05513000";"Gelsenkirchen";"Scholven";
28577;"45897";"05513000";"Gelsenkirchen";"Beckhausen";
28581;"45897";"05513000";"Gelsenkirchen";"Buer";
28588;"45897";"05513000";"Gelsenkirchen";"Horst";
28578;"45899";"05513000";"Gelsenkirchen";"Beckhausen";
28587;"45899";"05513000";"Gelsenkirchen";"Heßler";
28589;"45899";"05513000";"Gelsenkirchen";"Horst";
28614;"45964";"05562014";"Gladbeck";"Ellinghorst";
28623;"45964";"05562014";"Gladbeck";"Gladbeck";
28616;"45964";"05562014";"Gladbeck";"Mitte";
28617;"45966";"05562014";"Gladbeck";"Alt-Rentfort";
28615;"45966";"05562014";"Gladbeck";"Kirchhellen";
28622;"45966";"05562014";"Gladbeck";"Rentfort";
28618;"45966";"05562014";"Gladbeck";"Rentfort-Nord";
28620;"45966";"05562014";"Gladbeck";"Schultendorf";
28621;"45966";"05562014";"Gladbeck";"Zweckel";
28612;"45968";"05562014";"Gladbeck";"Brauck";
28613;"45968";"05562014";"Gladbeck";"Butendorf";
28619;"45968";"05562014";"Gladbeck";"Rosenhügel";
31342;"46045";"05119000";"Oberhausen";"Altstadt-Mitte";
31341;"46045";"05119000";"Oberhausen";"Altstadt-Süd";
31350;"46045";"05119000";"Oberhausen";"Dümpten";
31344;"46045";"05119000";"Oberhausen";"Marienkirche";
31348;"46045";"05119000";"Oberhausen";"Schlad";
31330;"46045";"05119000";"Oberhausen";"Stadtmitte";
31337;"46045";"05119000";"Oberhausen";"Styrum";
31347;"46047";"05119000";"Oberhausen";"Bermensfeld";
31351;"46047";"05119000";"Oberhausen";"Dümpten";
31345;"46047";"05119000";"Oberhausen";"Marienkirche";
31340;"46047";"05119000";"Oberhausen";"Neue Mitte";
31349;"46047";"05119000";"Oberhausen";"Schlad";
31331;"46047";"05119000";"Oberhausen";"Stadtmitte";
31319;"46049";"05119000";"Oberhausen";"Alstaden-Ost";
31352;"46049";"05119000";"Oberhausen";"Alstaden-West";
31343;"46049";"05119000";"Oberhausen";"Altstadt-Mitte";
31353;"46049";"05119000";"Oberhausen";"Lirich-Nord";
31328;"46049";"05119000";"Oberhausen";"Lirich-Süd";
31346;"46049";"05119000";"Oberhausen";"Marienkirche";
31332;"46049";"05119000";"Oberhausen";"Stadtmitte";
31320;"46117";"05119000";"Oberhausen";"Borbeck";
31322;"46117";"05119000";"Oberhausen";"Eisenheim";
31323;"46117";"05119000";"Oberhausen";"Heide";
31367;"46117";"05119000";"Oberhausen";"Osterfeld-Ost";
31364;"46117";"05119000";"Oberhausen";"Osterfeld-West";
31333;"46117";"05119000";"Oberhausen";"Stadtmitte";
31360;"46117";"05119000";"Oberhausen";"Sterkrade-Mitte";
31324;"46119";"05119000";"Oberhausen";"Heide";
31369;"46119";"05119000";"Oberhausen";"Klosterhardt-Nord";
31327;"46119";"05119000";"Oberhausen";"Klosterhardt-Süd";
31368;"46119";"05119000";"Oberhausen";"Osterfeld-Ost";
31365;"46119";"05119000";"Oberhausen";"Osterfeld-West";
31334;"46119";"05119000";"Oberhausen";"Stadtmitte";
31361;"46119";"05119000";"Oberhausen";"Sterkrade-Mitte";
31338;"46119";"05119000";"Oberhausen";"Tackenberg";
31357;"46145";"05119000";"Oberhausen";"Alsfeld";
31370;"46145";"05119000";"Oberhausen";"Klosterhardt-Nord";
31326;"46145";"05119000";"Oberhausen";"Königshardt";
31366;"46145";"05119000";"Oberhausen";"Osterfeld-West";
31335;"46145";"05119000";"Oberhausen";"Stadtmitte";
31362;"46145";"05119000";"Oberhausen";"Sterkrade-Mitte";
31355;"46145";"05119000";"Oberhausen";"Sterkrade-Nord";
31339;"46145";"05119000";"Oberhausen";"Tackenberg";
31358;"46147";"05119000";"Oberhausen";"Alsfeld";
31325;"46147";"05119000";"Oberhausen";"Holten";
31329;"46147";"05119000";"Oberhausen";"Schmachtendorf";
31356;"46147";"05119000";"Oberhausen";"Sterkrade-Nord";
31359;"46149";"05119000";"Oberhausen";"Alsfeld";
31321;"46149";"05119000";"Oberhausen";"Buschhausen";
31354;"46149";"05119000";"Oberhausen";"Schwarze Heide";
31336;"46149";"05119000";"Oberhausen";"Stadtmitte";
31363;"46149";"05119000";"Oberhausen";"Sterkrade-Mitte";
27358;"46236";"05512000";"Bottrop";"Stadtmitte";
27360;"46238";"05512000";"Bottrop";"Batenbrock";
27369;"46238";"05512000";"Bottrop";"Welheim";
27370;"46238";"05512000";"Bottrop";"Welheimer Mark";
27361;"46240";"05512000";"Bottrop";"Boy";
27363;"46240";"05512000";"Bottrop";"Eigen";
27362;"46242";"05512000";"Bottrop";"Ebel";
27364;"46242";"05512000";"Bottrop";"Fuhlenbrock";
27366;"46242";"05512000";"Bottrop";"Lehmkuhle";
27359;"46242";"05512000";"Bottrop";"Stadtmitte";
27367;"46242";"05512000";"Bottrop";"Süd";
27368;"46242";"05512000";"Bottrop";"Vonderort";
27375;"46244";"05512000";"Bottrop";"Ekel";
27373;"46244";"05512000";"Bottrop";"Feldhausen";
27371;"46244";"05512000";"Bottrop";"Grafenwald";
27376;"46244";"05512000";"Bottrop";"Hardinghausen";
27372;"46244";"05512000";"Bottrop";"Holthausen";
27377;"46244";"05512000";"Bottrop";"Kirchhellen";
27365;"46244";"05512000";"Bottrop";"Kirchhellen Mitte";
27374;"46244";"05512000";"Bottrop";"Overhagen";
27573;"46282";"05562012";"Dorsten";"Altendorf Ulfkotte";
27574;"46282";"05562012";"Dorsten";"Altstadt";
27575;"46282";"05562012";"Dorsten";"Feldmark";
27576;"46282";"05562012";"Dorsten";"Hardt";
27581;"46282";"05562012";"Dorsten";"Östrich";
27577;"46284";"05562012";"Dorsten";"Hervest";
27578;"46284";"05562012";"Dorsten";"Holsterhausen";
27583;"46286";"05562012";"Dorsten";"Deuten";
27579;"46286";"05562012";"Dorsten";"Lembeck";
27580;"46286";"05562012";"Dorsten";"Rhade";
27582;"46286";"05562012";"Dorsten";"Wulfen";
27338;"46325";"05554012";"Borken";"Borken";
27339;"46325";"05554012";"Borken";"Borkenwirthe/Burlo";
27343;"46325";"05554012";"Borken";"Burlo";
27340;"46325";"05554012";"Borken";"Gemen";
27341;"46325";"05554012";"Borken";"Marbeck";
27342;"46325";"05554012";"Borken";"Weseke";
32546;"46342";"05554064";"Velen";"Ramsdorf";
32547;"46342";"05554064";"Velen";"Velen";
31628;"46348";"05554040";"Raesfeld";"Erle";
31629;"46348";"05554040";"Raesfeld";"Marbeck";
31630;"46348";"05554040";"Raesfeld";"Raesfeld";
32434;"46354";"05554060";"Südlohn";"Oeding";
32435;"46354";"05554060";"Südlohn";"Südlohn";
27116;"46395";"05554008";"Bocholt";"Biemenhorst";
27124;"46395";"05554008";"Bocholt";"Bocholt";
27119;"46395";"05554008";"Bocholt";"Liedern";
27120;"46395";"05554008";"Bocholt";"Lowick";
27122;"46395";"05554008";"Bocholt";"Mussum";
27114;"46397";"05554008";"Bocholt";"Barlo";
27125;"46397";"05554008";"Bocholt";"Bocholt";
27127;"46397";"05554008";"Bocholt";"Stenern";
27115;"46399";"05554008";"Bocholt";"Barlo";
27126;"46399";"05554008";"Bocholt";"Bocholt";
27117;"46399";"05554008";"Bocholt";"Hemden";
27118;"46399";"05554008";"Bocholt";"Holtwick";
27121;"46399";"05554008";"Bocholt";"Lowick";
27123;"46399";"05554008";"Bocholt";"Spork";
27128;"46399";"05554008";"Bocholt";"Stenern";
27129;"46399";"05554008";"Bocholt";"Suderwick";
31827;"46414";"05554048";"Rhede";"Büngern";
31828;"46414";"05554048";"Rhede";"Krechting";
31829;"46414";"05554048";"Rhede";"Krommert";
31830;"46414";"05554048";"Rhede";"Rhede";
31831;"46414";"05554048";"Rhede";"Vardingholt";
29386;"46419";"05554032";"Isselburg";"Anholt";
29387;"46419";"05554032";"Isselburg";"Heelden";
29391;"46419";"05554032";"Isselburg";"Herzebocholt";
29388;"46419";"05554032";"Isselburg";"Isselburg";
29389;"46419";"05554032";"Isselburg";"Vehlingen";
29390;"46419";"05554032";"Isselburg";"Werth";
28093;"46446";"05154008";"Emmerich am Rhein";"Borghees";
28094;"46446";"05154008";"Emmerich am Rhein";"Dornick";
28095;"46446";"05154008";"Emmerich am Rhein";"Elten";
28096;"46446";"05154008";"Emmerich am Rhein";"Emmerich";
28097;"46446";"05154008";"Emmerich am Rhein";"Hüthum";
28098;"46446";"05154008";"Emmerich am Rhein";"Klein-Netterden";
28099;"46446";"05154008";"Emmerich am Rhein";"Praest";
28100;"46446";"05154008";"Emmerich am Rhein";"Vrasselt";
31686;"46459";"05154044";"Rees";"Bienen";
31687;"46459";"05154044";"Rees";"Empel";
31688;"46459";"05154044";"Rees";"Esserden";
31689;"46459";"05154044";"Rees";"Grietherbusch";
31690;"46459";"05154044";"Rees";"Grietherort";
31691;"46459";"05154044";"Rees";"Haffen";
31692;"46459";"05154044";"Rees";"Haldern";
31693;"46459";"05154044";"Rees";"Mehr";
31694;"46459";"05154044";"Rees";"Millingen";
31695;"46459";"05154044";"Rees";"Rees";
31696;"46459";"05154044";"Rees";"Speldrop";
32895;"46483";"05170048";"Wesel";"Feldmark";
32901;"46483";"05170048";"Wesel";"Wesel";
32896;"46485";"05170048";"Wesel";"Feldmark";
32899;"46485";"05170048";"Wesel";"Fusternberg/Wackenbruch";
32904;"46485";"05170048";"Wesel";"Lackhausen";
32905;"46485";"05170048";"Wesel";"Lippedorf";
32906;"46485";"05170048";"Wesel";"Obrighoven";
32907;"46485";"05170048";"Wesel";"Schepersfeld";
32902;"46485";"05170048";"Wesel";"Wesel";
32891;"46487";"05170048";"Wesel";"Bislich";
32892;"46487";"05170048";"Wesel";"Blumenkamp";
32893;"46487";"05170048";"Wesel";"Büderich";
32894;"46487";"05170048";"Wesel";"Diersfordt";
32897;"46487";"05170048";"Wesel";"Feldmark";
32898;"46487";"05170048";"Wesel";"Flüren";
32900;"46487";"05170048";"Wesel";"Ginderich";
32903;"46487";"05170048";"Wesel";"Wesel";
28879;"46499";"05170012";"Hamminkeln";"Brünen";
28880;"46499";"05170012";"Hamminkeln";"Dingden";
28881;"46499";"05170012";"Hamminkeln";"Hamminkeln";
28882;"46499";"05170012";"Hamminkeln";"Loikum";
28883;"46499";"05170012";"Hamminkeln";"Mehrhoog";
28884;"46499";"05170012";"Hamminkeln";"Ringenberg";
28885;"46499";"05170012";"Hamminkeln";"Wertherbruch";
33161;"46509";"05170052";"Xanten";"Birten";
33162;"46509";"05170052";"Xanten";"Lüttingen";
33163;"46509";"05170052";"Xanten";"Marienbaum";
33164;"46509";"05170052";"Xanten";"Obermörmter";
33165;"46509";"05170052";"Xanten";"Vynen";
33166;"46509";"05170052";"Xanten";"Wardt";
33167;"46509";"05170052";"Xanten";"Xanten";
32062;"46514";"05170036";"Schermbeck";"Altschermbeck";
32063;"46514";"05170036";"Schermbeck";"Bricht";
32064;"46514";"05170036";"Schermbeck";"Damm";
32065;"46514";"05170036";"Schermbeck";"Dämmerwald";
32066;"46514";"05170036";"Schermbeck";"Gahlen";
32067;"46514";"05170036";"Schermbeck";"Overbeck";
32068;"46514";"05170036";"Schermbeck";"Schermbeck";
32069;"46514";"05170036";"Schermbeck";"Weselerwald";
26604;"46519";"05170004";"Alpen";"Alpen";
26605;"46519";"05170004";"Alpen";"Bönninghardt";
26607;"46519";"05170004";"Alpen";"Menzelen-Ost";
26606;"46519";"05170004";"Alpen";"Menzelen-West";
26608;"46519";"05170004";"Alpen";"Veen";
27543;"46535";"05170008";"Dinslaken";"Am Stapp";
27544;"46535";"05170008";"Dinslaken";"Averbruch";
27545;"46535";"05170008";"Dinslaken";"Eppinghoven";
27547;"46535";"05170008";"Dinslaken";"Innenstadt";
27553;"46537";"05170008";"Dinslaken";"Bruch";
27548;"46537";"05170008";"Dinslaken";"Innenstadt";
27550;"46537";"05170008";"Dinslaken";"Lohberg";
27546;"46539";"05170008";"Dinslaken";"Hiesfeld";
27549;"46539";"05170008";"Dinslaken";"Innenstadt";
27551;"46539";"05170008";"Dinslaken";"Lohberg";
27552;"46539";"05170008";"Dinslaken";"Oberlohberg";
32609;"46562";"05170044";"Voerde (Niederrhein)";"Friedrichsfeld";
32610;"46562";"05170044";"Voerde (Niederrhein)";"Götterswickerhamm";
32611;"46562";"05170044";"Voerde (Niederrhein)";"Holthausen";
32612;"46562";"05170044";"Voerde (Niederrhein)";"Löhnen";
32614;"46562";"05170044";"Voerde (Niederrhein)";"Mehrum";
32613;"46562";"05170044";"Voerde (Niederrhein)";"Möllen";
32615;"46562";"05170044";"Voerde (Niederrhein)";"Spellen";
32616;"46562";"05170044";"Voerde (Niederrhein)";"Stockum";
32617;"46562";"05170044";"Voerde (Niederrhein)";"Voerde";
29280;"46569";"05170016";"Hünxe";"Bruckhausen";
29281;"46569";"05170016";"Hünxe";"Bucholtwelmen";
29282;"46569";"05170016";"Hünxe";"Drevenack";
29283;"46569";"05170016";"Hünxe";"Gartrop-Bühl";
29284;"46569";"05170016";"Hünxe";"Hünxe";
29286;"46569";"05170016";"Hünxe";"Hünxerwald";
29285;"46569";"05170016";"Hünxe";"Krudenburg";
27939;"47051";"05112000";"Duisburg";"Altstadt";
27955;"47051";"05112000";"Duisburg";"Dellviertel";
27958;"47051";"05112000";"Duisburg";"Duissern";
27975;"47051";"05112000";"Duisburg";"Kaßlerfeld";
27940;"47053";"05112000";"Duisburg";"Altstadt";
27956;"47053";"05112000";"Duisburg";"Dellviertel";
27969;"47053";"05112000";"Duisburg";"Hochfeld";
28014;"47053";"05112000";"Duisburg";"Wanheimerort";
27985;"47055";"05112000";"Duisburg";"Neudorf-Süd";
28011;"47055";"05112000";"Duisburg";"Wanheim-Angerhausen";
28015;"47055";"05112000";"Duisburg";"Wanheimerort";
27957;"47057";"05112000";"Duisburg";"Dellviertel";
27970;"47057";"05112000";"Duisburg";"Hochfeld";
27984;"47057";"05112000";"Duisburg";"Neudorf-Nord";
27986;"47057";"05112000";"Duisburg";"Neudorf-Süd";
27941;"47058";"05112000";"Duisburg";"Altstadt";
27959;"47058";"05112000";"Duisburg";"Duissern";
27976;"47059";"05112000";"Duisburg";"Kaßlerfeld";
27988;"47059";"05112000";"Duisburg";"Neuenkamp";
27943;"47119";"05112000";"Duisburg";"Beeck";
27977;"47119";"05112000";"Duisburg";"Laar";
28002;"47119";"05112000";"Duisburg";"Ruhrort";
27981;"47137";"05112000";"Duisburg";"Mittelmeiderich";
27994;"47137";"05112000";"Duisburg";"Obermeiderich";
28006;"47137";"05112000";"Duisburg";"Untermeiderich";
27982;"47138";"05112000";"Duisburg";"Mittelmeiderich";
27989;"47138";"05112000";"Duisburg";"Neumühl";
27995;"47138";"05112000";"Duisburg";"Obermeiderich";
28003;"47138";"05112000";"Duisburg";"Ruhrort";
28007;"47138";"05112000";"Duisburg";"Untermeiderich";
27944;"47139";"05112000";"Duisburg";"Beeck";
27946;"47139";"05112000";"Duisburg";"Beeckerwerth";
28008;"47139";"05112000";"Duisburg";"Untermeiderich";
27935;"47166";"05112000";"Duisburg";"Alt-Hamborn";
27945;"47166";"05112000";"Duisburg";"Beeck";
27952;"47166";"05112000";"Duisburg";"Bruckhausen";
27978;"47166";"05112000";"Duisburg";"Marxloh";
27990;"47166";"05112000";"Duisburg";"Neumühl";
27992;"47166";"05112000";"Duisburg";"Obermarxloh";
27979;"47167";"05112000";"Duisburg";"Marxloh";
27991;"47167";"05112000";"Duisburg";"Neumühl";
27993;"47167";"05112000";"Duisburg";"Obermarxloh";
27997;"47167";"05112000";"Duisburg";"Röttgersbach";
27933;"47169";"05112000";"Duisburg";"Aldenrade";
27960;"47169";"05112000";"Duisburg";"Fahrn";
27980;"47169";"05112000";"Duisburg";"Marxloh";
27998;"47169";"05112000";"Duisburg";"Röttgersbach";
28018;"47169";"05112000";"Duisburg";"Wehofen";
27937;"47178";"05112000";"Duisburg";"Alt-Walsum";
27996;"47178";"05112000";"Duisburg";"Overbruch";
28009;"47178";"05112000";"Duisburg";"Vierlinden";
27934;"47179";"05112000";"Duisburg";"Aldenrade";
27938;"47179";"05112000";"Duisburg";"Alt-Walsum";
27961;"47179";"05112000";"Duisburg";"Fahrn";
28010;"47179";"05112000";"Duisburg";"Vierlinden";
28019;"47179";"05112000";"Duisburg";"Wehofen";
27936;"47198";"05112000";"Duisburg";"Alt-Homberg";
27947;"47198";"05112000";"Duisburg";"Beeckerwerth";
27971;"47198";"05112000";"Duisburg";"Hochheide";
27942;"47199";"05112000";"Duisburg";"Baerl";
27972;"47199";"05112000";"Duisburg";"Hochheide";
27948;"47226";"05112000";"Duisburg";"Bergheim";
27967;"47226";"05112000";"Duisburg";"Hochemmerich";
28000;"47226";"05112000";"Duisburg";"Rheinhausen-Mitte";
27949;"47228";"05112000";"Duisburg";"Bergheim";
27962;"47228";"05112000";"Duisburg";"Friemersheim";
27968;"47228";"05112000";"Duisburg";"Hochemmerich";
28020;"47228";"05112000";"Duisburg";"Winkelhausen";
27950;"47229";"05112000";"Duisburg";"Bergheim";
27963;"47229";"05112000";"Duisburg";"Friemersheim";
28001;"47229";"05112000";"Duisburg";"Rheinhausen-Mitte";
28004;"47239";"05112000";"Duisburg";"Rumeln-Kaldenhausen";
27953;"47249";"05112000";"Duisburg";"Buchholz";
27964;"47249";"05112000";"Duisburg";"Großenbaum";
28012;"47249";"05112000";"Duisburg";"Wanheim-Angerhausen";
27973;"47259";"05112000";"Duisburg";"Huckingen";
27974;"47259";"05112000";"Duisburg";"Hüttenheim";
27983;"47259";"05112000";"Duisburg";"Mündelheim";
28005;"47259";"05112000";"Duisburg";"Ungelsheim";
28013;"47259";"05112000";"Duisburg";"Wanheim-Angerhausen";
27965;"47269";"05112000";"Duisburg";"Großenbaum";
27999;"47269";"05112000";"Duisburg";"Rahm";
27951;"47279";"05112000";"Duisburg";"Bissingheim";
27954;"47279";"05112000";"Duisburg";"Buchholz";
27966;"47279";"05112000";"Duisburg";"Großenbaum";
27987;"47279";"05112000";"Duisburg";"Neudorf-Süd";
28016;"47279";"05112000";"Duisburg";"Wanheimerort";
28017;"47279";"05112000";"Duisburg";"Wedau";
30698;"47441";"05170024";"Moers";"Asberg";
30706;"47441";"05170024";"Moers";"Hülsdonk";
30707;"47441";"05170024";"Moers";"Moers-Mitte";
30699;"47443";"05170024";"Moers";"Baerler Busch";
30704;"47443";"05170024";"Moers";"Hochstraß";
30712;"47443";"05170024";"Moers";"Meerbeck";
30708;"47443";"05170024";"Moers";"Moers-Mitte";
30715;"47443";"05170024";"Moers";"Scherpenberg";
30701;"47445";"05170024";"Moers";"Bornheim";
30702;"47445";"05170024";"Moers";"Eick";
30703;"47445";"05170024";"Moers";"Genend";
30709;"47445";"05170024";"Moers";"Kapellen-Mitte";
30711;"47445";"05170024";"Moers";"Kohlenhuck";
30713;"47445";"05170024";"Moers";"Repelen";
30714;"47445";"05170024";"Moers";"Rheinkamp Mitte";
30717;"47445";"05170024";"Moers";"Utfort";
30696;"47447";"05170024";"Moers";"Achterathsfeld";
30697;"47447";"05170024";"Moers";"Achterathsheide";
30700;"47447";"05170024";"Moers";"Bettenkamp";
30705;"47447";"05170024";"Moers";"Holderberg";
30710;"47447";"05170024";"Moers";"Kapellen-Mitte";
30716;"47447";"05170024";"Moers";"Schwafheim";
30718;"47447";"05170024";"Moers";"Vennikel";
30719;"47447";"05170024";"Moers";"Vinn";
29513;"47475";"05170020";"Kamp-Lintfort";"Altfeld";
29514;"47475";"05170020";"Kamp-Lintfort";"Dachsberg";
29515;"47475";"05170020";"Kamp-Lintfort";"Dachsbruch";
29516;"47475";"05170020";"Kamp-Lintfort";"Geisbruch";
29517;"47475";"05170020";"Kamp-Lintfort";"Gestfeld";
29518;"47475";"05170020";"Kamp-Lintfort";"Hoerstgen";
29520;"47475";"05170020";"Kamp-Lintfort";"Kamp";
29521;"47475";"05170020";"Kamp-Lintfort";"Kamperbrück";
29522;"47475";"05170020";"Kamp-Lintfort";"Lintfort";
29523;"47475";"05170020";"Kamp-Lintfort";"Niersenbruch";
29524;"47475";"05170020";"Kamp-Lintfort";"Rossenray";
29525;"47475";"05170020";"Kamp-Lintfort";"Saalhoff";
29519;"47475";"05170020";"Kamp-Lintfort";"Stadtkern";
29526;"47475";"05170020";"Kamp-Lintfort";"Wickrath";
31856;"47495";"05170032";"Rheinberg";"Alpsray";
31857;"47495";"05170032";"Rheinberg";"Borth";
31858;"47495";"05170032";"Rheinberg";"Budberg";
31859;"47495";"05170032";"Rheinberg";"Eversael";
31861;"47495";"05170032";"Rheinberg";"Millingen";
31862;"47495";"05170032";"Rheinberg";"Orsoy";
31863;"47495";"05170032";"Rheinberg";"Ossenberg";
31860;"47495";"05170032";"Rheinberg";"Rheinberg";
31864;"47495";"05170032";"Rheinberg";"Vierbaum";
31865;"47495";"05170032";"Rheinberg";"Wallach";
31057;"47506";"05170028";"Neukirchen-Vluyn";"Dong";
31058;"47506";"05170028";"Neukirchen-Vluyn";"Hochkamer";
31059;"47506";"05170028";"Neukirchen-Vluyn";"Hülsdonk";
31060;"47506";"05170028";"Neukirchen-Vluyn";"Neukirchen";
31061;"47506";"05170028";"Neukirchen-Vluyn";"Niep";
31062;"47506";"05170028";"Neukirchen-Vluyn";"Rayen";
31063;"47506";"05170028";"Neukirchen-Vluyn";"Vluyn";
31064;"47506";"05170028";"Neukirchen-Vluyn";"Vluynbusch";
31896;"47509";"05154048";"Rheurdt";"Finkenberg";
31897;"47509";"05154048";"Rheurdt";"Kengen";
31898;"47509";"05154048";"Rheurdt";"Lind";
31899;"47509";"05154048";"Rheurdt";"Neufeld";
31900;"47509";"05154048";"Rheurdt";"Rheurdt";
31901;"47509";"05154048";"Rheurdt";"Saelhuysen";
31902;"47509";"05154048";"Rheurdt";"Schaephuysen";
29611;"47533";"05154036";"Kleve";"Bimmen";
29612;"47533";"05154036";"Kleve";"Brienen";
29613;"47533";"05154036";"Kleve";"Donsbrüggen";
29614;"47533";"05154036";"Kleve";"Düffelward";
29615;"47533";"05154036";"Kleve";"Griethausen";
29616;"47533";"05154036";"Kleve";"Keeken";
29617;"47533";"05154036";"Kleve";"Kellen";
29618;"47533";"05154036";"Kleve";"Kleve";
29619;"47533";"05154036";"Kleve";"Materborn";
29620;"47533";"05154036";"Kleve";"Reichswalde";
29621;"47533";"05154036";"Kleve";"Rindern";
29622;"47533";"05154036";"Kleve";"Salmorth";
29623;"47533";"05154036";"Kleve";"Schenkenschanz";
29624;"47533";"05154036";"Kleve";"Warbeyen";
29625;"47533";"05154036";"Kleve";"Wardhausen";
29454;"47546";"05154024";"Kalkar";"Altkalkar";
29455;"47546";"05154024";"Kalkar";"Appeldorn";
29456;"47546";"05154024";"Kalkar";"Bylerward";
29457;"47546";"05154024";"Kalkar";"Emmericher Eyland";
29458;"47546";"05154024";"Kalkar";"Grieth";
29460;"47546";"05154024";"Kalkar";"Hanselaer";
29459;"47546";"05154024";"Kalkar";"Hönnepel";
29461;"47546";"05154024";"Kalkar";"Kalkar";
29462;"47546";"05154024";"Kalkar";"Kehrum";
29463;"47546";"05154024";"Kalkar";"Neulouisendorf";
29464;"47546";"05154024";"Kalkar";"Niedermörmter";
29465;"47546";"05154024";"Kalkar";"Wissel";
29466;"47546";"05154024";"Kalkar";"Wisselward";
26928;"47551";"05154004";"Bedburg-Hau";"Hasselt";
26927;"47551";"05154004";"Bedburg-Hau";"Hau";
26929;"47551";"05154004";"Bedburg-Hau";"Huisberden";
26930;"47551";"05154004";"Bedburg-Hau";"Louisendorf";
26931;"47551";"05154004";"Bedburg-Hau";"Qualburg";
26932;"47551";"05154004";"Bedburg-Hau";"Schneppenbaum";
26933;"47551";"05154004";"Bedburg-Hau";"Till-Moyland";
29857;"47559";"05154040";"Kranenburg";"Frasselt";
29858;"47559";"05154040";"Kranenburg";"Grafwegen";
29859;"47559";"05154040";"Kranenburg";"Kranenburg";
29860;"47559";"05154040";"Kranenburg";"Mehr";
29861;"47559";"05154040";"Kranenburg";"Niel";
29862;"47559";"05154040";"Kranenburg";"Nütterden";
29863;"47559";"05154040";"Kranenburg";"Schottheide";
29864;"47559";"05154040";"Kranenburg";"Wyler";
29865;"47559";"05154040";"Kranenburg";"Zyfflich";
28624;"47574";"05154016";"Goch";"Asperden";
28625;"47574";"05154016";"Goch";"Goch";
28626;"47574";"05154016";"Goch";"Hassum";
28627;"47574";"05154016";"Goch";"Hommersum";
28628;"47574";"05154016";"Goch";"Hülm";
28629;"47574";"05154016";"Goch";"Kessel";
28630;"47574";"05154016";"Goch";"Nierswalde";
28631;"47574";"05154016";"Goch";"Pfalzdorf";
32510;"47589";"05154056";"Uedem";"Keppeln";
32511;"47589";"05154056";"Uedem";"Uedem";
32512;"47589";"05154056";"Uedem";"Uedemerbruch";
32513;"47589";"05154056";"Uedem";"Uedemerfeld";
28567;"47608";"05154012";"Geldern";"Geldern";
28568;"47608";"05154012";"Geldern";"Hartefeld";
28569;"47608";"05154012";"Geldern";"Kapellen";
28570;"47608";"05154012";"Geldern";"Lüllingen";
28571;"47608";"05154012";"Geldern";"Pont";
28572;"47608";"05154012";"Geldern";"Veert";
28573;"47608";"05154012";"Geldern";"Vernum";
28574;"47608";"05154012";"Geldern";"Walbeck";
29550;"47623";"05154032";"Kevelaer";"Kevelaer";
29551;"47624";"05154032";"Kevelaer";"Twisteden";
29552;"47625";"05154032";"Kevelaer";"Twisteden";
29553;"47625";"05154032";"Kevelaer";"Wetten";
29554;"47626";"05154032";"Kevelaer";"Winnekendonk";
29549;"47627";"05154032";"Kevelaer";"Kervenheim";
32415;"47638";"05154052";"Straelen";"Auwel";
32428;"47638";"05154052";"Straelen";"Boekholt";
32416;"47638";"05154052";"Straelen";"Broekhuysen";
32424;"47638";"05154052";"Straelen";"Brüxken";
32417;"47638";"05154052";"Straelen";"Dam";
32413;"47638";"05154052";"Straelen";"Herongen";
32430;"47638";"05154052";"Straelen";"Herschel";
32418;"47638";"05154052";"Straelen";"Hetzert";
32419;"47638";"05154052";"Straelen";"Holt";
32420;"47638";"05154052";"Straelen";"Kastanienburg";
32426;"47638";"05154052";"Straelen";"Louisenburg";
32432;"47638";"05154052";"Straelen";"Mühlensteeg";
32431;"47638";"05154052";"Straelen";"Niersbroek";
32421;"47638";"05154052";"Straelen";"Rieth";
32425;"47638";"05154052";"Straelen";"Sang";
32414;"47638";"05154052";"Straelen";"Straelen";
32429;"47638";"05154052";"Straelen";"Vlasrath";
32422;"47638";"05154052";"Straelen";"Vorst";
32427;"47638";"05154052";"Straelen";"Vossum";
32423;"47638";"05154052";"Straelen";"Westerbroek";
32433;"47638";"05154052";"Straelen";"Zand";
29531;"47647";"05154028";"Kerken";"Aldekerk";
29534;"47647";"05154028";"Kerken";"Kerken";
29532;"47647";"05154028";"Kerken";"Nieukerk";
29533;"47647";"05154028";"Kerken";"Stenden";
32755;"47652";"05154064";"Weeze";"Laarbruch";
32756;"47652";"05154064";"Weeze";"Weeze";
32757;"47652";"05154064";"Weeze";"Wemb";
29392;"47661";"05154020";"Issum";"Issum";
29393;"47661";"05154020";"Issum";"Oermten";
29394;"47661";"05154020";"Issum";"Sevelen";
32346;"47665";"05170040";"Sonsbeck";"Hamb";
32347;"47665";"05170040";"Sonsbeck";"Labbeck";
32348;"47665";"05170040";"Sonsbeck";"Sonsbeck";
32636;"47669";"05154060";"Wachtendonk";"Wachtendonk";
32637;"47669";"05154060";"Wachtendonk";"Wankum";
29874;"47798";"05114000";"Krefeld";"Cracau";
29877;"47798";"05114000";"Krefeld";"Dießem/Lehmheide";
29895;"47798";"05114000";"Krefeld";"Inrath/Kliedbruch";
29899;"47798";"05114000";"Krefeld";"Kempener Feld/Baakeshof";
29905;"47798";"05114000";"Krefeld";"Stadtmitte";
29870;"47799";"05114000";"Krefeld";"Bockum";
29875;"47799";"05114000";"Krefeld";"Cracau";
29906;"47799";"05114000";"Krefeld";"Stadtmitte";
29871;"47800";"05114000";"Krefeld";"Bockum";
29886;"47800";"05114000";"Krefeld";"Gartenstadt";
29903;"47800";"05114000";"Krefeld";"Oppum";
29907;"47800";"05114000";"Krefeld";"Stadtmitte";
29910;"47800";"05114000";"Krefeld";"Uerdingen";
29913;"47800";"05114000";"Krefeld";"Verberg";
29887;"47802";"05114000";"Krefeld";"Gartenstadt";
29892;"47802";"05114000";"Krefeld";"Hülser Berg";
29896;"47802";"05114000";"Krefeld";"Inrath/Kliedbruch";
29909;"47802";"05114000";"Krefeld";"Traar";
29911;"47802";"05114000";"Krefeld";"Uerdingen";
29914;"47802";"05114000";"Krefeld";"Verberg";
29866;"47803";"05114000";"Krefeld";"Benrad-Nord";
29868;"47803";"05114000";"Krefeld";"Benrad-Süd";
29872;"47803";"05114000";"Krefeld";"Bockum";
29876;"47803";"05114000";"Krefeld";"Cracau";
29893;"47803";"05114000";"Krefeld";"Hülser Berg";
29897;"47803";"05114000";"Krefeld";"Inrath/Kliedbruch";
29900;"47803";"05114000";"Krefeld";"Kempener Feld/Baakeshof";
29908;"47803";"05114000";"Krefeld";"Stadtmitte";
29867;"47804";"05114000";"Krefeld";"Benrad-Nord";
29869;"47804";"05114000";"Krefeld";"Benrad-Süd";
29881;"47804";"05114000";"Krefeld";"Fischeln";
29885;"47804";"05114000";"Krefeld";"Forstwald";
29890;"47804";"05114000";"Krefeld";"Hüls";
29901;"47804";"05114000";"Krefeld";"Kempener Feld/Baakeshof";
29878;"47805";"05114000";"Krefeld";"Dießem/Lehmheide";
29882;"47805";"05114000";"Krefeld";"Fischeln";
29879;"47807";"05114000";"Krefeld";"Dießem/Lehmheide";
29883;"47807";"05114000";"Krefeld";"Fischeln";
29873;"47809";"05114000";"Krefeld";"Bockum";
29880;"47809";"05114000";"Krefeld";"Dießem/Lehmheide";
29884;"47809";"05114000";"Krefeld";"Fischeln";
29889;"47809";"05114000";"Krefeld";"Gellep-Stratum";
29902;"47809";"05114000";"Krefeld";"Linn";
29904;"47809";"05114000";"Krefeld";"Oppum";
29888;"47829";"05114000";"Krefeld";"Gartenstadt";
29912;"47829";"05114000";"Krefeld";"Uerdingen";
29891;"47839";"05114000";"Krefeld";"Hüls";
29894;"47839";"05114000";"Krefeld";"Hülser Berg";
29898;"47839";"05114000";"Krefeld";"Inrath/Kliedbruch";
32997;"47877";"05166036";"Willich";"Anrath";
32998;"47877";"05166036";"Willich";"Neersen";
32999;"47877";"05166036";"Willich";"Schiefbahn";
33000;"47877";"05166036";"Willich";"Willich";
29527;"47906";"05166012";"Kempen";"Kempen";
29530;"47906";"05166012";"Kempen";"Niederfeld";
29528;"47906";"05166012";"Kempen";"St. Hubert";
29529;"47906";"05166012";"Kempen";"Tönisberg";
32486;"47918";"05166028";"Tönisvorst";"St. Tönis";
32485;"47918";"05166028";"Tönisvorst";"Vorst";
28632;"47929";"05166008";"Grefrath";"Grefrath";
28633;"47929";"05166008";"Grefrath";"Mülhausen";
28634;"47929";"05166008";"Grefrath";"Oedt";
28635;"47929";"05166008";"Grefrath";"Vinkrath";
30956;"48143";"05515000";"Münster";"Centrum";
30957;"48145";"05515000";"Münster";"Centrum";
30983;"48145";"05515000";"Münster";"Mauritz";
30958;"48147";"05515000";"Münster";"Centrum";
30997;"48147";"05515000";"Münster";"Wienburg";
30959;"48149";"05515000";"Münster";"Centrum";
30970;"48149";"05515000";"Münster";"Gievenbeck";
30991;"48149";"05515000";"Münster";"Sentrup";
30998;"48149";"05515000";"Münster";"Wienburg";
30946;"48151";"05515000";"Münster";"Aaseestadt";
30960;"48151";"05515000";"Münster";"Centrum";
30965;"48151";"05515000";"Münster";"Geist";
30953;"48153";"05515000";"Münster";"Berg Fidel";
30961;"48153";"05515000";"Münster";"Centrum";
30966;"48153";"05515000";"Münster";"Geist";
30962;"48155";"05515000";"Münster";"Centrum";
30968;"48155";"05515000";"Münster";"Gelmer";
30973;"48155";"05515000";"Münster";"Gremmendorf";
30976;"48155";"05515000";"Münster";"Hafen";
30977;"48155";"05515000";"Münster";"Handorf";
30984;"48155";"05515000";"Münster";"Mauritz";
31001;"48155";"05515000";"Münster";"Wolbeck";
30964;"48157";"05515000";"Münster";"Coerde";
30969;"48157";"05515000";"Münster";"Gelmer";
30974;"48157";"05515000";"Münster";"Gremmendorf";
30978;"48157";"05515000";"Münster";"Handorf";
30981;"48157";"05515000";"Münster";"Kinderhaus";
30985;"48157";"05515000";"Münster";"Mauritz";
30994;"48157";"05515000";"Münster";"Sprakel";
30999;"48157";"05515000";"Münster";"Wienburg";
30963;"48159";"05515000";"Münster";"Centrum";
30971;"48159";"05515000";"Münster";"Gievenbeck";
30982;"48159";"05515000";"Münster";"Kinderhaus";
30987;"48159";"05515000";"Münster";"Nienberge";
30995;"48159";"05515000";"Münster";"Sprakel";
31000;"48159";"05515000";"Münster";"Wienburg";
30972;"48161";"05515000";"Münster";"Gievenbeck";
30988;"48161";"05515000";"Münster";"Nienberge";
30989;"48161";"05515000";"Münster";"Roxel";
30992;"48161";"05515000";"Münster";"Sentrup";
30996;"48161";"05515000";"Münster";"Sprakel";
30947;"48163";"05515000";"Münster";"Aaseestadt";
30948;"48163";"05515000";"Münster";"Albachten";
30949;"48163";"05515000";"Münster";"Amelsbüren";
30954;"48163";"05515000";"Münster";"Berg Fidel";
30967;"48163";"05515000";"Münster";"Geist";
30979;"48163";"05515000";"Münster";"Hiltrup";
30986;"48163";"05515000";"Münster";"Mecklenbeck";
30990;"48163";"05515000";"Münster";"Roxel";
30993;"48163";"05515000";"Münster";"Sentrup";
31003;"48163";"05515000";"Münster";"Stadt Ascheberg";
30950;"48165";"05515000";"Münster";"Amelsbüren";
30951;"48165";"05515000";"Münster";"Angelmodde";
30955;"48165";"05515000";"Münster";"Berg Fidel";
30980;"48165";"05515000";"Münster";"Hiltrup";
30952;"48167";"05515000";"Münster";"Angelmodde";
30975;"48167";"05515000";"Münster";"Gremmendorf";
31002;"48167";"05515000";"Münster";"Wolbeck";
32733;"48231";"05570052";"Warendorf";"Einen";
32734;"48231";"05570052";"Warendorf";"Freckenhorst";
32735;"48231";"05570052";"Warendorf";"Hoetmar";
32736;"48231";"05570052";"Warendorf";"Milte";
32737;"48231";"05570052";"Warendorf";"Müssingen";
32738;"48231";"05570052";"Warendorf";"Warendorf";
27780;"48249";"05558016";"Dülmen";"Buldern";
27781;"48249";"05558016";"Dülmen";"Dülmen";
27782;"48249";"05558016";"Dülmen";"Hausdülmen";
27783;"48249";"05558016";"Dülmen";"Hiddingsel";
27784;"48249";"05558016";"Dülmen";"Merfeld";
27785;"48249";"05558016";"Dülmen";"Rorup";
28636;"48268";"05566012";"Greven";"Gimbte";
28637;"48268";"05566012";"Greven";"Greven";
28638;"48268";"05566012";"Greven";"Reckenfeld";
32467;"48291";"05570044";"Telgte";"Telgte";
32468;"48291";"05570044";"Telgte";"Westbevern";
31224;"48301";"05558032";"Nottuln";"Appelhülsen";
31225;"48301";"05558032";"Nottuln";"Darup";
31226;"48301";"05558032";"Nottuln";"Nottuln";
31227;"48301";"05558032";"Nottuln";"Schapdetten";
32240;"48308";"05558044";"Senden";"Bösensell";
32241;"48308";"05558044";"Senden";"Ottmarsbocholt";
32242;"48308";"05558044";"Senden";"Senden";
32243;"48308";"05558044";"Senden";"Stadt Lüdinghausen";
27719;"48317";"05570016";"Drensteinfurt";"Drensteinfurt";
27720;"48317";"05570016";"Drensteinfurt";"Rinkerode";
27721;"48317";"05570016";"Drensteinfurt";"Walstedde";
32244;"48324";"05570040";"Sendenhorst";"Albersloh";
32245;"48324";"05570040";"Sendenhorst";"Sendenhorst";
28902;"48329";"05558020";"Havixbeck";"Havixbeck";
28903;"48329";"05558020";"Havixbeck";"Hohenholte";
32049;"48336";"05570036";"Sassenberg";"Füchtorf";
32050;"48336";"05570036";"Sassenberg";"Gröblingen";
32051;"48336";"05570036";"Sassenberg";"Sassenberg";
28419;"48351";"05570024";"Everswinkel";"Alverskirchen";
28420;"48351";"05570024";"Everswinkel";"Everswinkel";
29982;"48366";"05566036";"Laer";"Holthausen";
29983;"48366";"05566036";"Laer";"Laer";
31866;"48429";"05566076";"Rheine";"Altenrheine";
31871;"48429";"05566076";"Rheine";"Eschendorf/Gellendorf";
31875;"48429";"05566076";"Rheine";"Innenstadt";
31880;"48429";"05566076";"Rheine";"Kanalhafen/Rodde";
31882;"48429";"05566076";"Rheine";"Rheine";
31885;"48429";"05566076";"Rheine";"Schotthock";
31868;"48431";"05566076";"Rheine";"Catenhorn";
31893;"48431";"05566076";"Rheine";"Dorenkamp";
31891;"48431";"05566076";"Rheine";"Dutum";
31873;"48431";"05566076";"Rheine";"Hauenhorst";
31876;"48431";"05566076";"Rheine";"Innenstadt";
31883;"48431";"05566076";"Rheine";"Rheine";
31889;"48431";"05566076";"Rheine";"Wadelheim";
31887;"48431";"05566076";"Rheine";"Wietesch/Schleupe";
31867;"48432";"05566076";"Rheine";"Altenrheine";
31895;"48432";"05566076";"Rheine";"Baarentelgen";
31894;"48432";"05566076";"Rheine";"Bentlage";
31869;"48432";"05566076";"Rheine";"Catenhorn";
31892;"48432";"05566076";"Rheine";"Dutum";
31870;"48432";"05566076";"Rheine";"Elte";
31872;"48432";"05566076";"Rheine";"Eschendorf/Gellendorf";
31874;"48432";"05566076";"Rheine";"Hauenhorst";
31877;"48432";"05566076";"Rheine";"Innenstadt";
31878;"48432";"05566076";"Rheine";"Kanalhafen";
31881;"48432";"05566076";"Rheine";"Kanalhafen/Rodde";
31879;"48432";"05566076";"Rheine";"Mesum";
31884;"48432";"05566076";"Rheine";"Rheine";
31886;"48432";"05566076";"Rheine";"Schotthock";
31890;"48432";"05566076";"Rheine";"Wadelheim";
31888;"48432";"05566076";"Rheine";"Wietesch/Schleupe";
29201;"48477";"05566016";"Hörstel";"Bevergern";
29202;"48477";"05566016";"Hörstel";"Dreierwalde";
29203;"48477";"05566016";"Hörstel";"Hörstel";
29204;"48477";"05566016";"Hörstel";"Riesenbeck";
31049;"48485";"05566060";"Neuenkirchen";"Neuenkirchen";
31050;"48485";"05566060";"Neuenkirchen";"St. Arnold";
29227;"48496";"05566020";"Hopsten";"Halverde";
29228;"48496";"05566020";"Hopsten";"Hopsten";
29229;"48496";"05566020";"Hopsten";"Schale";
32362;"48565";"05566084";"Steinfurt";"Borghorst";
32363;"48565";"05566084";"Steinfurt";"Burgsteinfurt";
28669;"48599";"05554020";"Gronau (Westf.)";"Epe";
28670;"48599";"05554020";"Gronau (Westf.)";"Gronau";
31371;"48607";"05566068";"Ochtrup";"Langenhorst";
31372;"48607";"05566068";"Ochtrup";"Ochtrup";
31373;"48607";"05566068";"Ochtrup";"Welbergen";
29246;"48612";"05566024";"Horstmar";"Horstmar";
29247;"48612";"05566024";"Horstmar";"Leer";
28904;"48619";"05554024";"Heek";"Heek";
28905;"48619";"05554024";"Heek";"Nienborg";
32191;"48624";"05554052";"Schöppingen";"Eggerode";
32192;"48624";"05554052";"Schöppingen";"Schöppingen";
27487;"48653";"05558012";"Coesfeld";"Brink";
27488;"48653";"05558012";"Coesfeld";"Coesfeld";
27489;"48653";"05558012";"Coesfeld";"Goxel";
27490;"48653";"05558012";"Coesfeld";"Lette";
26577;"48683";"05554004";"Ahaus";"Ahaus";
26578;"48683";"05554004";"Ahaus";"Alstätte";
26579;"48683";"05554004";"Ahaus";"Graes";
26580;"48683";"05554004";"Ahaus";"Ottenstein";
26581;"48683";"05554004";"Ahaus";"Wessum";
26582;"48683";"05554004";"Ahaus";"Wüllen";
32618;"48691";"05554068";"Vreden";"Ammeloe";
32619;"48691";"05554068";"Vreden";"Ellewick";
32620;"48691";"05554068";"Vreden";"Lünten";
32621;"48691";"05554068";"Vreden";"Vreden";
28597;"48712";"05554016";"Gescher";"Gescher";
28598;"48712";"05554016";"Gescher";"Hochmoor";
31940;"48720";"05558040";"Rosendahl";"Darfeld";
31941;"48720";"05558040";"Rosendahl";"Holtwick";
31942;"48720";"05558040";"Rosendahl";"Osterwick";
31943;"48720";"05558040";"Rosendahl";"Rosendahl";
31802;"48734";"05554044";"Reken";"Bahnhof Reken";
31799;"48734";"05554044";"Reken";"Groß Reken";
31803;"48734";"05554044";"Reken";"Hülsten";
31800;"48734";"05554044";"Reken";"Klein Reken";
31801;"48734";"05554044";"Reken";"Maria Veen";
31804;"48734";"05554044";"Reken";"Reken";
30019;"48739";"05554036";"Legden";"Asbeck";
30020;"48739";"05554036";"Legden";"Legden";
29312;"49477";"05566028";"Ibbenbüren";"Alstedde";
29314;"49477";"05566028";"Ibbenbüren";"Bockraden";
29319;"49477";"05566028";"Ibbenbüren";"Lehen";
29323;"49477";"05566028";"Ibbenbüren";"Schafberg";
29325;"49477";"05566028";"Ibbenbüren";"Schierloh";
29327;"49477";"05566028";"Ibbenbüren";"Stadt";
29313;"49479";"05566028";"Ibbenbüren";"Alstedde";
29315;"49479";"05566028";"Ibbenbüren";"Bockraden";
29317;"49479";"05566028";"Ibbenbüren";"Dickenberg";
29316;"49479";"05566028";"Ibbenbüren";"Dörenthe";
29318;"49479";"05566028";"Ibbenbüren";"Laggenbeck";
29320;"49479";"05566028";"Ibbenbüren";"Lehen";
29321;"49479";"05566028";"Ibbenbüren";"Osterledde";
29322;"49479";"05566028";"Ibbenbüren";"Püsselbüren";
29324;"49479";"05566028";"Ibbenbüren";"Schafberg";
29326;"49479";"05566028";"Ibbenbüren";"Schierloh";
29328;"49479";"05566028";"Ibbenbüren";"Stadt";
29329;"49479";"05566028";"Ibbenbüren";"Uffeln";
32912;"49492";"05566092";"Westerkappeln";"Düte";
32913;"49492";"05566092";"Westerkappeln";"Hambüren";
32914;"49492";"05566092";"Westerkappeln";"Handarpe";
32915;"49492";"05566092";"Westerkappeln";"Lada";
32916;"49492";"05566092";"Westerkappeln";"Metten";
32917;"49492";"05566092";"Westerkappeln";"Osterbeck";
32918;"49492";"05566092";"Westerkappeln";"Seeste";
32919;"49492";"05566092";"Westerkappeln";"Sennlich";
32920;"49492";"05566092";"Westerkappeln";"Velpe";
32921;"49492";"05566092";"Westerkappeln";"Westerbeck";
32922;"49492";"05566092";"Westerkappeln";"Westerkappeln";
30561;"49497";"05566056";"Mettingen";"Bruch";
30562;"49497";"05566056";"Mettingen";"Mettingen";
30563;"49497";"05566056";"Mettingen";"Muckhorst-Höveringhausen";
30564;"49497";"05566056";"Mettingen";"Nierenburg";
30565;"49497";"05566056";"Mettingen";"Querenberg";
30566;"49497";"05566056";"Mettingen";"Schlickelde";
30567;"49497";"05566056";"Mettingen";"Wiehe";
30254;"49504";"05566048";"Lotte";"Büren";
30255;"49504";"05566048";"Lotte";"Halen";
30256;"49504";"05566048";"Lotte";"Lotte";
30257;"49504";"05566048";"Lotte";"Osterberg";
30258;"49504";"05566048";"Lotte";"Wersen";
31659;"49509";"05566072";"Recke";"Espel";
31660;"49509";"05566072";"Recke";"Harhof";
31661;"49509";"05566072";"Recke";"Langenacker";
31662;"49509";"05566072";"Recke";"Obersteinbeck";
31663;"49509";"05566072";"Recke";"Püttenbeck";
31664;"49509";"05566072";"Recke";"Recke";
31665;"49509";"05566072";"Recke";"Steinbeck";
31666;"49509";"05566072";"Recke";"Twenhusen";
30041;"49525";"05566040";"Lengerich";"Aldrup";
30042;"49525";"05566040";"Lengerich";"Antrup";
30043;"49525";"05566040";"Lengerich";"Hohne";
30044;"49525";"05566040";"Lengerich";"Intrup";
30045;"49525";"05566040";"Lengerich";"Lengerich";
30046;"49525";"05566040";"Lengerich";"Niederlengerich";
30047;"49525";"05566040";"Lengerich";"Ringel";
30048;"49525";"05566040";"Lengerich";"Schollbruch";
30049;"49525";"05566040";"Lengerich";"Settel";
30050;"49525";"05566040";"Lengerich";"Stadtfeldmark";
30051;"49525";"05566040";"Lengerich";"Wechte";
30132;"49536";"05566044";"Lienen";"Aldrup";
30133;"49536";"05566044";"Lienen";"Dorfbauer";
30135;"49536";"05566044";"Lienen";"Holperdorp";
30136;"49536";"05566044";"Lienen";"Holzhausen";
30134;"49536";"05566044";"Lienen";"Höste";
30137;"49536";"05566044";"Lienen";"Kattenvenne";
30138;"49536";"05566044";"Lienen";"Lienen";
30139;"49536";"05566044";"Lienen";"Meckelwege";
30140;"49536";"05566044";"Lienen";"Westerbeck";
32463;"49545";"05566088";"Tecklenburg";"Brochterbeck";
32464;"49545";"05566088";"Tecklenburg";"Ledde";
32465;"49545";"05566088";"Tecklenburg";"Leeden";
32466;"49545";"05566088";"Tecklenburg";"Tecklenburg";
26936;"50126";"05362008";"Bergheim";"Bergheim";
26940;"50126";"05362008";"Bergheim";"Glesch";
26943;"50126";"05362008";"Bergheim";"Kenten";
26947;"50126";"05362008";"Bergheim";"Paffendorf";
26950;"50126";"05362008";"Bergheim";"Thorr";
26952;"50126";"05362008";"Bergheim";"Zieverich";
26934;"50127";"05362008";"Bergheim";"Ahe";
26944;"50127";"05362008";"Bergheim";"Kenten";
26948;"50127";"05362008";"Bergheim";"Quadrath-Ichendorf";
26951;"50127";"05362008";"Bergheim";"Thorr";
26935;"50129";"05362008";"Bergheim";"Auenheim";
26937;"50129";"05362008";"Bergheim";"Bergheim";
26938;"50129";"05362008";"Bergheim";"Büsdorf";
26939;"50129";"05362008";"Bergheim";"Fliesteden";
26941;"50129";"05362008";"Bergheim";"Glessen";
26942;"50129";"05362008";"Bergheim";"Hüchelhoven";
26945;"50129";"05362008";"Bergheim";"Niederaußem";
26946;"50129";"05362008";"Bergheim";"Oberaußem";
26949;"50129";"05362008";"Bergheim";"Rheidt";
29535;"50169";"05362032";"Kerpen";"Balkhausen";
29538;"50169";"05362032";"Kerpen";"Brüggen";
29540;"50169";"05362032";"Kerpen";"Horrem";
29545;"50169";"05362032";"Kerpen";"Neu-Bottenbroich";
29548;"50169";"05362032";"Kerpen";"Türnich";
29539;"50170";"05362032";"Kerpen";"Buir";
29543;"50170";"05362032";"Kerpen";"Manheim";
29547;"50170";"05362032";"Kerpen";"Sindorf";
29536;"50171";"05362032";"Kerpen";"Bergerhausen";
29537;"50171";"05362032";"Kerpen";"Blatzheim";
29541;"50171";"05362032";"Kerpen";"Kerpen";
29544;"50171";"05362032";"Kerpen";"Manheim";
29542;"50171";"05362032";"Kerpen";"Mödrath";
29546;"50171";"05362032";"Kerpen";"Niederbolheim";
26912;"50181";"05362004";"Bedburg";"Bedburg";
26913;"50181";"05362004";"Bedburg";"Blerichen";
26914;"50181";"05362004";"Bedburg";"Broich";
26915;"50181";"05362004";"Bedburg";"Grottenherten";
26917;"50181";"05362004";"Bedburg";"Kaster";
26918;"50181";"05362004";"Bedburg";"Kirchherten";
26919;"50181";"05362004";"Bedburg";"Kirchtroisdorf";
26920;"50181";"05362004";"Bedburg";"Kirdorf";
26921;"50181";"05362004";"Bedburg";"Kleintroisdorf";
26916;"50181";"05362004";"Bedburg";"Königshoven";
26922;"50181";"05362004";"Bedburg";"Lipp";
26923;"50181";"05362004";"Bedburg";"Millendorf";
26924;"50181";"05362004";"Bedburg";"Oppendorf";
26925;"50181";"05362004";"Bedburg";"Pütz";
26926;"50181";"05362004";"Bedburg";"Rath";
28079;"50189";"05362016";"Elsdorf";"Angelsdorf";
28080;"50189";"05362016";"Elsdorf";"Berrendorf";
28081;"50189";"05362016";"Elsdorf";"Elsdorf";
28082;"50189";"05362016";"Elsdorf";"Esch";
28083;"50189";"05362016";"Elsdorf";"Etzweiler";
28084;"50189";"05362016";"Elsdorf";"Frankeshoven";
28085;"50189";"05362016";"Elsdorf";"Giesendorf";
28086;"50189";"05362016";"Elsdorf";"Grouven";
28087;"50189";"05362016";"Elsdorf";"Heppendorf";
28092;"50189";"05362016";"Elsdorf";"Neu-Etzweiler";
28088;"50189";"05362016";"Elsdorf";"Niederembt";
28089;"50189";"05362016";"Elsdorf";"Oberembt";
28090;"50189";"05362016";"Elsdorf";"Tollhausen";
28091;"50189";"05362016";"Elsdorf";"Widdendorf";
28476;"50226";"05362024";"Frechen";"Bachem";
28484;"50226";"05362024";"Frechen";"Benzelrath";
28477;"50226";"05362024";"Frechen";"Buschbell";
28478;"50226";"05362024";"Frechen";"Frechen";
28479;"50226";"05362024";"Frechen";"Grefrath";
28483;"50226";"05362024";"Frechen";"Grube Carl";
28480;"50226";"05362024";"Frechen";"Habbelrath";
28485;"50226";"05362024";"Frechen";"Hücheln";
28481;"50226";"05362024";"Frechen";"Königsdorf";
28482;"50226";"05362024";"Frechen";"Neubuschbell";
31591;"50259";"05362036";"Pulheim";"Brauweiler";
31592;"50259";"05362036";"Pulheim";"Dansweiler";
31593;"50259";"05362036";"Pulheim";"Freimersdorf";
31594;"50259";"05362036";"Pulheim";"Geyen";
31595;"50259";"05362036";"Pulheim";"Ingendorf";
31596;"50259";"05362036";"Pulheim";"Manstedten";
31597;"50259";"05362036";"Pulheim";"Orr";
31598;"50259";"05362036";"Pulheim";"Pulheim";
31599;"50259";"05362036";"Pulheim";"Sinnersdorf";
31600;"50259";"05362036";"Pulheim";"Sinthern";
31601;"50259";"05362036";"Pulheim";"Stommelerbusch";
31602;"50259";"05362036";"Pulheim";"Stommeln";
27419;"50321";"05362012";"Brühl";"Badorf";
27420;"50321";"05362012";"Brühl";"Brühl";
27421;"50321";"05362012";"Brühl";"Eckdorf";
27422;"50321";"05362012";"Brühl";"Heide";
27423;"50321";"05362012";"Brühl";"Kierberg";
27424;"50321";"05362012";"Brühl";"Pingsdorf";
27425;"50321";"05362012";"Brühl";"Schwadorf";
27426;"50321";"05362012";"Brühl";"Vochem";
29301;"50354";"05362028";"Hürth";"Alstädten/Burbach";
29300;"50354";"05362028";"Hürth";"Alt-Hürth";
29302;"50354";"05362028";"Hürth";"Berrenrath";
29303;"50354";"05362028";"Hürth";"Efferen";
29304;"50354";"05362028";"Hürth";"Fischenich";
29305;"50354";"05362028";"Hürth";"Gleuel";
29306;"50354";"05362028";"Hürth";"Hermülheim";
29307;"50354";"05362028";"Hürth";"Kalscheuren";
29308;"50354";"05362028";"Hürth";"Kendenich";
29309;"50354";"05362028";"Hürth";"Knapsack";
29310;"50354";"05362028";"Hürth";"Sielsdorf";
29311;"50354";"05362028";"Hürth";"Stotzheim";
28178;"50374";"05362020";"Erftstadt";"Ahrem";
28179;"50374";"05362020";"Erftstadt";"Blessem";
28180;"50374";"05362020";"Erftstadt";"Bliesheim";
28181;"50374";"05362020";"Erftstadt";"Borr";
28182;"50374";"05362020";"Erftstadt";"Dirmerzheim";
28183;"50374";"05362020";"Erftstadt";"Erp";
28184;"50374";"05362020";"Erftstadt";"Frauenthal";
28185;"50374";"05362020";"Erftstadt";"Friesheim";
28186;"50374";"05362020";"Erftstadt";"Gymnich";
28187;"50374";"05362020";"Erftstadt";"Herrig";
28189;"50374";"05362020";"Erftstadt";"Kierdorf";
28190;"50374";"05362020";"Erftstadt";"Konradsheim";
28188;"50374";"05362020";"Erftstadt";"Köttingen";
28191;"50374";"05362020";"Erftstadt";"Lechenich";
28192;"50374";"05362020";"Erftstadt";"Liblar";
28193;"50374";"05362020";"Erftstadt";"Niederberg";
28194;"50374";"05362020";"Erftstadt";"Scheuren";
32908;"50389";"05362040";"Wesseling";"Berzdorf";
32909;"50389";"05362040";"Wesseling";"Keldenich";
32910;"50389";"05362040";"Wesseling";"Urfeld";
32911;"50389";"05362040";"Wesseling";"Wesseling";
29626;"50667";"05315000";"Köln";"Altstadt-Nord";
29630;"50667";"05315000";"Köln";"Altstadt-Süd";
29627;"50668";"05315000";"Köln";"Altstadt-Nord";
29714;"50668";"05315000";"Köln";"Neustadt-Nord";
29628;"50670";"05315000";"Köln";"Altstadt-Nord";
29715;"50670";"05315000";"Köln";"Neustadt-Nord";
29629;"50672";"05315000";"Köln";"Altstadt-Nord";
29716;"50672";"05315000";"Köln";"Neustadt-Nord";
29631;"50674";"05315000";"Köln";"Altstadt-Süd";
29717;"50674";"05315000";"Köln";"Neustadt-Nord";
29718;"50674";"05315000";"Köln";"Neustadt-Süd";
29632;"50676";"05315000";"Köln";"Altstadt-Süd";
29633;"50677";"05315000";"Köln";"Altstadt-Süd";
29719;"50677";"05315000";"Köln";"Neustadt-Süd";
29634;"50678";"05315000";"Köln";"Altstadt-Süd";
29720;"50678";"05315000";"Köln";"Neustadt-Süd";
29650;"50679";"05315000";"Köln";"Deutz";
29682;"50679";"05315000";"Köln";"Kalk";
29705;"50679";"05315000";"Köln";"Mülheim";
29722;"50733";"05315000";"Köln";"Nippes";
29761;"50733";"05315000";"Köln";"Weidenpesch";
29721;"50735";"05315000";"Köln";"Niehl";
29738;"50735";"05315000";"Köln";"Riehl";
29762;"50735";"05315000";"Köln";"Weidenpesch";
29696;"50737";"05315000";"Köln";"Longerich";
29763;"50737";"05315000";"Köln";"Weidenpesch";
29638;"50739";"05315000";"Köln";"Bilderstöckchen";
29697;"50739";"05315000";"Köln";"Longerich";
29700;"50739";"05315000";"Köln";"Mauenheim";
29764;"50739";"05315000";"Köln";"Weidenpesch";
29639;"50765";"05315000";"Köln";"Blumenberg";
29647;"50765";"05315000";"Köln";"Chorweiler";
29774;"50765";"05315000";"Köln";"Esch";
29663;"50765";"05315000";"Köln";"Esch/Auweiler";
29755;"50765";"05315000";"Köln";"Volkhoven/Weiler";
29664;"50767";"05315000";"Köln";"Esch/Auweiler";
29675;"50767";"05315000";"Köln";"Heimersdorf";
29695;"50767";"05315000";"Köln";"Lindweiler";
29728;"50767";"05315000";"Köln";"Pesch";
29756;"50767";"05315000";"Köln";"Volkhoven/Weiler";
29666;"50769";"05315000";"Köln";"Fühlingen";
29703;"50769";"05315000";"Köln";"Merkenich";
29741;"50769";"05315000";"Köln";"Roggendorf/Thenhoven";
29743;"50769";"05315000";"Köln";"Seeberg";
29770;"50769";"05315000";"Köln";"Worringen";
29654;"50823";"05315000";"Köln";"Ehrenfeld";
29711;"50823";"05315000";"Köln";"Neuehrenfeld";
29636;"50825";"05315000";"Köln";"Bickendorf";
29655;"50825";"05315000";"Köln";"Ehrenfeld";
29712;"50825";"05315000";"Köln";"Neuehrenfeld";
29723;"50825";"05315000";"Köln";"Ossendorf";
29637;"50827";"05315000";"Köln";"Bickendorf";
29656;"50827";"05315000";"Köln";"Ehrenfeld";
29713;"50827";"05315000";"Köln";"Neuehrenfeld";
29724;"50827";"05315000";"Köln";"Ossendorf";
29640;"50829";"05315000";"Köln";"Bocklemünd/Mengenich";
29725;"50829";"05315000";"Köln";"Ossendorf";
29754;"50829";"05315000";"Köln";"Vogelsang";
29768;"50829";"05315000";"Köln";"Widdersdorf";
29680;"50858";"05315000";"Köln";"Junkersdorf";
29759;"50858";"05315000";"Köln";"Weiden";
29687;"50859";"05315000";"Köln";"Lövenich";
29760;"50859";"05315000";"Köln";"Weiden";
29769;"50859";"05315000";"Köln";"Widdersdorf";
29691;"50931";"05315000";"Köln";"Lindenthal";
29641;"50933";"05315000";"Köln";"Braunsfeld";
29692;"50933";"05315000";"Köln";"Lindenthal";
29709;"50933";"05315000";"Köln";"Müngersdorf";
29681;"50935";"05315000";"Köln";"Junkersdorf";
29693;"50935";"05315000";"Köln";"Lindenthal";
29746;"50935";"05315000";"Köln";"Sülz";
29685;"50937";"05315000";"Köln";"Klettenberg";
29694;"50937";"05315000";"Köln";"Lindenthal";
29747;"50937";"05315000";"Köln";"Sülz";
29686;"50939";"05315000";"Köln";"Klettenberg";
29748;"50939";"05315000";"Köln";"Sülz";
29635;"50968";"05315000";"Köln";"Bayenthal";
29698;"50968";"05315000";"Köln";"Marienburg";
29733;"50968";"05315000";"Köln";"Raderberg";
29735;"50968";"05315000";"Köln";"Raderthal";
29771;"50968";"05315000";"Köln";"Zollstock";
29734;"50969";"05315000";"Köln";"Raderberg";
29772;"50969";"05315000";"Köln";"Zollstock";
29673;"50996";"05315000";"Köln";"Hahnwald";
29699;"50996";"05315000";"Köln";"Marienburg";
29739;"50996";"05315000";"Köln";"Rodenkirchen";
29765;"50996";"05315000";"Köln";"Weiß";
29667;"50997";"05315000";"Köln";"Godorf";
29679;"50997";"05315000";"Köln";"Immendorf";
29704;"50997";"05315000";"Köln";"Meschenich";
29736;"50997";"05315000";"Köln";"Raderthal";
29742;"50997";"05315000";"Köln";"Rondorf";
29749;"50997";"05315000";"Köln";"Sürth";
29674;"50999";"05315000";"Köln";"Hahnwald";
29740;"50999";"05315000";"Köln";"Rodenkirchen";
29750;"50999";"05315000";"Köln";"Sürth";
29766;"50999";"05315000";"Köln";"Weiß";
29651;"51061";"05315000";"Köln";"Dünnwald";
29665;"51061";"05315000";"Köln";"Flittard";
29671;"51061";"05315000";"Köln";"Höhenhaus";
29706;"51061";"05315000";"Köln";"Mülheim";
29744;"51061";"05315000";"Köln";"Stammheim";
29644;"51063";"05315000";"Köln";"Buchheim";
29707;"51063";"05315000";"Köln";"Mülheim";
29745;"51063";"05315000";"Köln";"Stammheim";
29643;"51065";"05315000";"Köln";"Buchforst";
29645;"51065";"05315000";"Köln";"Buchheim";
29708;"51065";"05315000";"Köln";"Mülheim";
29646;"51067";"05315000";"Köln";"Buchheim";
29648;"51067";"05315000";"Köln";"Dellbrück";
29676;"51067";"05315000";"Köln";"Holweide";
29649;"51069";"05315000";"Köln";"Dellbrück";
29652;"51069";"05315000";"Köln";"Dünnwald";
29672;"51069";"05315000";"Köln";"Höhenhaus";
29670;"51103";"05315000";"Köln";"Höhenberg";
29683;"51103";"05315000";"Köln";"Kalk";
29701;"51103";"05315000";"Köln";"Merheim";
29752;"51103";"05315000";"Köln";"Vingst";
29677;"51105";"05315000";"Köln";"Humboldt-Gremberg";
29684;"51105";"05315000";"Köln";"Kalk";
29729;"51105";"05315000";"Köln";"Poll";
29657;"51107";"05315000";"Köln";"Eil";
29678;"51107";"05315000";"Köln";"Humboldt-Gremberg";
29726;"51107";"05315000";"Köln";"Ostheim";
29737;"51107";"05315000";"Köln";"Rath/Heumar";
29753;"51107";"05315000";"Köln";"Vingst";
29642;"51109";"05315000";"Köln";"Brück";
29702;"51109";"05315000";"Köln";"Merheim";
29710;"51109";"05315000";"Köln";"Neubrück";
29727;"51109";"05315000";"Köln";"Ostheim";
29688;"51143";"05315000";"Köln";"Langel";
29730;"51143";"05315000";"Köln";"Porz";
29773;"51143";"05315000";"Köln";"Zündorf";
29658;"51145";"05315000";"Köln";"Eil";
29661;"51145";"05315000";"Köln";"Elsdorf";
29731;"51145";"05315000";"Köln";"Porz";
29751;"51145";"05315000";"Köln";"Urbach";
29659;"51147";"05315000";"Köln";"Eil";
29669;"51147";"05315000";"Köln";"Grengel";
29689;"51147";"05315000";"Köln";"Libur";
29690;"51147";"05315000";"Köln";"Lind";
29757;"51147";"05315000";"Köln";"Wahn";
29758;"51147";"05315000";"Köln";"Wahnheide";
29660;"51149";"05315000";"Köln";"Eil";
29662;"51149";"05315000";"Köln";"Ensen";
29668;"51149";"05315000";"Köln";"Gremberghoven";
29732;"51149";"05315000";"Köln";"Porz";
29767;"51149";"05315000";"Köln";"Westhoven";
30103;"51371";"05316000";"Leverkusen";"Bürrig";
30105;"51371";"05316000";"Leverkusen";"Hitdorf";
30111;"51371";"05316000";"Leverkusen";"Rheindorf";
30104;"51373";"05316000";"Leverkusen";"Bürrig";
30106;"51373";"05316000";"Leverkusen";"Küppersteg";
30112;"51373";"05316000";"Leverkusen";"Rheindorf";
30116;"51373";"05316000";"Leverkusen";"Wiesdorf";
30113;"51375";"05316000";"Leverkusen";"Schlebusch";
30101;"51377";"05316000";"Leverkusen";"Alkenrath";
30108;"51377";"05316000";"Leverkusen";"Manfort";
30114;"51377";"05316000";"Leverkusen";"Schlebusch";
30115;"51377";"05316000";"Leverkusen";"Steinbüchel";
30109;"51379";"05316000";"Leverkusen";"Opladen";
30102;"51381";"05316000";"Leverkusen";"Bergisch Neukirchen";
30107;"51381";"05316000";"Leverkusen";"Lützenkirchen";
30110;"51381";"05316000";"Leverkusen";"Quettingen";
27460;"51399";"05378008";"Burscheid";"Burscheid";
27461;"51399";"05378008";"Burscheid";"Hilgen";
26953;"51427";"05378004";"Bergisch Gladbach";"Alt-Refrath";
26958;"51427";"05378004";"Bergisch Gladbach";"Frankenforst";
26973;"51427";"05378004";"Bergisch Gladbach";"Kippekausen";
26975;"51427";"05378004";"Bergisch Gladbach";"Lustheide";
26981;"51427";"05378004";"Bergisch Gladbach";"Refrath";
26954;"51429";"05378004";"Bergisch Gladbach";"Asselborn";
26955;"51429";"05378004";"Bergisch Gladbach";"Bensberg";
26956;"51429";"05378004";"Bergisch Gladbach";"Bockenberg";
26957;"51429";"05378004";"Bergisch Gladbach";"Bärbroich";
26961;"51429";"05378004";"Bergisch Gladbach";"Gronau";
26968;"51429";"05378004";"Bergisch Gladbach";"Herkenrath";
26969;"51429";"05378004";"Bergisch Gladbach";"Herrenstrunden";
26972;"51429";"05378004";"Bergisch Gladbach";"Kaule";
26974;"51429";"05378004";"Bergisch Gladbach";"Kippekausen";
26976;"51429";"05378004";"Bergisch Gladbach";"Lückerath";
26978;"51429";"05378004";"Bergisch Gladbach";"Moitzfeld";
26985;"51465";"05378004";"Bergisch Gladbach";"Gemeinde Odenthal";
26959;"51465";"05378004";"Bergisch Gladbach";"Gladbach";
26962;"51465";"05378004";"Bergisch Gladbach";"Gronau";
26965;"51465";"05378004";"Bergisch Gladbach";"Hebborn";
26970;"51465";"05378004";"Bergisch Gladbach";"Herrenstrunden";
26983;"51465";"05378004";"Bergisch Gladbach";"Sand";
29653;"51467";"05315000";"Köln";"Dünnwald";
26960;"51467";"05378004";"Bergisch Gladbach";"Gladbach";
26966;"51467";"05378004";"Bergisch Gladbach";"Hebborn";
26971;"51467";"05378004";"Bergisch Gladbach";"Katterbach";
26979;"51467";"05378004";"Bergisch Gladbach";"Nußbaum";
26982;"51467";"05378004";"Bergisch Gladbach";"Romaney";
26984;"51467";"05378004";"Bergisch Gladbach";"Schildgen";
26963;"51469";"05378004";"Bergisch Gladbach";"Gronau";
26964;"51469";"05378004";"Bergisch Gladbach";"Hand";
26967;"51469";"05378004";"Bergisch Gladbach";"Heidkamp";
26977;"51469";"05378004";"Bergisch Gladbach";"Lückerath";
26980;"51469";"05378004";"Bergisch Gladbach";"Paffrath";
31486;"51491";"05378024";"Overath";"Brombach";
31487;"51491";"05378024";"Overath";"Heiligenhaus";
31488;"51491";"05378024";"Overath";"Immekeppel";
31489;"51491";"05378024";"Overath";"Marialinden";
31490;"51491";"05378024";"Overath";"Overath";
31491;"51491";"05378024";"Overath";"Steinenbrück";
31492;"51491";"05378024";"Overath";"Untereschbach";
31493;"51491";"05378024";"Overath";"Vilkerath";
31916;"51503";"05378028";"Rösrath";"Forsbach";
31917;"51503";"05378028";"Rösrath";"Hoffnungsthal";
31918;"51503";"05378028";"Rösrath";"Kleineichen";
31919;"51503";"05378028";"Rösrath";"Rösrath";
29947;"51515";"05378012";"Kürten";"Bechen";
29948;"51515";"05378012";"Kürten";"Biesfeld";
29949;"51515";"05378012";"Kürten";"Blissenbach";
29950;"51515";"05378012";"Kürten";"Bornen";
29951;"51515";"05378012";"Kürten";"Breibach";
29952;"51515";"05378012";"Kürten";"Broich";
29953;"51515";"05378012";"Kürten";"Busch";
29954;"51515";"05378012";"Kürten";"Dörnchen";
29955;"51515";"05378012";"Kürten";"Dürscheid";
29956;"51515";"05378012";"Kürten";"Eichhof";
29957;"51515";"05378012";"Kürten";"Eisenkaul";
29958;"51515";"05378012";"Kürten";"Engeldorf";
29959;"51515";"05378012";"Kürten";"Furth";
29960;"51515";"05378012";"Kürten";"Hau";
29961;"51515";"05378012";"Kürten";"Herrenstrunden";
29962;"51515";"05378012";"Kürten";"Herrscherthal";
29963;"51515";"05378012";"Kürten";"Herweg";
29964;"51515";"05378012";"Kürten";"Hufe";
29965;"51515";"05378012";"Kürten";"Hutsherweg";
29966;"51515";"05378012";"Kürten";"Junkermühle";
29967;"51515";"05378012";"Kürten";"Kürten";
29968;"51515";"05378012";"Kürten";"Laudenberg";
29969;"51515";"05378012";"Kürten";"Miebach";
29970;"51515";"05378012";"Kürten";"Neuensaal";
29971;"51515";"05378012";"Kürten";"Oberbörsch";
29972;"51515";"05378012";"Kürten";"Offermannsheide";
29973;"51515";"05378012";"Kürten";"Olpe";
29974;"51515";"05378012";"Kürten";"Schanze";
29975;"51515";"05378012";"Kürten";"Spitze";
29976;"51515";"05378012";"Kürten";"Sülze";
29977;"51515";"05378012";"Kürten";"Sürth";
29978;"51515";"05378012";"Kürten";"Tannenbaum";
29979;"51515";"05378012";"Kürten";"Waldmühle";
29980;"51515";"05378012";"Kürten";"Weiden";
29981;"51515";"05378012";"Kürten";"Wolfsorth";
31374;"51519";"05378020";"Odenthal";"Altehufe";
31375;"51519";"05378020";"Odenthal";"Altenberg";
31377;"51519";"05378020";"Odenthal";"Blecher";
31415;"51519";"05378020";"Odenthal";"Busch";
31376;"51519";"05378020";"Odenthal";"Bömerich";
31378;"51519";"05378020";"Odenthal";"Bülsberg";
31379;"51519";"05378020";"Odenthal";"Durchmarsch";
31380;"51519";"05378020";"Odenthal";"Eikamp";
31381;"51519";"05378020";"Odenthal";"Erberich";
31382;"51519";"05378020";"Odenthal";"Funkenhof";
31383;"51519";"05378020";"Odenthal";"Glöbusch";
31384;"51519";"05378020";"Odenthal";"Grimberg";
31385;"51519";"05378020";"Odenthal";"Groß Grimberg";
31386;"51519";"05378020";"Odenthal";"Grünenbäumchen";
31388;"51519";"05378020";"Odenthal";"Hahnenberg";
31389;"51519";"05378020";"Odenthal";"Hollandsmühle";
31390;"51519";"05378020";"Odenthal";"Holz";
31391;"51519";"05378020";"Odenthal";"Hunger";
31387;"51519";"05378020";"Odenthal";"Höffe";
31392;"51519";"05378020";"Odenthal";"Hüttchen";
31393;"51519";"05378020";"Odenthal";"Jungholz";
31394;"51519";"05378020";"Odenthal";"Klasmühle";
31395;"51519";"05378020";"Odenthal";"Klev";
31396;"51519";"05378020";"Odenthal";"Kragau";
31397;"51519";"05378020";"Odenthal";"Kramerhof";
31398;"51519";"05378020";"Odenthal";"Küchenberg";
31399;"51519";"05378020";"Odenthal";"Kümps";
31400;"51519";"05378020";"Odenthal";"Landwehr";
31401;"51519";"05378020";"Odenthal";"Menrath";
31402;"51519";"05378020";"Odenthal";"Neschen";
31403;"51519";"05378020";"Odenthal";"Oberborsbach";
31404;"51519";"05378020";"Odenthal";"Odenthal";
31405;"51519";"05378020";"Odenthal";"Osenau";
31406;"51519";"05378020";"Odenthal";"Pistershausen";
31407;"51519";"05378020";"Odenthal";"Rosenthal";
31408;"51519";"05378020";"Odenthal";"Schallemich";
31409;"51519";"05378020";"Odenthal";"Scherf";
31410;"51519";"05378020";"Odenthal";"Scheuren";
31411;"51519";"05378020";"Odenthal";"Schmeisig";
31412;"51519";"05378020";"Odenthal";"Steinhaus";
31413;"51519";"05378020";"Odenthal";"Voiswinkel";
31414;"51519";"05378020";"Odenthal";"Wiebershausen";
32641;"51545";"05374044";"Waldbröl";"Alfenzingen";
32642;"51545";"05374044";"Waldbröl";"Altehufen";
32643;"51545";"05374044";"Waldbröl";"Baumen";
32644;"51545";"05374044";"Waldbröl";"Bech";
32645;"51545";"05374044";"Waldbröl";"Benroth";
32646;"51545";"05374044";"Waldbröl";"Bettenhagen";
32647;"51545";"05374044";"Waldbröl";"Bettingen";
32648;"51545";"05374044";"Waldbröl";"Biebelshof";
32649;"51545";"05374044";"Waldbröl";"Bladersbach";
32650;"51545";"05374044";"Waldbröl";"Bohlenhagen";
32653;"51545";"05374044";"Waldbröl";"Bruchhausen";
32651;"51545";"05374044";"Waldbröl";"Bröl";
32652;"51545";"05374044";"Waldbröl";"Brölerhütte";
32702;"51545";"05374044";"Waldbröl";"Dahl";
32654;"51545";"05374044";"Waldbröl";"Dickhausen";
32655;"51545";"05374044";"Waldbröl";"Diepenthal";
32656;"51545";"05374044";"Waldbröl";"Drinhausen";
32657;"51545";"05374044";"Waldbröl";"Escherhof";
32703;"51545";"05374044";"Waldbröl";"Fahrenseifen";
32705;"51545";"05374044";"Waldbröl";"Fort Ommeroth";
32658;"51545";"05374044";"Waldbröl";"Geilenkausen";
32659;"51545";"05374044";"Waldbröl";"Geiningen";
32660;"51545";"05374044";"Waldbröl";"Großenseifen";
32661;"51545";"05374044";"Waldbröl";"Grunewald";
32662;"51545";"05374044";"Waldbröl";"Grünenbach";
32663;"51545";"05374044";"Waldbröl";"Hahn";
32664;"51545";"05374044";"Waldbröl";"Happach";
32665;"51545";"05374044";"Waldbröl";"Hecke";
32666;"51545";"05374044";"Waldbröl";"Heide";
32667;"51545";"05374044";"Waldbröl";"Helten";
32668;"51545";"05374044";"Waldbröl";"Helzen";
32669;"51545";"05374044";"Waldbröl";"Herfen";
32670;"51545";"05374044";"Waldbröl";"Hermesdorf";
32671;"51545";"05374044";"Waldbröl";"Hillesmühle";
32672;"51545";"05374044";"Waldbröl";"Hochwald";
32673;"51545";"05374044";"Waldbröl";"Hof Langenbach";
32674;"51545";"05374044";"Waldbröl";"Hoff";
32675;"51545";"05374044";"Waldbröl";"Hufen";
32676;"51545";"05374044";"Waldbröl";"Krahwinkel";
32677;"51545";"05374044";"Waldbröl";"Lützingen";
32678;"51545";"05374044";"Waldbröl";"Mühlenbach";
32679;"51545";"05374044";"Waldbröl";"Neuenhof";
32680;"51545";"05374044";"Waldbröl";"Neuenhähnen";
32681;"51545";"05374044";"Waldbröl";"Niederhausen";
32682;"51545";"05374044";"Waldbröl";"Niederhof";
32683;"51545";"05374044";"Waldbröl";"Propach";
32684;"51545";"05374044";"Waldbröl";"Puhl";
32685;"51545";"05374044";"Waldbröl";"Pulvermühle";
32687;"51545";"05374044";"Waldbröl";"Rossenbach";
32688;"51545";"05374044";"Waldbröl";"Rottland";
32689;"51545";"05374044";"Waldbröl";"Ruh";
32686;"51545";"05374044";"Waldbröl";"Rölefeld";
32691;"51545";"05374044";"Waldbröl";"Schnörringen";
32690;"51545";"05374044";"Waldbröl";"Schönenbach";
32692;"51545";"05374044";"Waldbröl";"Seifen";
32693;"51545";"05374044";"Waldbröl";"Spurkenbach";
32694;"51545";"05374044";"Waldbröl";"Thierseifen";
32695;"51545";"05374044";"Waldbröl";"Vierbuchen";
32696;"51545";"05374044";"Waldbröl";"Vierbuchermühle";
32704;"51545";"05374044";"Waldbröl";"Waldbröl";
32697;"51545";"05374044";"Waldbröl";"Wehn";
32698;"51545";"05374044";"Waldbröl";"Wies";
32699;"51545";"05374044";"Waldbröl";"Wilkenroth";
32700;"51545";"05374044";"Waldbröl";"Wippenkausen";
32701;"51545";"05374044";"Waldbröl";"Ziegenhardt";
33012;"51570";"05382076";"Windeck";"Alsen";
33013;"51570";"05382076";"Windeck";"Altenherfen";
33014;"51570";"05382076";"Windeck";"Altwindeck";
33015;"51570";"05382076";"Windeck";"Au";
33016;"51570";"05382076";"Windeck";"Bellingen";
33017;"51570";"05382076";"Windeck";"Dattenfeld";
33018;"51570";"05382076";"Windeck";"Distelshausen";
33019;"51570";"05382076";"Windeck";"Dreisel";
33020;"51570";"05382076";"Windeck";"Ehrenhausen";
33021;"51570";"05382076";"Windeck";"Eich";
33022;"51570";"05382076";"Windeck";"Entscheid";
33023;"51570";"05382076";"Windeck";"Eulenbruch";
33024;"51570";"05382076";"Windeck";"Geilhausen";
33025;"51570";"05382076";"Windeck";"Gerressen";
33026;"51570";"05382076";"Windeck";"Gierzhagen";
33027;"51570";"05382076";"Windeck";"Gutmannseichen";
33029;"51570";"05382076";"Windeck";"Hahnenbach";
33030;"51570";"05382076";"Windeck";"Halscheid";
33031;"51570";"05382076";"Windeck";"Hau";
33032;"51570";"05382076";"Windeck";"Helpenstell";
33033;"51570";"05382076";"Windeck";"Herchen";
33076;"51570";"05382076";"Windeck";"Herchen-Bahnhof";
33034;"51570";"05382076";"Windeck";"Himmeroth";
33035;"51570";"05382076";"Windeck";"Hoppengarten";
33036;"51570";"05382076";"Windeck";"Hurst";
33028;"51570";"05382076";"Windeck";"Hönrath";
33037;"51570";"05382076";"Windeck";"Igelshof";
33038;"51570";"05382076";"Windeck";"Imhausen";
33039;"51570";"05382076";"Windeck";"Irsen";
33040;"51570";"05382076";"Windeck";"Kaltbachmühle";
33041;"51570";"05382076";"Windeck";"Kocherscheid";
33042;"51570";"05382076";"Windeck";"Kohlberg";
33043;"51570";"05382076";"Windeck";"Kuchhausen";
33045;"51570";"05382076";"Windeck";"Langenberg";
33046;"51570";"05382076";"Windeck";"Leidhecke";
33047;"51570";"05382076";"Windeck";"Leuscheid";
33048;"51570";"05382076";"Windeck";"Locksiefen";
33044;"51570";"05382076";"Windeck";"Löh";
33049;"51570";"05382076";"Windeck";"Lüttershausen";
33050;"51570";"05382076";"Windeck";"Mauel";
33051;"51570";"05382076";"Windeck";"Mittel";
33052;"51570";"05382076";"Windeck";"Neuenhof";
33053;"51570";"05382076";"Windeck";"Ohmbach";
33078;"51570";"05382076";"Windeck";"Ommeroth";
33054;"51570";"05382076";"Windeck";"Opperzau";
33055;"51570";"05382076";"Windeck";"Perseifen";
33058;"51570";"05382076";"Windeck";"Rieferath";
33059;"51570";"05382076";"Windeck";"Ringenstellen";
33060;"51570";"05382076";"Windeck";"Rommen";
33061;"51570";"05382076";"Windeck";"Rosbach";
33062;"51570";"05382076";"Windeck";"Rossel";
33077;"51570";"05382076";"Windeck";"Roth";
33056;"51570";"05382076";"Windeck";"Röcklingen";
33057;"51570";"05382076";"Windeck";"Röhrigshof";
33064;"51570";"05382076";"Windeck";"Saal";
33065;"51570";"05382076";"Windeck";"Sangerhof";
33066;"51570";"05382076";"Windeck";"Schabernack";
33067;"51570";"05382076";"Windeck";"Schladern";
33068;"51570";"05382076";"Windeck";"Sommerhof";
33069;"51570";"05382076";"Windeck";"Stromberg";
33070;"51570";"05382076";"Windeck";"Unkelmühle";
33071;"51570";"05382076";"Windeck";"Werfen";
33072;"51570";"05382076";"Windeck";"Werfermühle";
33073;"51570";"05382076";"Windeck";"Wiedenhof";
33074;"51570";"05382076";"Windeck";"Wilberhofen";
33075;"51570";"05382076";"Windeck";"Wilhelmshöhe";
33063;"51570";"05382076";"Windeck";"Öttershagen";
31697;"51580";"05374040";"Reichshof";"Aggermühle";
31698;"51580";"05374040";"Reichshof";"Allenbach";
31699;"51580";"05374040";"Reichshof";"Allinghausen";
31700;"51580";"05374040";"Reichshof";"Alpe";
31701;"51580";"05374040";"Reichshof";"Berghausen";
31702;"51580";"05374040";"Reichshof";"Blankenbach";
31703;"51580";"05374040";"Reichshof";"Blasseifen";
31704;"51580";"05374040";"Reichshof";"Blockhaus";
31705;"51580";"05374040";"Reichshof";"Borner";
31706;"51580";"05374040";"Reichshof";"Branscheid";
31707;"51580";"05374040";"Reichshof";"Breidenbach";
31708;"51580";"05374040";"Reichshof";"Brüchermühle";
31709;"51580";"05374040";"Reichshof";"Buchen";
31710;"51580";"05374040";"Reichshof";"Burgmühle";
31711;"51580";"05374040";"Reichshof";"Denklingen";
31712;"51580";"05374040";"Reichshof";"Dorn";
31713;"51580";"05374040";"Reichshof";"Dreschhausen";
31714;"51580";"05374040";"Reichshof";"Dreslingen";
31715;"51580";"05374040";"Reichshof";"Drespe";
31716;"51580";"05374040";"Reichshof";"Eckenhagen";
31717;"51580";"05374040";"Reichshof";"Eichholz";
31718;"51580";"05374040";"Reichshof";"Eiershagen";
31719;"51580";"05374040";"Reichshof";"Erdingen";
31720;"51580";"05374040";"Reichshof";"Ersbach";
31721;"51580";"05374040";"Reichshof";"Fahrenberg";
31722;"51580";"05374040";"Reichshof";"Feld";
31798;"51580";"05374040";"Reichshof";"Feldermühle";
31723;"51580";"05374040";"Reichshof";"Freckhausen";
31724;"51580";"05374040";"Reichshof";"Grunewald";
31725;"51580";"05374040";"Reichshof";"Grünschlade";
31726;"51580";"05374040";"Reichshof";"Hahn";
31727;"51580";"05374040";"Reichshof";"Hahnbuche";
31728;"51580";"05374040";"Reichshof";"Hahnenseifen";
31729;"51580";"05374040";"Reichshof";"Halsterbach";
31730;"51580";"05374040";"Reichshof";"Hamig";
31731;"51580";"05374040";"Reichshof";"Hardt";
31732;"51580";"05374040";"Reichshof";"Hasbach";
31733;"51580";"05374040";"Reichshof";"Hasenbach";
31734;"51580";"05374040";"Reichshof";"Hassel";
31735;"51580";"05374040";"Reichshof";"Hecke";
31736;"51580";"05374040";"Reichshof";"Heidberg";
31737;"51580";"05374040";"Reichshof";"Heide";
31738;"51580";"05374040";"Reichshof";"Heienbach";
31739;"51580";"05374040";"Reichshof";"Heikausen";
31740;"51580";"05374040";"Reichshof";"Heischeid";
31741;"51580";"05374040";"Reichshof";"Heseln";
31742;"51580";"05374040";"Reichshof";"Hespert";
31743;"51580";"05374040";"Reichshof";"Hundhausen";
31744;"51580";"05374040";"Reichshof";"Hunsheim";
31745;"51580";"05374040";"Reichshof";"Hähnen";
31746;"51580";"05374040";"Reichshof";"Kalbertal";
31747;"51580";"05374040";"Reichshof";"Kamp";
31748;"51580";"05374040";"Reichshof";"Komp";
31750;"51580";"05374040";"Reichshof";"Leienschlade";
31751;"51580";"05374040";"Reichshof";"Lepperhof";
31749;"51580";"05374040";"Reichshof";"Löffelsterz";
31752;"51580";"05374040";"Reichshof";"Lüsberg";
31753;"51580";"05374040";"Reichshof";"Meiswinkel";
31754;"51580";"05374040";"Reichshof";"Mennkausen";
31755;"51580";"05374040";"Reichshof";"Mittelagger";
31796;"51580";"05374040";"Reichshof";"Mühlenschlade";
31756;"51580";"05374040";"Reichshof";"Müllerheide";
31757;"51580";"05374040";"Reichshof";"Nebelseifen";
31758;"51580";"05374040";"Reichshof";"Nespen";
31759;"51580";"05374040";"Reichshof";"Neumühle";
31760;"51580";"05374040";"Reichshof";"Niedersteimel";
31761;"51580";"05374040";"Reichshof";"Nosbach";
31762;"51580";"05374040";"Reichshof";"Nothausen";
31763;"51580";"05374040";"Reichshof";"Oberagger";
31764;"51580";"05374040";"Reichshof";"Obersteimel";
31797;"51580";"05374040";"Reichshof";"Oberwehnrath";
31765;"51580";"05374040";"Reichshof";"Odenspiel";
31795;"51580";"05374040";"Reichshof";"Oesingen";
31766;"51580";"05374040";"Reichshof";"Ohlhagen";
31767;"51580";"05374040";"Reichshof";"Pettseifen";
31768;"51580";"05374040";"Reichshof";"Pochwerk";
31769;"51580";"05374040";"Reichshof";"Rabenschlade";
31771;"51580";"05374040";"Reichshof";"Schalenbach";
31772;"51580";"05374040";"Reichshof";"Schemmerhausen";
31773;"51580";"05374040";"Reichshof";"Schmittseifen";
31774;"51580";"05374040";"Reichshof";"Schneppenberg";
31775;"51580";"05374040";"Reichshof";"Schneppenhurth";
31770;"51580";"05374040";"Reichshof";"Schönenbach";
31776;"51580";"05374040";"Reichshof";"Singelbert";
31777;"51580";"05374040";"Reichshof";"Sinspert";
31778;"51580";"05374040";"Reichshof";"Sotterbach";
31779;"51580";"05374040";"Reichshof";"Stein";
31780;"51580";"05374040";"Reichshof";"Sterzenbach";
31781;"51580";"05374040";"Reichshof";"Tillkausen";
31782;"51580";"05374040";"Reichshof";"Ulbert";
31783;"51580";"05374040";"Reichshof";"Volkenrath";
31784;"51580";"05374040";"Reichshof";"Wald";
31785;"51580";"05374040";"Reichshof";"Wehnrath";
31786;"51580";"05374040";"Reichshof";"Welpe";
31787;"51580";"05374040";"Reichshof";"Wiedenhof";
31788;"51580";"05374040";"Reichshof";"Wiehl";
31789;"51580";"05374040";"Reichshof";"Wildberg";
31790;"51580";"05374040";"Reichshof";"Wildbergerhütte";
31791;"51580";"05374040";"Reichshof";"Windfus";
31792;"51580";"05374040";"Reichshof";"Wolfkammer";
31793;"51580";"05374040";"Reichshof";"Wolfseifen";
31794;"51580";"05374040";"Reichshof";"Zimmerseifen";
31229;"51588";"05374032";"Nümbrecht";"Abbenroth";
31230;"51588";"05374032";"Nümbrecht";"Ahebruch";
31231;"51588";"05374032";"Nümbrecht";"Ahlbusch";
31232;"51588";"05374032";"Nümbrecht";"Alsbach";
31233;"51588";"05374032";"Nümbrecht";"Altennümbrecht";
31234;"51588";"05374032";"Nümbrecht";"Auf der Hardt";
31235;"51588";"05374032";"Nümbrecht";"Benroth";
31236;"51588";"05374032";"Nümbrecht";"Berkenroth";
31237;"51588";"05374032";"Nümbrecht";"Bierenbachtal";
31238;"51588";"05374032";"Nümbrecht";"Birkenbach";
31239;"51588";"05374032";"Nümbrecht";"Breitewiese";
31240;"51588";"05374032";"Nümbrecht";"Breunfeld";
31241;"51588";"05374032";"Nümbrecht";"Bruch";
31242;"51588";"05374032";"Nümbrecht";"Brünglinghausen";
31243;"51588";"05374032";"Nümbrecht";"Buch";
31244;"51588";"05374032";"Nümbrecht";"Büschhof";
31245;"51588";"05374032";"Nümbrecht";"Distelkamp";
31246;"51588";"05374032";"Nümbrecht";"Drinsahl";
31247;"51588";"05374032";"Nümbrecht";"Elsenroth";
31248;"51588";"05374032";"Nümbrecht";"Erlinghausen";
31249;"51588";"05374032";"Nümbrecht";"Friedenthal";
31250;"51588";"05374032";"Nümbrecht";"Gaderoth";
31251;"51588";"05374032";"Nümbrecht";"Gerhardsiefen";
31252;"51588";"05374032";"Nümbrecht";"Geringhausen";
31253;"51588";"05374032";"Nümbrecht";"Geringhauser Mühle";
31255;"51588";"05374032";"Nümbrecht";"Grunewald";
31254;"51588";"05374032";"Nümbrecht";"Grötzenberg";
31256;"51588";"05374032";"Nümbrecht";"Grünthal";
31257;"51588";"05374032";"Nümbrecht";"Guxmühlen";
31318;"51588";"05374032";"Nümbrecht";"Göpringhausen";
31260;"51588";"05374032";"Nümbrecht";"Haan";
31261;"51588";"05374032";"Nümbrecht";"Hammermühle";
31262;"51588";"05374032";"Nümbrecht";"Hardt";
31263;"51588";"05374032";"Nümbrecht";"Harscheid";
31264;"51588";"05374032";"Nümbrecht";"Hasenberg";
31265;"51588";"05374032";"Nümbrecht";"Heddinghausen";
31266;"51588";"05374032";"Nümbrecht";"Heide";
31267;"51588";"05374032";"Nümbrecht";"Heisterstock";
31268;"51588";"05374032";"Nümbrecht";"Hillenbach";
31269;"51588";"05374032";"Nümbrecht";"Hochstraßen";
31270;"51588";"05374032";"Nümbrecht";"Homburg-Bröl";
31271;"51588";"05374032";"Nümbrecht";"Homburger Papiermühle";
31317;"51588";"05374032";"Nümbrecht";"Huppichteroth";
31258;"51588";"05374032";"Nümbrecht";"Höferhof";
31259;"51588";"05374032";"Nümbrecht";"Hömel";
31272;"51588";"05374032";"Nümbrecht";"Kleinhöhe";
31273;"51588";"05374032";"Nümbrecht";"Krahm";
31274;"51588";"05374032";"Nümbrecht";"Kurtenbach";
31276;"51588";"05374032";"Nümbrecht";"Langenbach";
31277;"51588";"05374032";"Nümbrecht";"Linde";
31278;"51588";"05374032";"Nümbrecht";"Lindscheid";
31279;"51588";"05374032";"Nümbrecht";"Lindscheider Mühle";
31280;"51588";"05374032";"Nümbrecht";"Loch";
31275;"51588";"05374032";"Nümbrecht";"Löhe";
31281;"51588";"05374032";"Nümbrecht";"Malzhagen";
31282;"51588";"05374032";"Nümbrecht";"Marienberghausen";
31283;"51588";"05374032";"Nümbrecht";"Mildsiefen";
31284;"51588";"05374032";"Nümbrecht";"Mühlenthal";
31286;"51588";"05374032";"Nümbrecht";"Nallingen";
31287;"51588";"05374032";"Nümbrecht";"Neuenberg";
31288;"51588";"05374032";"Nümbrecht";"Neuroth";
31290;"51588";"05374032";"Nümbrecht";"Niederbreidenbach";
31289;"51588";"05374032";"Nümbrecht";"Niederbröl";
31291;"51588";"05374032";"Nümbrecht";"Niederelben";
31292;"51588";"05374032";"Nümbrecht";"Niederstaffelbach";
31285;"51588";"05374032";"Nümbrecht";"Nöchel";
31293;"51588";"05374032";"Nümbrecht";"Nümbrecht";
31294;"51588";"05374032";"Nümbrecht";"Oberbech";
31295;"51588";"05374032";"Nümbrecht";"Oberbierenbach";
31296;"51588";"05374032";"Nümbrecht";"Oberbreidenbach";
31297;"51588";"05374032";"Nümbrecht";"Oberelben";
31298;"51588";"05374032";"Nümbrecht";"Oberstaffelbach";
31299;"51588";"05374032";"Nümbrecht";"Prombach";
31301;"51588";"05374032";"Nümbrecht";"Riechenbach";
31302;"51588";"05374032";"Nümbrecht";"Rommelsdorf";
31303;"51588";"05374032";"Nümbrecht";"Rose";
31300;"51588";"05374032";"Nümbrecht";"Röttgen";
31305;"51588";"05374032";"Nümbrecht";"Schönhausen";
31306;"51588";"05374032";"Nümbrecht";"Schönthal";
31307;"51588";"05374032";"Nümbrecht";"Spreitgen";
31308;"51588";"05374032";"Nümbrecht";"Stockheim";
31309;"51588";"05374032";"Nümbrecht";"Stranzenbach";
31310;"51588";"05374032";"Nümbrecht";"Straße";
31311;"51588";"05374032";"Nümbrecht";"Unter der Hardt";
31312;"51588";"05374032";"Nümbrecht";"Vorholz";
31313;"51588";"05374032";"Nümbrecht";"Windhausen";
31314;"51588";"05374032";"Nümbrecht";"Winterborn";
31315;"51588";"05374032";"Nümbrecht";"Wirtenbach";
31316;"51588";"05374032";"Nümbrecht";"Wolfsscharre";
31304;"51588";"05374032";"Nümbrecht";"Ödinghausen";
31228;"51588";"05374032";"Nümbrecht";"Überdorf";
30733;"51597";"05374028";"Morsbach";"Alzen";
30796;"51597";"05374028";"Morsbach";"Amberg";
30734;"51597";"05374028";"Morsbach";"Appenhagen";
30736;"51597";"05374028";"Morsbach";"Berghausen";
30737;"51597";"05374028";"Morsbach";"Birken";
30738;"51597";"05374028";"Morsbach";"Birzel";
30739;"51597";"05374028";"Morsbach";"Bitze";
30740;"51597";"05374028";"Morsbach";"Breitgen";
30735;"51597";"05374028";"Morsbach";"Böcklingen";
30741;"51597";"05374028";"Morsbach";"Ellingen";
30742;"51597";"05374028";"Morsbach";"Erblingen";
30743;"51597";"05374028";"Morsbach";"Euelsloch";
30744;"51597";"05374028";"Morsbach";"Eugenienthal";
30745;"51597";"05374028";"Morsbach";"Flockenberg";
30746;"51597";"05374028";"Morsbach";"Frankenthal";
30748;"51597";"05374028";"Morsbach";"Hahn";
30749;"51597";"05374028";"Morsbach";"Halle";
30750;"51597";"05374028";"Morsbach";"Hammer";
30751;"51597";"05374028";"Morsbach";"Heide";
30752;"51597";"05374028";"Morsbach";"Hellerseifen";
30753;"51597";"05374028";"Morsbach";"Herbertshagen";
30754;"51597";"05374028";"Morsbach";"Holpe";
30747;"51597";"05374028";"Morsbach";"Höferhof";
30755;"51597";"05374028";"Morsbach";"Hülstert";
30757;"51597";"05374028";"Morsbach";"Katzenbach";
30758;"51597";"05374028";"Morsbach";"Korseifen";
30756;"51597";"05374028";"Morsbach";"Kömpel";
30759;"51597";"05374028";"Morsbach";"Ley";
30760;"51597";"05374028";"Morsbach";"Lichtenberg";
30761;"51597";"05374028";"Morsbach";"Lützelseifen";
30762;"51597";"05374028";"Morsbach";"Morsbach, Sieg";
30763;"51597";"05374028";"Morsbach";"Neuhöfchen";
30764;"51597";"05374028";"Morsbach";"Niederasbach";
30765;"51597";"05374028";"Morsbach";"Niederdorf";
30766;"51597";"05374028";"Morsbach";"Niederwarnsbach";
30767;"51597";"05374028";"Morsbach";"Niederzielenbach";
30768;"51597";"05374028";"Morsbach";"Oberasbach";
30769;"51597";"05374028";"Morsbach";"Oberholpe";
30770;"51597";"05374028";"Morsbach";"Oberwarnsbach";
30771;"51597";"05374028";"Morsbach";"Oberzielenbach";
30772;"51597";"05374028";"Morsbach";"Ortseifen";
30773;"51597";"05374028";"Morsbach";"Reinshagen";
30774;"51597";"05374028";"Morsbach";"Rhein";
30775;"51597";"05374028";"Morsbach";"Ritterseifen";
30776;"51597";"05374028";"Morsbach";"Rolshagen";
30777;"51597";"05374028";"Morsbach";"Rom";
30778;"51597";"05374028";"Morsbach";"Rosengarten";
30779;"51597";"05374028";"Morsbach";"Rossenbach";
30781;"51597";"05374028";"Morsbach";"Schlechtingen";
30782;"51597";"05374028";"Morsbach";"Seifen";
30783;"51597";"05374028";"Morsbach";"Siedenberg";
30784;"51597";"05374028";"Morsbach";"Solseifen";
30785;"51597";"05374028";"Morsbach";"Springe";
30786;"51597";"05374028";"Morsbach";"Steimelhagen";
30787;"51597";"05374028";"Morsbach";"Stentenbach";
30788;"51597";"05374028";"Morsbach";"Stockshöhe";
30789;"51597";"05374028";"Morsbach";"Straßerhof";
30790;"51597";"05374028";"Morsbach";"Strick";
30791;"51597";"05374028";"Morsbach";"Volperhausen";
30792;"51597";"05374028";"Morsbach";"Wallerhausen";
30793;"51597";"05374028";"Morsbach";"Wendershagen";
30794;"51597";"05374028";"Morsbach";"Wittershagen";
30795;"51597";"05374028";"Morsbach";"Zinshardt";
30780;"51597";"05374028";"Morsbach";"Ölmühle";
30731;"51597";"05374028";"Morsbach";"Überasbach";
30732;"51597";"05374028";"Morsbach";"Überholz";
28710;"51643";"05374012";"Gummersbach";"Gummersbach";
28717;"51643";"05374012";"Gummersbach";"Hardt-Hanfgarten";
28724;"51643";"05374012";"Gummersbach";"Karlskamp";
28745;"51643";"05374012";"Gummersbach";"Reininghausen";
28748;"51643";"05374012";"Gummersbach";"Rospe";
28753;"51643";"05374012";"Gummersbach";"Steinenbrück";
28755;"51643";"05374012";"Gummersbach";"Strombach";
28695;"51645";"05374012";"Gummersbach";"Brunohl";
28696;"51645";"05374012";"Gummersbach";"Bünghausen";
28698;"51645";"05374012";"Gummersbach";"Derschlag";
28699;"51645";"05374012";"Gummersbach";"Dieringhausen";
28701;"51645";"05374012";"Gummersbach";"Dümmlinghausen";
28704;"51645";"05374012";"Gummersbach";"Erbland";
28711;"51645";"05374012";"Gummersbach";"Gummersbach";
28721;"51645";"05374012";"Gummersbach";"Hunstig";
28713;"51645";"05374012";"Gummersbach";"Höfen";
28714;"51645";"05374012";"Gummersbach";"Hömel";
28728;"51645";"05374012";"Gummersbach";"Liefenroth";
28729;"51645";"05374012";"Gummersbach";"Lobscheid";
28730;"51645";"05374012";"Gummersbach";"Luttersiefen";
28732;"51645";"05374012";"Gummersbach";"Mühle";
28737;"51645";"05374012";"Gummersbach";"Niederseßmar";
28740;"51645";"05374012";"Gummersbach";"Ohmig";
28743;"51645";"05374012";"Gummersbach";"Rebbelroth";
28746;"51645";"05374012";"Gummersbach";"Remmelsohl";
28750;"51645";"05374012";"Gummersbach";"Schneppsiefen";
28749;"51645";"05374012";"Gummersbach";"Schönenberg";
28758;"51645";"05374012";"Gummersbach";"Vollmerhausen";
28686;"51647";"05374012";"Gummersbach";"Apfelbaum";
28687;"51647";"05374012";"Gummersbach";"Becke";
28688;"51647";"05374012";"Gummersbach";"Berghausen";
28689;"51647";"05374012";"Gummersbach";"Bernberg";
28690;"51647";"05374012";"Gummersbach";"Birnbaum";
28691;"51647";"05374012";"Gummersbach";"Bracht";
28692;"51647";"05374012";"Gummersbach";"Bredenbruch";
28693;"51647";"05374012";"Gummersbach";"Brink";
28694;"51647";"05374012";"Gummersbach";"Bruch";
28697;"51647";"05374012";"Gummersbach";"Deitenbach";
28700;"51647";"05374012";"Gummersbach";"Drieberhausen";
28702;"51647";"05374012";"Gummersbach";"Dümmlinghausen";
28703;"51647";"05374012";"Gummersbach";"Elbach";
28705;"51647";"05374012";"Gummersbach";"Erlenhagen";
28706;"51647";"05374012";"Gummersbach";"Flaberg";
28707;"51647";"05374012";"Gummersbach";"Frömmersbach";
28708;"51647";"05374012";"Gummersbach";"Grünenthal";
28709;"51647";"05374012";"Gummersbach";"Gummeroth";
28712;"51647";"05374012";"Gummersbach";"Gummersbach";
28715;"51647";"05374012";"Gummersbach";"Hagen";
28716;"51647";"05374012";"Gummersbach";"Hardt";
28718;"51647";"05374012";"Gummersbach";"Helberg";
28719;"51647";"05374012";"Gummersbach";"Herreshagen";
28720;"51647";"05374012";"Gummersbach";"Hesselbach";
28722;"51647";"05374012";"Gummersbach";"Hülsenbusch";
28723;"51647";"05374012";"Gummersbach";"Kalkkuhl";
28725;"51647";"05374012";"Gummersbach";"Koverstein";
28726;"51647";"05374012";"Gummersbach";"Lantenbach";
28727;"51647";"05374012";"Gummersbach";"Lieberhausen";
28731;"51647";"05374012";"Gummersbach";"Lützinghausen";
28733;"51647";"05374012";"Gummersbach";"Neuenhaus";
28734;"51647";"05374012";"Gummersbach";"Neuenschmiede";
28735;"51647";"05374012";"Gummersbach";"Niedergelpe";
28736;"51647";"05374012";"Gummersbach";"Niedernhagen";
28738;"51647";"05374012";"Gummersbach";"Nochen";
28739;"51647";"05374012";"Gummersbach";"Oberrengse";
28741;"51647";"05374012";"Gummersbach";"Peisel";
28742;"51647";"05374012";"Gummersbach";"Piene";
28744;"51647";"05374012";"Gummersbach";"Recklinghausen";
28747;"51647";"05374012";"Gummersbach";"Rodt";
28751;"51647";"05374012";"Gummersbach";"Schusterburg";
28752;"51647";"05374012";"Gummersbach";"Sonnenberg";
28754;"51647";"05374012";"Gummersbach";"Straße";
28756;"51647";"05374012";"Gummersbach";"Unnenberg";
28757;"51647";"05374012";"Gummersbach";"Veste";
28760;"51647";"05374012";"Gummersbach";"Waldesruh";
28761;"51647";"05374012";"Gummersbach";"Wasserfuhr";
28762;"51647";"05374012";"Gummersbach";"Windhagen";
28759;"51647";"05374012";"Gummersbach";"Wörde";
28763;"51647";"05374012";"Gummersbach";"Würden";
32932;"51674";"05374048";"Wiehl";"Alferzhagen";
32933;"51674";"05374048";"Wiehl";"Alpe";
32934;"51674";"05374048";"Wiehl";"Alperbrück";
32935;"51674";"05374048";"Wiehl";"Angfurten";
32981;"51674";"05374048";"Wiehl";"Bieberstein";
32937;"51674";"05374048";"Wiehl";"Bielstein";
32938;"51674";"05374048";"Wiehl";"Bomig";
32939;"51674";"05374048";"Wiehl";"Brächen";
32936;"51674";"05374048";"Wiehl";"Börnhausen";
32940;"51674";"05374048";"Wiehl";"Büddelhagen";
32982;"51674";"05374048";"Wiehl";"Büttinghausen";
32979;"51674";"05374048";"Wiehl";"Dahl bei Drabenderhöhe";
32941;"51674";"05374048";"Wiehl";"Drabenderhöhe";
32942;"51674";"05374048";"Wiehl";"Dreisbach";
32980;"51674";"05374048";"Wiehl";"Drosselhardt";
32943;"51674";"05374048";"Wiehl";"Fahlenbruch";
32944;"51674";"05374048";"Wiehl";"Faulmert";
32945;"51674";"05374048";"Wiehl";"Forst";
32946;"51674";"05374048";"Wiehl";"Gassenhagen";
32947;"51674";"05374048";"Wiehl";"Großfischbach";
32948;"51674";"05374048";"Wiehl";"Hahn";
32949;"51674";"05374048";"Wiehl";"Hau";
32950;"51674";"05374048";"Wiehl";"Hengstenberg";
32951;"51674";"05374048";"Wiehl";"Hillerscheid";
32952;"51674";"05374048";"Wiehl";"Hübender";
32953;"51674";"05374048";"Wiehl";"Hückhausen";
32954;"51674";"05374048";"Wiehl";"Immen";
32955;"51674";"05374048";"Wiehl";"Jennecken";
32956;"51674";"05374048";"Wiehl";"Kleinfischbach";
32957;"51674";"05374048";"Wiehl";"Koppelweide";
32958;"51674";"05374048";"Wiehl";"Kurtensiefen";
32959;"51674";"05374048";"Wiehl";"Linden";
32960;"51674";"05374048";"Wiehl";"Marienhagen";
32978;"51674";"05374048";"Wiehl";"Merkausen";
32961;"51674";"05374048";"Wiehl";"Monsau";
32962;"51674";"05374048";"Wiehl";"Morkepütz";
32963;"51674";"05374048";"Wiehl";"Mühlen";
32964;"51674";"05374048";"Wiehl";"Mühlhausen";
32965;"51674";"05374048";"Wiehl";"Neuklef";
32966;"51674";"05374048";"Wiehl";"Niederbellinghausen";
32967;"51674";"05374048";"Wiehl";"Niederhof";
32968;"51674";"05374048";"Wiehl";"Oberbantenberg";
32969;"51674";"05374048";"Wiehl";"Oberholzen";
32983;"51674";"05374048";"Wiehl";"Oberwiehl";
32970;"51674";"05374048";"Wiehl";"Pfaffenberg";
32971;"51674";"05374048";"Wiehl";"Remperg";
32972;"51674";"05374048";"Wiehl";"Steinacker";
32973;"51674";"05374048";"Wiehl";"Verr";
32974;"51674";"05374048";"Wiehl";"Wald";
32975;"51674";"05374048";"Wiehl";"Weiershagen";
32976;"51674";"05374048";"Wiehl";"Wiehl";
32977;"51674";"05374048";"Wiehl";"Wiehlsiefen";
33099;"51688";"05374052";"Wipperfürth";"Agathaberg";
33096;"51688";"05374052";"Wipperfürth";"Egen";
33094;"51688";"05374052";"Wipperfürth";"Gemeinde Kürten";
33102;"51688";"05374052";"Wipperfürth";"Hämmern";
33097;"51688";"05374052";"Wipperfürth";"Kreuzberg";
33103;"51688";"05374052";"Wipperfürth";"Neye";
33098;"51688";"05374052";"Wipperfürth";"Ohl";
33100;"51688";"05374052";"Wipperfürth";"Thier";
33101;"51688";"05374052";"Wipperfürth";"Wipperfeld";
33095;"51688";"05374052";"Wipperfürth";"Wipperfürth";
26992;"51702";"05374004";"Bergneustadt";"Attenbach";
26993;"51702";"05374004";"Bergneustadt";"Baldenberg";
26994;"51702";"05374004";"Bergneustadt";"Belmicke";
26995;"51702";"05374004";"Bergneustadt";"Bergneustadt";
26996;"51702";"05374004";"Bergneustadt";"Brelöh";
26997;"51702";"05374004";"Bergneustadt";"Hackenberg";
26998;"51702";"05374004";"Bergneustadt";"Hüngringhausen";
26999;"51702";"05374004";"Bergneustadt";"Immicke";
27003;"51702";"05374004";"Bergneustadt";"Leienbach";
27000;"51702";"05374004";"Bergneustadt";"Neuenothe";
27001;"51702";"05374004";"Bergneustadt";"Pernze";
27002;"51702";"05374004";"Bergneustadt";"Wiedenest";
30319;"51709";"05374024";"Marienheide";"Berghof";
30364;"51709";"05374024";"Marienheide";"Boinghausen";
30318;"51709";"05374024";"Marienheide";"Börlinghausen";
30320;"51709";"05374024";"Marienheide";"Dahl";
30321;"51709";"05374024";"Marienheide";"Dannenberg";
30322;"51709";"05374024";"Marienheide";"Däinghausen";
30332;"51709";"05374024";"Marienheide";"Dürhölzen";
30323;"51709";"05374024";"Marienheide";"Eberg";
30369;"51709";"05374024";"Marienheide";"Eiringhausen";
30324;"51709";"05374024";"Marienheide";"Erlinghagen";
30325;"51709";"05374024";"Marienheide";"Gervershagen";
30326;"51709";"05374024";"Marienheide";"Gimborn";
30327;"51709";"05374024";"Marienheide";"Gogarten";
30328;"51709";"05374024";"Marienheide";"Grunewald";
30330;"51709";"05374024";"Marienheide";"Himmerkusen";
30331;"51709";"05374024";"Marienheide";"Holzwipper";
30329;"51709";"05374024";"Marienheide";"Höfel";
30367;"51709";"05374024";"Marienheide";"Hütte";
30333;"51709";"05374024";"Marienheide";"Jedinghagen";
30335;"51709";"05374024";"Marienheide";"Kalsbach";
30336;"51709";"05374024";"Marienheide";"Kattwinkel";
30337;"51709";"05374024";"Marienheide";"Kempershöhe";
30338;"51709";"05374024";"Marienheide";"Kotthausen";
30365;"51709";"05374024";"Marienheide";"Krommenohl";
30334;"51709";"05374024";"Marienheide";"Königsheide";
30368;"51709";"05374024";"Marienheide";"Kümmel";
30340;"51709";"05374024";"Marienheide";"Lambach";
30341;"51709";"05374024";"Marienheide";"Lehmkuhl";
30342;"51709";"05374024";"Marienheide";"Leiberg";
30343;"51709";"05374024";"Marienheide";"Lienkamp";
30344;"51709";"05374024";"Marienheide";"Linge";
30339;"51709";"05374024";"Marienheide";"Löh";
30345;"51709";"05374024";"Marienheide";"Marienheide";
30346;"51709";"05374024";"Marienheide";"Müllenbach";
30347;"51709";"05374024";"Marienheide";"Niederwette";
30348;"51709";"05374024";"Marienheide";"Obernhagen";
30349;"51709";"05374024";"Marienheide";"Obersiemeringhausen";
30350;"51709";"05374024";"Marienheide";"Rodt";
30352;"51709";"05374024";"Marienheide";"Scharde";
30353;"51709";"05374024";"Marienheide";"Schemmen";
30354;"51709";"05374024";"Marienheide";"Schmitzwipper";
30355;"51709";"05374024";"Marienheide";"Schulzenkamp";
30351;"51709";"05374024";"Marienheide";"Schöneborn";
30356;"51709";"05374024";"Marienheide";"Siemerkusen";
30357;"51709";"05374024";"Marienheide";"Siepen";
30358;"51709";"05374024";"Marienheide";"Späinghausen";
30359;"51709";"05374024";"Marienheide";"Straße";
30360;"51709";"05374024";"Marienheide";"Stülinghausen";
30366;"51709";"05374024";"Marienheide";"Unterpentinghausen";
30361;"51709";"05374024";"Marienheide";"Wernscheid";
30362;"51709";"05374024";"Marienheide";"Wilbringhausen";
30363;"51709";"05374024";"Marienheide";"Winkel";
28101;"51766";"05374008";"Engelskirchen";"Bellingroth";
28102;"51766";"05374008";"Engelskirchen";"Bickenbach";
28117;"51766";"05374008";"Engelskirchen";"Buschhausen";
28115;"51766";"05374008";"Engelskirchen";"Dörrenberg";
28103;"51766";"05374008";"Engelskirchen";"Engelskirchen";
28116;"51766";"05374008";"Engelskirchen";"Engelskirchen-Grünscheid";
28114;"51766";"05374008";"Engelskirchen";"Engelskirchen-Hardt";
28106;"51766";"05374008";"Engelskirchen";"Engelskirchen-Loope";
28118;"51766";"05374008";"Engelskirchen";"Engelskirchen-Miebach";
28104;"51766";"05374008";"Engelskirchen";"Hahn";
28120;"51766";"05374008";"Engelskirchen";"Hollenberg";
28105;"51766";"05374008";"Engelskirchen";"Kaltenbach";
28119;"51766";"05374008";"Engelskirchen";"Müllensiefen";
28107;"51766";"05374008";"Engelskirchen";"Oesinghausen";
28122;"51766";"05374008";"Engelskirchen";"Osberghausen";
28109;"51766";"05374008";"Engelskirchen";"Remerscheid";
28108;"51766";"05374008";"Engelskirchen";"Ründeroth";
28110;"51766";"05374008";"Engelskirchen";"Schnellenbach";
28121;"51766";"05374008";"Engelskirchen";"Stiefelhagen";
28111;"51766";"05374008";"Engelskirchen";"Wahlscheid";
28112;"51766";"05374008";"Engelskirchen";"Wallefeld";
28113;"51766";"05374008";"Engelskirchen";"Wiehlmünden";
30141;"51789";"05374020";"Lindlar";"Altenrath-Böhl";
30166;"51789";"05374020";"Lindlar";"Bolzenbach-Schümmerich";
30142;"51789";"05374020";"Lindlar";"Brochhagen";
30143;"51789";"05374020";"Lindlar";"Eichholz";
30144;"51789";"05374020";"Lindlar";"Fenke";
30145;"51789";"05374020";"Lindlar";"Frielingsdorf";
30147;"51789";"05374020";"Lindlar";"Hartegasse";
30148;"51789";"05374020";"Lindlar";"Hohkeppel";
30149;"51789";"05374020";"Lindlar";"Hommerich";
30150;"51789";"05374020";"Lindlar";"Horpe";
30146;"51789";"05374020";"Lindlar";"Hönighausen";
30168;"51789";"05374020";"Lindlar";"Industriepark Klause";
30152;"51789";"05374020";"Lindlar";"Kaiserau";
30153;"51789";"05374020";"Lindlar";"Kapellensüng";
30154;"51789";"05374020";"Lindlar";"Kuhlbach";
30151;"51789";"05374020";"Lindlar";"Köttingen";
30169;"51789";"05374020";"Lindlar";"Leienhöhe";
30155;"51789";"05374020";"Lindlar";"Linde";
30156;"51789";"05374020";"Lindlar";"Lindlar";
30157;"51789";"05374020";"Lindlar";"Oberhabbach";
30158;"51789";"05374020";"Lindlar";"Obersülze";
30159;"51789";"05374020";"Lindlar";"Rehbach";
30160;"51789";"05374020";"Lindlar";"Remshagen";
30161;"51789";"05374020";"Lindlar";"Scheel";
30162;"51789";"05374020";"Lindlar";"Schmitzhöhe";
30167;"51789";"05374020";"Lindlar";"Schmitzhöhe-Holl";
30163;"51789";"05374020";"Lindlar";"Spich";
30164;"51789";"05374020";"Lindlar";"Stelberg";
30165;"51789";"05374020";"Lindlar";"Unterbergscheid";
30170;"51789";"05374020";"Lindlar";"Vellingen";
26544;"52062";"05334002";"Aachen";"Aachen";
26545;"52064";"05334002";"Aachen";"Aachen";
26546;"52066";"05334002";"Aachen";"Aachen";
26547;"52068";"05334002";"Aachen";"Aachen";
26548;"52070";"05334002";"Aachen";"Aachen";
26556;"52070";"05334002";"Aachen";"Haaren";
26561;"52070";"05334002";"Aachen";"Laurensberg";
26549;"52072";"05334002";"Aachen";"Aachen";
26559;"52072";"05334002";"Aachen";"Horbach";
26562;"52072";"05334002";"Aachen";"Laurensberg";
26567;"52072";"05334002";"Aachen";"Richterich";
26550;"52074";"05334002";"Aachen";"Aachen";
26563;"52074";"05334002";"Aachen";"Laurensberg";
26566;"52074";"05334002";"Aachen";"Orsbach";
26571;"52074";"05334002";"Aachen";"Vaalserquartier";
26551;"52076";"05334002";"Aachen";"Aachen";
26553;"52076";"05334002";"Aachen";"Brand";
26574;"52076";"05334002";"Aachen";"Friesenrath";
26558;"52076";"05334002";"Aachen";"Hahn";
26560;"52076";"05334002";"Aachen";"Kornelimünster";
26576;"52076";"05334002";"Aachen";"Krauthausen";
26564;"52076";"05334002";"Aachen";"Lichtenbusch";
26575;"52076";"05334002";"Aachen";"Nütheim";
26565;"52076";"05334002";"Aachen";"Oberforstbach";
26568;"52076";"05334002";"Aachen";"Schleckheim";
26569;"52076";"05334002";"Aachen";"Schmithof";
26570;"52076";"05334002";"Aachen";"Sief";
26573;"52076";"05334002";"Aachen";"Walheim";
26552;"52078";"05334002";"Aachen";"Aachen";
26554;"52078";"05334002";"Aachen";"Brand";
26555;"52080";"05334002";"Aachen";"Eilendorf";
26557;"52080";"05334002";"Aachen";"Haaren";
26572;"52080";"05334002";"Aachen";"Verlautenheide";
29169;"52134";"05334016";"Herzogenrath";"Herzogenrath";
29170;"52134";"05334016";"Herzogenrath";"Kohlscheid";
29171;"52134";"05334016";"Herzogenrath";"Merkstein";
29172;"52134";"05334016";"Herzogenrath";"Straß";
33126;"52146";"05334036";"Würselen";"Bardenberg";
33127;"52146";"05334036";"Würselen";"Broichweiden";
33129;"52146";"05334036";"Würselen";"Morsbach";
33128;"52146";"05334036";"Würselen";"Würselen";
32286;"52152";"05334028";"Simmerath";"Bickerath";
32287;"52152";"05334028";"Simmerath";"Dedenborn";
32288;"52152";"05334028";"Simmerath";"Eicherscheid";
32289;"52152";"05334028";"Simmerath";"Einruhr";
32290;"52152";"05334028";"Simmerath";"Erkensruhr";
32291;"52152";"05334028";"Simmerath";"Hammer";
32303;"52152";"05334028";"Simmerath";"Hirschrott";
32292;"52152";"05334028";"Simmerath";"Huppenbroich";
32293;"52152";"05334028";"Simmerath";"Kesternich";
32294;"52152";"05334028";"Simmerath";"Lammersdorf";
32295;"52152";"05334028";"Simmerath";"Paustenbach";
32296;"52152";"05334028";"Simmerath";"Rollesbroich";
32297;"52152";"05334028";"Simmerath";"Rurberg";
32298;"52152";"05334028";"Simmerath";"Simmerath";
32299;"52152";"05334028";"Simmerath";"Steckenborn";
32300;"52152";"05334028";"Simmerath";"Strauch";
32301;"52152";"05334028";"Simmerath";"Witzerath";
32302;"52152";"05334028";"Simmerath";"Woffelsbach";
30722;"52156";"05334020";"Monschau";"Höfen";
30723;"52156";"05334020";"Monschau";"Imgenbroich";
30724;"52156";"05334020";"Monschau";"Kalterherberg";
30725;"52156";"05334020";"Monschau";"Konzen";
30726;"52156";"05334020";"Monschau";"Menzerath";
30727;"52156";"05334020";"Monschau";"Monschau";
30728;"52156";"05334020";"Monschau";"Mützenich";
30729;"52156";"05334020";"Monschau";"Rohren";
30730;"52156";"05334020";"Monschau";"Widdau";
31920;"52159";"05334024";"Roetgen";"Mulartshütte";
31921;"52159";"05334024";"Roetgen";"Roetgen";
31922;"52159";"05334024";"Roetgen";"Rott";
32390;"52222";"05334032";"Stolberg (Rhld.)";"Atsch";
32393;"52222";"05334032";"Stolberg (Rhld.)";"Donnerberg";
32411;"52222";"05334032";"Stolberg (Rhld.)";"Liester";
32398;"52222";"05334032";"Stolberg (Rhld.)";"Münsterbusch";
32401;"52222";"05334032";"Stolberg (Rhld.)";"Stolberg";
32408;"52222";"05334032";"Stolberg (Rhld.)";"Velau-Steinfurt";
32391;"52223";"05334032";"Stolberg (Rhld.)";"Breinig";
32392;"52223";"05334032";"Stolberg (Rhld.)";"Büsbach";
32395;"52223";"05334032";"Stolberg (Rhld.)";"Dorff";
32409;"52223";"05334032";"Stolberg (Rhld.)";"Hammer";
32412;"52223";"05334032";"Stolberg (Rhld.)";"Liester";
32399;"52223";"05334032";"Stolberg (Rhld.)";"Münsterbusch";
32402;"52223";"05334032";"Stolberg (Rhld.)";"Stolberg";
32394;"52224";"05334032";"Stolberg (Rhld.)";"Donnerberg";
32396;"52224";"05334032";"Stolberg (Rhld.)";"Gressenich";
32410;"52224";"05334032";"Stolberg (Rhld.)";"Hammer";
32397;"52224";"05334032";"Stolberg (Rhld.)";"Mausbach";
32400;"52224";"05334032";"Stolberg (Rhld.)";"Schevenhütte";
32403;"52224";"05334032";"Stolberg (Rhld.)";"Stolberg";
32404;"52224";"05334032";"Stolberg (Rhld.)";"Venwegen";
32405;"52224";"05334032";"Stolberg (Rhld.)";"Vicht";
32406;"52224";"05334032";"Stolberg (Rhld.)";"Werth";
32407;"52224";"05334032";"Stolberg (Rhld.)";"Zweifall";
28263;"52249";"05334012";"Eschweiler";"Aue";
28264;"52249";"05334012";"Eschweiler";"Bergrath";
28265;"52249";"05334012";"Eschweiler";"Bohl";
28266;"52249";"05334012";"Eschweiler";"Dürwiß";
28267;"52249";"05334012";"Eschweiler";"Eschweiler";
28286;"52249";"05334012";"Eschweiler";"Gemeinde Langerwehe";
28268;"52249";"05334012";"Eschweiler";"Hastenrath";
28269;"52249";"05334012";"Eschweiler";"Hehlrath";
28270;"52249";"05334012";"Eschweiler";"Hücheln";
28271;"52249";"05334012";"Eschweiler";"Kinzweiler";
28272;"52249";"05334012";"Eschweiler";"Neu-Lohn";
28273;"52249";"05334012";"Eschweiler";"Nothberg";
28274;"52249";"05334012";"Eschweiler";"Ost";
28275;"52249";"05334012";"Eschweiler";"Pumpe";
28276;"52249";"05334012";"Eschweiler";"Röhe";
28277;"52249";"05334012";"Eschweiler";"Röthgen";
28278;"52249";"05334012";"Eschweiler";"Scherpenseel";
28279;"52249";"05334012";"Eschweiler";"Siedlung Waldschule";
28280;"52249";"05334012";"Eschweiler";"St. Jöris";
28281;"52249";"05334012";"Eschweiler";"Stadtwald";
28282;"52249";"05334012";"Eschweiler";"Stich";
28283;"52249";"05334012";"Eschweiler";"Volkenrath";
28284;"52249";"05334012";"Eschweiler";"Weisweiler";
28285;"52249";"05334012";"Eschweiler";"Wilhelmshöhe";
27791;"52349";"05358008";"Düren";"Düren";
27796;"52349";"05358008";"Düren";"Gürzenich";
27792;"52351";"05358008";"Düren";"Düren";
27808;"52351";"05358008";"Düren";"Wörthsiedlung";
27786;"52353";"05358008";"Düren";"Arnoldsweiler";
27789;"52353";"05358008";"Düren";"Birkesdorf";
27793;"52353";"05358008";"Düren";"Düren";
27795;"52353";"05358008";"Düren";"Echtz";
27798;"52353";"05358008";"Düren";"Hoven";
27803;"52353";"05358008";"Düren";"Mariaweiler";
27804;"52353";"05358008";"Düren";"Merken";
27787;"52355";"05358008";"Düren";"Berzbuir";
27788;"52355";"05358008";"Düren";"Birgel";
27807;"52355";"05358008";"Düren";"Boisdorfer Siedlung";
27790;"52355";"05358008";"Düren";"Derichsweiler";
27794;"52355";"05358008";"Düren";"Düren";
27797;"52355";"05358008";"Düren";"Gürzenich";
27799;"52355";"05358008";"Düren";"Konzendorf";
27800;"52355";"05358008";"Düren";"Krauthausen";
27801;"52355";"05358008";"Düren";"Kufferath";
27802;"52355";"05358008";"Düren";"Lendersdorf";
27805;"52355";"05358008";"Düren";"Niederau";
27806;"52355";"05358008";"Düren";"Rölsdorf";
29916;"52372";"05358028";"Kreuzau";"Bergheim";
29917;"52372";"05358028";"Kreuzau";"Bilstein";
29918;"52372";"05358028";"Kreuzau";"Bogheim";
29919;"52372";"05358028";"Kreuzau";"Boich";
29920;"52372";"05358028";"Kreuzau";"Drove";
29930;"52372";"05358028";"Kreuzau";"Gemeinde Hürtgenwald";
29931;"52372";"05358028";"Kreuzau";"Gemeinde Nideggen";
29921;"52372";"05358028";"Kreuzau";"Kreuzau";
29922;"52372";"05358028";"Kreuzau";"Langenbroich";
29923;"52372";"05358028";"Kreuzau";"Leversbach";
29924;"52372";"05358028";"Kreuzau";"Obermaubach";
29925;"52372";"05358028";"Kreuzau";"Schlagstein";
29926;"52372";"05358028";"Kreuzau";"Stockheim";
29927;"52372";"05358028";"Kreuzau";"Thum";
29928;"52372";"05358028";"Kreuzau";"Untermaubach";
29929;"52372";"05358028";"Kreuzau";"Winden";
29915;"52372";"05358028";"Kreuzau";"Üdingen";
30005;"52379";"05358032";"Langerwehe";"D'horn";
30006;"52379";"05358032";"Langerwehe";"Geich";
30007;"52379";"05358032";"Langerwehe";"Hamich";
30008;"52379";"05358032";"Langerwehe";"Heistern";
30009;"52379";"05358032";"Langerwehe";"Jüngersdorf";
30010;"52379";"05358032";"Langerwehe";"Langerwehe";
30011;"52379";"05358032";"Langerwehe";"Luchem";
30012;"52379";"05358032";"Langerwehe";"Merode";
30013;"52379";"05358032";"Langerwehe";"Obergeich";
30018;"52379";"05358032";"Langerwehe";"Pier";
30015;"52379";"05358032";"Langerwehe";"Schlich";
30014;"52379";"05358032";"Langerwehe";"Schönthal";
30016;"52379";"05358032";"Langerwehe";"Stütgerloch";
30017;"52379";"05358032";"Langerwehe";"Wenau";
31193;"52382";"05358048";"Niederzier";"Ellen";
31194;"52382";"05358048";"Niederzier";"Hambach";
31195;"52382";"05358048";"Niederzier";"Huchem-Stammeln";
31196;"52382";"05358048";"Niederzier";"Krauthausen";
31197;"52382";"05358048";"Niederzier";"Niederzier";
31198;"52382";"05358048";"Niederzier";"Oberzier";
31199;"52382";"05358048";"Niederzier";"Selhausen";
31159;"52385";"05358044";"Nideggen";"Abenden";
31160;"52385";"05358044";"Nideggen";"Berg";
31161;"52385";"05358044";"Nideggen";"Brück";
31162;"52385";"05358044";"Nideggen";"Embken";
31163;"52385";"05358044";"Nideggen";"Muldenau";
31164;"52385";"05358044";"Nideggen";"Nideggen";
31165;"52385";"05358044";"Nideggen";"Rath";
31166;"52385";"05358044";"Nideggen";"Schmidt";
31167;"52385";"05358044";"Nideggen";"Wollersheim";
31207;"52388";"05358052";"Nörvenich";"Binsfeld";
31208;"52388";"05358052";"Nörvenich";"Dorweiler";
31209;"52388";"05358052";"Nörvenich";"Eggersheim";
31210;"52388";"05358052";"Nörvenich";"Eschweiler über Feld";
31211;"52388";"05358052";"Nörvenich";"Frauwüllesheim";
31212;"52388";"05358052";"Nörvenich";"Hochkirchen";
31213;"52388";"05358052";"Nörvenich";"Irresheim";
31214;"52388";"05358052";"Nörvenich";"Nörvenich";
31215;"52388";"05358052";"Nörvenich";"Oberbolheim";
31216;"52388";"05358052";"Nörvenich";"Pingsheim";
31217;"52388";"05358052";"Nörvenich";"Poll";
31218;"52388";"05358052";"Nörvenich";"Rath";
31219;"52388";"05358052";"Nörvenich";"Rommelsheim";
31220;"52388";"05358052";"Nörvenich";"Wissersheim";
32559;"52391";"05358060";"Vettweiß";"Disternich";
32570;"52391";"05358060";"Vettweiß";"Frangenheim";
32560;"52391";"05358060";"Vettweiß";"Froitzheim";
32561;"52391";"05358060";"Vettweiß";"Ginnick";
32562;"52391";"05358060";"Vettweiß";"Gladbach";
32563;"52391";"05358060";"Vettweiß";"Jakobwüllesheim";
32564;"52391";"05358060";"Vettweiß";"Kelz";
32565;"52391";"05358060";"Vettweiß";"Lüxheim";
32566;"52391";"05358060";"Vettweiß";"Müddersheim";
32567;"52391";"05358060";"Vettweiß";"Sievernich";
32568;"52391";"05358060";"Vettweiß";"Soller";
32569;"52391";"05358060";"Vettweiß";"Vettweiß";
29287;"52393";"05358016";"Hürtgenwald";"Bergstein";
29288;"52393";"05358016";"Hürtgenwald";"Brandenberg";
29289;"52393";"05358016";"Hürtgenwald";"Gey";
29290;"52393";"05358016";"Hürtgenwald";"Großhau";
29291;"52393";"05358016";"Hürtgenwald";"Horm";
29292;"52393";"05358016";"Hürtgenwald";"Hürtgen";
29293;"52393";"05358016";"Hürtgenwald";"Kleinhau";
29294;"52393";"05358016";"Hürtgenwald";"Raffelsbrand";
29295;"52393";"05358016";"Hürtgenwald";"Schafberg";
29296;"52393";"05358016";"Hürtgenwald";"Simonskall";
29297;"52393";"05358016";"Hürtgenwald";"Straß";
29298;"52393";"05358016";"Hürtgenwald";"Vossenack";
29299;"52393";"05358016";"Hürtgenwald";"Zerkall";
28909;"52396";"05358012";"Heimbach";"Blens";
28910;"52396";"05358012";"Heimbach";"Düttling";
28911;"52396";"05358012";"Heimbach";"Hasenfeld";
28912;"52396";"05358012";"Heimbach";"Hausen";
28913;"52396";"05358012";"Heimbach";"Heimbach";
28914;"52396";"05358012";"Heimbach";"Hergarten";
28915;"52396";"05358012";"Heimbach";"Vlatten";
30510;"52399";"05358040";"Merzenich";"Girbelsrath";
30511;"52399";"05358040";"Merzenich";"Golzheim";
30512;"52399";"05358040";"Merzenich";"Merzenich";
30513;"52399";"05358040";"Merzenich";"Morschenich";
29426;"52428";"05358024";"Jülich";"Altenburg";
29427;"52428";"05358024";"Jülich";"Barmen";
29428;"52428";"05358024";"Jülich";"Bourheim";
29429;"52428";"05358024";"Jülich";"Broich";
29430;"52428";"05358024";"Jülich";"Daubenrath";
29431;"52428";"05358024";"Jülich";"Güsten";
29432;"52428";"05358024";"Jülich";"Jülich";
29433;"52428";"05358024";"Jülich";"Kirchberg";
29434;"52428";"05358024";"Jülich";"Koslar";
29435;"52428";"05358024";"Jülich";"Lich-Steinstraß";
29436;"52428";"05358024";"Jülich";"Mersch";
29437;"52428";"05358024";"Jülich";"Merzenhausen";
29438;"52428";"05358024";"Jülich";"Pattern";
29439;"52428";"05358024";"Jülich";"Selgersdorf";
29440;"52428";"05358024";"Jülich";"Serrest";
29441;"52428";"05358024";"Jülich";"Stetternich";
29442;"52428";"05358024";"Jülich";"Welldorf";
30171;"52441";"05358036";"Linnich";"Boslar";
30172;"52441";"05358036";"Linnich";"Ederen";
30173;"52441";"05358036";"Linnich";"Floßdorf";
30174;"52441";"05358036";"Linnich";"Gereonsweiler";
30175;"52441";"05358036";"Linnich";"Gevenich";
30176;"52441";"05358036";"Linnich";"Glimbach";
30177;"52441";"05358036";"Linnich";"Hottorf";
30179;"52441";"05358036";"Linnich";"Kofferen";
30178;"52441";"05358036";"Linnich";"Körrenzig";
30180;"52441";"05358036";"Linnich";"Linnich";
30181;"52441";"05358036";"Linnich";"Rurdorf";
30182;"52441";"05358036";"Linnich";"Tetz";
30183;"52441";"05358036";"Linnich";"Welz";
32469;"52445";"05358056";"Titz";"Ameln";
32470;"52445";"05358056";"Titz";"Bettenhoven";
32471;"52445";"05358056";"Titz";"Gevelsdorf";
32473;"52445";"05358056";"Titz";"Hasselsweiler";
32474;"52445";"05358056";"Titz";"Hompesch";
32472;"52445";"05358056";"Titz";"Höllen";
32475;"52445";"05358056";"Titz";"Jackerath";
32476;"52445";"05358056";"Titz";"Kalrath";
32477;"52445";"05358056";"Titz";"Mündt";
32478;"52445";"05358056";"Titz";"Müntz";
32479;"52445";"05358056";"Titz";"Opherten";
32481;"52445";"05358056";"Titz";"Ralshoven";
32480;"52445";"05358056";"Titz";"Rödingen";
32482;"52445";"05358056";"Titz";"Sevenich";
32483;"52445";"05358056";"Titz";"Spiel";
32484;"52445";"05358056";"Titz";"Titz";
26590;"52457";"05358004";"Aldenhoven";"Aldenhoven";
26591;"52457";"05358004";"Aldenhoven";"Dürboslar";
26592;"52457";"05358004";"Aldenhoven";"Engelsdorf";
26593;"52457";"05358004";"Aldenhoven";"Freialdenhoven";
26594;"52457";"05358004";"Aldenhoven";"Niedermerz";
26595;"52457";"05358004";"Aldenhoven";"Schleiden";
26596;"52457";"05358004";"Aldenhoven";"Siersdorf";
29330;"52459";"05358020";"Inden";"Altdorf";
29331;"52459";"05358020";"Inden";"Frenz";
29332;"52459";"05358020";"Inden";"Inden";
29333;"52459";"05358020";"Inden";"Inden/Altdorf";
29334;"52459";"05358020";"Inden";"Lamersdorf";
29335;"52459";"05358020";"Inden";"Lucherberg";
29336;"52459";"05358020";"Inden";"Pier";
29337;"52459";"05358020";"Inden";"Schophoven";
26609;"52477";"05334004";"Alsdorf";"Alsdorf";
26610;"52477";"05334004";"Alsdorf";"Begau";
26611;"52477";"05334004";"Alsdorf";"Bettendorf";
26612;"52477";"05334004";"Alsdorf";"Blumenrath";
26613;"52477";"05334004";"Alsdorf";"Broicher Siedlung";
26614;"52477";"05334004";"Alsdorf";"Busch";
26615;"52477";"05334004";"Alsdorf";"Duffesheide";
26616;"52477";"05334004";"Alsdorf";"Hoengen";
26617;"52477";"05334004";"Alsdorf";"Kellersberg";
26618;"52477";"05334004";"Alsdorf";"Mariadorf";
26619;"52477";"05334004";"Alsdorf";"Neuweiler";
26620;"52477";"05334004";"Alsdorf";"Ofden";
26621;"52477";"05334004";"Alsdorf";"Ost";
26622;"52477";"05334004";"Alsdorf";"Schaufenberg";
26623;"52477";"05334004";"Alsdorf";"Schleibach";
26624;"52477";"05334004";"Alsdorf";"Warden";
26625;"52477";"05334004";"Alsdorf";"Zopp";
26888;"52499";"05334008";"Baesweiler";"Baesweiler";
26889;"52499";"05334008";"Baesweiler";"Beggendorf";
26890;"52499";"05334008";"Baesweiler";"Floverich";
26891;"52499";"05334008";"Baesweiler";"Loverich";
26892;"52499";"05334008";"Baesweiler";"Oidtweiler";
26893;"52499";"05334008";"Baesweiler";"Puffendorf";
26894;"52499";"05334008";"Baesweiler";"Setterich";
28537;"52511";"05370012";"Geilenkirchen";"Apweiler";
28538;"52511";"05370012";"Geilenkirchen";"Bauchem";
28539;"52511";"05370012";"Geilenkirchen";"Beeck";
28540;"52511";"05370012";"Geilenkirchen";"Bocket";
28541;"52511";"05370012";"Geilenkirchen";"Flahstraß";
28542;"52511";"05370012";"Geilenkirchen";"Geilenkirchen";
28543;"52511";"05370012";"Geilenkirchen";"Gillrath";
28544;"52511";"05370012";"Geilenkirchen";"Grotenrath";
28545;"52511";"05370012";"Geilenkirchen";"Hatterath";
28546;"52511";"05370012";"Geilenkirchen";"Hochheid";
28547;"52511";"05370012";"Geilenkirchen";"Honsdorf";
28548;"52511";"05370012";"Geilenkirchen";"Hoven";
28566;"52511";"05370012";"Geilenkirchen";"Hünshoven";
28549;"52511";"05370012";"Geilenkirchen";"Immendorf";
28550;"52511";"05370012";"Geilenkirchen";"Kogenbroich";
28551;"52511";"05370012";"Geilenkirchen";"Kraudorf";
28552;"52511";"05370012";"Geilenkirchen";"Leiffarth";
28553;"52511";"05370012";"Geilenkirchen";"Lindern";
28554;"52511";"05370012";"Geilenkirchen";"Müllendorf";
28555;"52511";"05370012";"Geilenkirchen";"Niederheid";
28556;"52511";"05370012";"Geilenkirchen";"Nierstraß";
28557;"52511";"05370012";"Geilenkirchen";"Nirm";
28558;"52511";"05370012";"Geilenkirchen";"Panneschopp";
28559;"52511";"05370012";"Geilenkirchen";"Prummern";
28560;"52511";"05370012";"Geilenkirchen";"Rischden";
28561;"52511";"05370012";"Geilenkirchen";"Süggerath";
28562;"52511";"05370012";"Geilenkirchen";"Teveren";
28563;"52511";"05370012";"Geilenkirchen";"Tripsrath";
28564;"52511";"05370012";"Geilenkirchen";"Waurichen";
28565;"52511";"05370012";"Geilenkirchen";"Würm";
28916;"52525";"05370016";"Heinsberg";"Aphoven/Laffeld";
28917;"52525";"05370016";"Heinsberg";"Dremmen";
28918;"52525";"05370016";"Heinsberg";"Heinsberg";
28919;"52525";"05370016";"Heinsberg";"Karken";
28920;"52525";"05370016";"Heinsberg";"Kempen";
28921;"52525";"05370016";"Heinsberg";"Kirchhoven";
28922;"52525";"05370016";"Heinsberg";"Lieck";
28923;"52525";"05370016";"Heinsberg";"Oberbruch";
28924;"52525";"05370016";"Heinsberg";"Porselen/Horst";
28925;"52525";"05370016";"Heinsberg";"Randerath/Uetterath";
28926;"52525";"05370016";"Heinsberg";"Schafhausen";
28931;"52525";"05370016";"Heinsberg";"Scheifendahl";
28927;"52525";"05370016";"Heinsberg";"Straeten";
28930;"52525";"05370016";"Heinsberg";"Uetterath";
28928;"52525";"05370016";"Heinsberg";"Unterbruch";
28929;"52525";"05370016";"Heinsberg";"Waldenrath";
32706;"52525";"05370032";"Waldfeucht";"Bocket";
32707;"52525";"05370032";"Waldfeucht";"Braunsrath";
32708;"52525";"05370032";"Waldfeucht";"Brüggelchen";
32709;"52525";"05370032";"Waldfeucht";"Frilinghoven";
32710;"52525";"05370032";"Waldfeucht";"Haaren";
32711;"52525";"05370032";"Waldfeucht";"Hontem";
32712;"52525";"05370032";"Waldfeucht";"Löcken";
32713;"52525";"05370032";"Waldfeucht";"Obspringen";
32714;"52525";"05370032";"Waldfeucht";"Schöndorf";
32715;"52525";"05370032";"Waldfeucht";"Selsten";
32716;"52525";"05370032";"Waldfeucht";"Waldfeucht";
32500;"52531";"05370028";"Übach-Palenberg";"Boscheln";
32501;"52531";"05370028";"Übach-Palenberg";"Frelenberg";
32506;"52531";"05370028";"Übach-Palenberg";"Holthausen";
32502;"52531";"05370028";"Übach-Palenberg";"Marienberg";
32503;"52531";"05370028";"Übach-Palenberg";"Palenberg";
32509;"52531";"05370028";"Übach-Palenberg";"Rimburg";
32504;"52531";"05370028";"Übach-Palenberg";"Scherpenseel";
32507;"52531";"05370028";"Übach-Palenberg";"Siepenbusch";
32505;"52531";"05370028";"Übach-Palenberg";"Windhausen";
32508;"52531";"05370028";"Übach-Palenberg";"Zweibrüggen";
32499;"52531";"05370028";"Übach-Palenberg";"Übach";
28518;"52538";"05370008";"Gangelt";"Birgden";
28519;"52538";"05370008";"Gangelt";"Breberen";
28520;"52538";"05370008";"Gangelt";"Broichhoven";
28521;"52538";"05370008";"Gangelt";"Brüxgen";
28522;"52538";"05370008";"Gangelt";"Buscherheide";
28523;"52538";"05370008";"Gangelt";"Gangelt";
28524;"52538";"05370008";"Gangelt";"Harzelt";
28525;"52538";"05370008";"Gangelt";"Hastenrath";
28526;"52538";"05370008";"Gangelt";"Hohenbusch";
28527;"52538";"05370008";"Gangelt";"Kievelberg";
28528;"52538";"05370008";"Gangelt";"Kreuzrath";
28529;"52538";"05370008";"Gangelt";"Langbroich";
28530;"52538";"05370008";"Gangelt";"Mindergangelt";
28531;"52538";"05370008";"Gangelt";"Nachbarheid";
28532;"52538";"05370008";"Gangelt";"Niederbusch";
28533;"52538";"05370008";"Gangelt";"Schierwaldenrath";
28534;"52538";"05370008";"Gangelt";"Schümm";
28535;"52538";"05370008";"Gangelt";"Stahe";
28536;"52538";"05370008";"Gangelt";"Vinteln";
32236;"52538";"05370024";"Selfkant";"Dieck";
32221;"52538";"05370024";"Selfkant";"Großwehrhagen";
32222;"52538";"05370024";"Selfkant";"Havert";
32223;"52538";"05370024";"Selfkant";"Heilder";
32224;"52538";"05370024";"Selfkant";"Hillensberg";
32225;"52538";"05370024";"Selfkant";"Höngen";
32226;"52538";"05370024";"Selfkant";"Isenbruch";
32227;"52538";"05370024";"Selfkant";"Kleinwehrhagen";
32228;"52538";"05370024";"Selfkant";"Millen";
32235;"52538";"05370024";"Selfkant";"Millen-Bruch";
32229;"52538";"05370024";"Selfkant";"Saeffelen";
32230;"52538";"05370024";"Selfkant";"Schalbruch";
32231;"52538";"05370024";"Selfkant";"Stein";
32232;"52538";"05370024";"Selfkant";"Süsterseel";
32233;"52538";"05370024";"Selfkant";"Tüddern";
32234;"52538";"05370024";"Selfkant";"Wehr";
27297;"53111";"05314000";"Bonn";"Bonn-Castell";
27300;"53111";"05314000";"Bonn";"Bonn-Zentrum";
27224;"53111";"05314000";"Bonn";"Graurheindorf";
27251;"53111";"05314000";"Bonn";"Nordstadt";
27294;"53111";"05314000";"Bonn";"Südstadt";
27278;"53111";"05314000";"Bonn";"Zentrum";
27226;"53113";"05314000";"Bonn";"Gronau";
27233;"53113";"05314000";"Bonn";"Kessenich";
27258;"53113";"05314000";"Bonn";"Poppelsdorf";
27295;"53113";"05314000";"Bonn";"Südstadt";
27279;"53113";"05314000";"Bonn";"Zentrum";
27219;"53115";"05314000";"Bonn";"Endenich";
27230;"53115";"05314000";"Bonn";"Ippendorf";
27234;"53115";"05314000";"Bonn";"Kessenich";
27259;"53115";"05314000";"Bonn";"Poppelsdorf";
27296;"53115";"05314000";"Bonn";"Südstadt";
27272;"53115";"05314000";"Bonn";"Venusberg";
27286;"53115";"05314000";"Bonn";"Weststadt";
27280;"53115";"05314000";"Bonn";"Zentrum";
27204;"53117";"05314000";"Bonn";"Auerberg";
27298;"53117";"05314000";"Bonn";"Bonn-Castell";
27213;"53117";"05314000";"Bonn";"Buschdorf";
27288;"53117";"05314000";"Bonn";"Castell";
27225;"53117";"05314000";"Bonn";"Graurheindorf";
27252;"53117";"05314000";"Bonn";"Nordstadt";
27270;"53117";"05314000";"Bonn";"Tannenbusch";
27281;"53117";"05314000";"Bonn";"Zentrum";
27253;"53119";"05314000";"Bonn";"Nordstadt";
27271;"53119";"05314000";"Bonn";"Tannenbusch";
27282;"53119";"05314000";"Bonn";"Zentrum";
27215;"53121";"05314000";"Bonn";"Dransdorf";
27220;"53121";"05314000";"Bonn";"Endenich";
27242;"53121";"05314000";"Bonn";"Lessenich";
27287;"53121";"05314000";"Bonn";"Weststadt";
27283;"53121";"05314000";"Bonn";"Zentrum";
27216;"53123";"05314000";"Bonn";"Dransdorf";
27217;"53123";"05314000";"Bonn";"Duisdorf";
27239;"53123";"05314000";"Bonn";"Lengsdorf";
27243;"53123";"05314000";"Bonn";"Lessenich";
27245;"53123";"05314000";"Bonn";"Medinghoven";
27247;"53123";"05314000";"Bonn";"Messdorf";
27284;"53123";"05314000";"Bonn";"Zentrum";
27212;"53125";"05314000";"Bonn";"Brüser Berg";
27218;"53125";"05314000";"Bonn";"Duisdorf";
27227;"53125";"05314000";"Bonn";"Hardthöhe";
27231;"53125";"05314000";"Bonn";"Ippendorf";
27240;"53125";"05314000";"Bonn";"Lengsdorf";
27263;"53125";"05314000";"Bonn";"Röttgen";
27203;"53125";"05314000";"Bonn";"Ückesdorf";
27221;"53127";"05314000";"Bonn";"Endenich";
27232;"53127";"05314000";"Bonn";"Ippendorf";
27241;"53127";"05314000";"Bonn";"Lengsdorf";
27273;"53127";"05314000";"Bonn";"Venusberg";
27214;"53129";"05314000";"Bonn";"Dottendorf";
27235;"53129";"05314000";"Bonn";"Kessenich";
27260;"53129";"05314000";"Bonn";"Poppelsdorf";
27285;"53129";"05314000";"Bonn";"Zentrum";
27289;"53173";"05314000";"Bonn";"Alt-Godesberg";
27205;"53173";"05314000";"Bonn";"Bad Godesberg";
27301;"53173";"05314000";"Bonn";"Godesberg-Villenviertel";
27256;"53173";"05314000";"Bonn";"Plittersdorf";
27266;"53173";"05314000";"Bonn";"Rüngsdorf";
27290;"53175";"05314000";"Bonn";"Alt-Godesberg";
27206;"53175";"05314000";"Bonn";"Bad Godesberg";
27222;"53175";"05314000";"Bonn";"Friesdorf";
27303;"53175";"05314000";"Bonn";"Godesberg-Nord";
27302;"53175";"05314000";"Bonn";"Godesberg-Villenviertel";
27299;"53175";"05314000";"Bonn";"Hochkreuz";
27257;"53175";"05314000";"Bonn";"Plittersdorf";
27264;"53175";"05314000";"Bonn";"Röttgen";
27291;"53177";"05314000";"Bonn";"Alt-Godesberg";
27207;"53177";"05314000";"Bonn";"Bad Godesberg";
27228;"53177";"05314000";"Bonn";"Heiderhof";
27237;"53177";"05314000";"Bonn";"Lannesdorf";
27248;"53177";"05314000";"Bonn";"Muffendorf";
27255;"53177";"05314000";"Bonn";"Pennenfeld";
27269;"53177";"05314000";"Bonn";"Schweinheim";
27238;"53179";"05314000";"Bonn";"Lannesdorf";
27246;"53179";"05314000";"Bonn";"Mehlem";
27249;"53179";"05314000";"Bonn";"Muffendorf";
27267;"53179";"05314000";"Bonn";"Rüngsdorf";
27209;"53225";"05314000";"Bonn";"Beuel";
27304;"53225";"05314000";"Bonn";"Beuel-Mitte";
27223;"53225";"05314000";"Bonn";"Geislar";
27268;"53225";"05314000";"Bonn";"Schwarzrheindorf";
27274;"53225";"05314000";"Bonn";"Vilich";
27277;"53225";"05314000";"Bonn";"Vilich-Rheindorf";
27210;"53227";"05314000";"Bonn";"Beuel";
27305;"53227";"05314000";"Bonn";"Beuel-Mitte";
27292;"53227";"05314000";"Bonn";"Beuel-Ost";
27236;"53227";"05314000";"Bonn";"Küdinghoven";
27244;"53227";"05314000";"Bonn";"Limperich";
27254;"53227";"05314000";"Bonn";"Oberkassel";
27261;"53227";"05314000";"Bonn";"Pützchen";
27265;"53227";"05314000";"Bonn";"Ramersdorf";
27208;"53229";"05314000";"Bonn";"Bechlinghoven";
27211;"53229";"05314000";"Bonn";"Beuel";
27293;"53229";"05314000";"Bonn";"Beuel-Ost";
27306;"53229";"05314000";"Bonn";"Hoholz";
27307;"53229";"05314000";"Bonn";"Holtorf";
27229;"53229";"05314000";"Bonn";"Holzlar";
27250;"53229";"05314000";"Bonn";"Niederholtorf";
27262;"53229";"05314000";"Bonn";"Pützchen";
27275;"53229";"05314000";"Bonn";"Vilich";
27276;"53229";"05314000";"Bonn";"Vilich-Müldorf";
27344;"53332";"05382012";"Bornheim";"Bornheim";
27345;"53332";"05382012";"Bornheim";"Brenig";
27346;"53332";"05382012";"Bornheim";"Dersdorf";
27347;"53332";"05382012";"Bornheim";"Hemmerich";
27348;"53332";"05382012";"Bornheim";"Hersel";
27349;"53332";"05382012";"Bornheim";"Kardorf";
27350;"53332";"05382012";"Bornheim";"Merten";
27352;"53332";"05382012";"Bornheim";"Roisdorf";
27351;"53332";"05382012";"Bornheim";"Rösberg";
27353;"53332";"05382012";"Bornheim";"Sechtem";
27354;"53332";"05382012";"Bornheim";"Uedorf";
27355;"53332";"05382012";"Bornheim";"Walberberg";
27356;"53332";"05382012";"Bornheim";"Waldorf";
27357;"53332";"05382012";"Bornheim";"Widdig";
30464;"53340";"05382032";"Meckenheim";"Altendorf";
30468;"53340";"05382032";"Meckenheim";"Ersdorf";
30465;"53340";"05382032";"Meckenheim";"Lüftelberg";
30466;"53340";"05382032";"Meckenheim";"Meckenheim";
30467;"53340";"05382032";"Meckenheim";"Merl";
32622;"53343";"05382072";"Wachtberg";"Adendorf";
32623;"53343";"05382072";"Wachtberg";"Arzdorf";
32624;"53343";"05382072";"Wachtberg";"Berkum";
32625;"53343";"05382072";"Wachtberg";"Fritzdorf";
32626;"53343";"05382072";"Wachtberg";"Gimmersdorf";
32627;"53343";"05382072";"Wachtberg";"Holzem";
32628;"53343";"05382072";"Wachtberg";"Ließem";
32629;"53343";"05382072";"Wachtberg";"Niederbachem";
32630;"53343";"05382072";"Wachtberg";"Oberbachem";
32631;"53343";"05382072";"Wachtberg";"Pech";
32632;"53343";"05382072";"Wachtberg";"Villip";
32633;"53343";"05382072";"Wachtberg";"Werthhoven";
32635;"53343";"05382072";"Wachtberg";"Werthoven";
32634;"53343";"05382072";"Wachtberg";"Züllighoven";
26597;"53347";"05382004";"Alfter";"Alfter";
26598;"53347";"05382004";"Alfter";"Gielsdorf";
26599;"53347";"05382004";"Alfter";"Heidgen";
26600;"53347";"05382004";"Alfter";"Impekoven";
26601;"53347";"05382004";"Alfter";"Oedekoven";
26602;"53347";"05382004";"Alfter";"Volmershoven";
26603;"53347";"05382004";"Alfter";"Witterschlick";
31832;"53359";"05382048";"Rheinbach";"Berscheid";
31833;"53359";"05382048";"Rheinbach";"Eichen";
31834;"53359";"05382048";"Rheinbach";"Flerzheim";
31835;"53359";"05382048";"Rheinbach";"Groß Schlebach";
31836;"53359";"05382048";"Rheinbach";"Hardt";
31837;"53359";"05382048";"Rheinbach";"Hilberath";
31838;"53359";"05382048";"Rheinbach";"Irlenbusch";
31839;"53359";"05382048";"Rheinbach";"Klein Altendorf";
31855;"53359";"05382048";"Rheinbach";"Klein Schlebach";
31840;"53359";"05382048";"Rheinbach";"Krahforst";
31841;"53359";"05382048";"Rheinbach";"Kurtenberg";
31842;"53359";"05382048";"Rheinbach";"Loch";
31843;"53359";"05382048";"Rheinbach";"Merzbach";
31844;"53359";"05382048";"Rheinbach";"Neukirchen";
31845;"53359";"05382048";"Rheinbach";"Niederdrees";
31846;"53359";"05382048";"Rheinbach";"Oberdrees";
31847;"53359";"05382048";"Rheinbach";"Peppenhoven";
31848;"53359";"05382048";"Rheinbach";"Queckenberg";
31849;"53359";"05382048";"Rheinbach";"Ramershoven";
31850;"53359";"05382048";"Rheinbach";"Rheinbach";
31851;"53359";"05382048";"Rheinbach";"Scherbach";
31852;"53359";"05382048";"Rheinbach";"Sürst";
31853;"53359";"05382048";"Rheinbach";"Todenfeld";
31854;"53359";"05382048";"Rheinbach";"Wormersdorf";
26763;"53604";"05382008";"Bad Honnef";"Aegidienberg";
26764;"53604";"05382008";"Bad Honnef";"Bad Honnef";
26765;"53604";"05382008";"Bad Honnef";"Rhöndorf";
26766;"53604";"05382008";"Bad Honnef";"Rommersdorf";
26767;"53604";"05382008";"Bad Honnef";"Rottbitze";
26768;"53604";"05382008";"Bad Honnef";"Selhof";
29775;"53639";"05382024";"Königswinter";"Bellinghausen";
29833;"53639";"05382024";"Königswinter";"Bellinghauser Hof";
29776;"53639";"05382024";"Königswinter";"Bennerscheid";
29777;"53639";"05382024";"Königswinter";"Berghausen";
29778;"53639";"05382024";"Königswinter";"Blankenbach";
29779;"53639";"05382024";"Königswinter";"Bockeroth";
29832;"53639";"05382024";"Königswinter";"Bönschenhof";
29780;"53639";"05382024";"Königswinter";"Dahlhausen";
29835;"53639";"05382024";"Königswinter";"Döttscheid";
29831;"53639";"05382024";"Königswinter";"Düferoth";
29828;"53639";"05382024";"Königswinter";"Eisbach";
29834;"53639";"05382024";"Königswinter";"Elsfeld";
29781;"53639";"05382024";"Königswinter";"Eudenbach";
29846;"53639";"05382024";"Königswinter";"Eudenberg";
29782;"53639";"05382024";"Königswinter";"Faulenbitze";
29843;"53639";"05382024";"Königswinter";"Freckwinkel";
29840;"53639";"05382024";"Königswinter";"Friedrichshöhe";
29830;"53639";"05382024";"Königswinter";"Frohnhardt";
29783;"53639";"05382024";"Königswinter";"Gratzfeld";
29829;"53639";"05382024";"Königswinter";"Gräfenhohn";
29784;"53639";"05382024";"Königswinter";"Hartenberg";
29785;"53639";"05382024";"Königswinter";"Hasenboseroth";
29786;"53639";"05382024";"Königswinter";"Heisterbacherrott";
29787;"53639";"05382024";"Königswinter";"Hennef";
29836;"53639";"05382024";"Königswinter";"Höhnchen";
29837;"53639";"05382024";"Königswinter";"Höhnerhof";
29788;"53639";"05382024";"Königswinter";"Hühnerberg";
29826;"53639";"05382024";"Königswinter";"Hünscheider Hof";
29789;"53639";"05382024";"Königswinter";"Hüscheid";
29790;"53639";"05382024";"Königswinter";"Ittenbach";
29844;"53639";"05382024";"Königswinter";"Jüngsfeld";
29792;"53639";"05382024";"Königswinter";"Kellersboseroth";
29827;"53639";"05382024";"Königswinter";"Kippenhohn";
29793;"53639";"05382024";"Königswinter";"Kochenbach";
29794;"53639";"05382024";"Königswinter";"Komp";
29795;"53639";"05382024";"Königswinter";"Kotthausen";
29791;"53639";"05382024";"Königswinter";"Königswinter";
29839;"53639";"05382024";"Königswinter";"Margarethenhöhe";
29796;"53639";"05382024";"Königswinter";"Niederbuchholz";
29797;"53639";"05382024";"Königswinter";"Niederdollendorf";
29798;"53639";"05382024";"Königswinter";"Niederscheuren";
29799;"53639";"05382024";"Königswinter";"Nonnenberg";
29800;"53639";"05382024";"Königswinter";"Oberbuchholz";
29801;"53639";"05382024";"Königswinter";"Oberdollendorf";
29802;"53639";"05382024";"Königswinter";"Oberpleis";
29803;"53639";"05382024";"Königswinter";"Oberscheuren";
29804;"53639";"05382024";"Königswinter";"Oelinghoven";
29805;"53639";"05382024";"Königswinter";"Pleiserhohn";
29806;"53639";"05382024";"Königswinter";"Pützstück";
29807;"53639";"05382024";"Königswinter";"Quirrenbach";
29809;"53639";"05382024";"Königswinter";"Rauschendorf";
29810;"53639";"05382024";"Königswinter";"Rostingen";
29811;"53639";"05382024";"Königswinter";"Ruttscheid";
29808;"53639";"05382024";"Königswinter";"Römlinghoven";
29812;"53639";"05382024";"Königswinter";"Rübhausen";
29813;"53639";"05382024";"Königswinter";"Sand";
29814;"53639";"05382024";"Königswinter";"Sandscheid";
29815;"53639";"05382024";"Königswinter";"Sassenberg";
29847;"53639";"05382024";"Königswinter";"Schneppenroth";
29848;"53639";"05382024";"Königswinter";"Schwirzpohl";
29816;"53639";"05382024";"Königswinter";"Siefen";
29817;"53639";"05382024";"Königswinter";"Sonderbusch";
29825;"53639";"05382024";"Königswinter";"Sonnenbergerhof";
29818;"53639";"05382024";"Königswinter";"Stieldorf";
29819;"53639";"05382024";"Königswinter";"Stieldorferhohn";
29841;"53639";"05382024";"Königswinter";"Thelenbitze";
29820;"53639";"05382024";"Königswinter";"Thomasberg";
29821;"53639";"05382024";"Königswinter";"Uthweiler";
29822;"53639";"05382024";"Königswinter";"Vinxel";
29845;"53639";"05382024";"Königswinter";"Wahlfeld";
29842;"53639";"05382024";"Königswinter";"Wahlfelderhof";
29823;"53639";"05382024";"Königswinter";"Waschpohl";
29838;"53639";"05382024";"Königswinter";"Weiler";
29824;"53639";"05382024";"Königswinter";"Willmeroth";
32246;"53721";"05382060";"Siegburg";"Braschoß";
32247;"53721";"05382060";"Siegburg";"Heide";
32248;"53721";"05382060";"Siegburg";"Kaldauen";
32249;"53721";"05382060";"Siegburg";"Münchshecke";
32250;"53721";"05382060";"Siegburg";"Schneffelrath";
32251;"53721";"05382060";"Siegburg";"Schreck";
32252;"53721";"05382060";"Siegburg";"Seligenthal";
32253;"53721";"05382060";"Siegburg";"Siegburg";
32254;"53721";"05382060";"Siegburg";"Stallberg";
32041;"53757";"05382056";"Sankt Augustin";"Birlinghoven";
32042;"53757";"05382056";"Sankt Augustin";"Buisdorf";
32043;"53757";"05382056";"Sankt Augustin";"Hangelar";
32044;"53757";"05382056";"Sankt Augustin";"Meindorf";
32045;"53757";"05382056";"Sankt Augustin";"Menden";
32046;"53757";"05382056";"Sankt Augustin";"Mülldorf";
32047;"53757";"05382056";"Sankt Augustin";"Niederpleis";
32048;"53757";"05382056";"Sankt Augustin";"Sankt Augustin";
29007;"53773";"05382020";"Hennef (Sieg)";"Adscheid";
29008;"53773";"05382020";"Hennef (Sieg)";"Ahrenbach";
29009;"53773";"05382020";"Hennef (Sieg)";"Allner";
29010;"53773";"05382020";"Hennef (Sieg)";"Altenbödingen";
29011;"53773";"05382020";"Hennef (Sieg)";"Altglück";
29012;"53773";"05382020";"Hennef (Sieg)";"Auel";
29014;"53773";"05382020";"Hennef (Sieg)";"Beiert";
29015;"53773";"05382020";"Hennef (Sieg)";"Berg";
29016;"53773";"05382020";"Hennef (Sieg)";"Blankenbach";
29017;"53773";"05382020";"Hennef (Sieg)";"Bröl";
29018;"53773";"05382020";"Hennef (Sieg)";"Burghof";
29013;"53773";"05382020";"Hennef (Sieg)";"Bödingen";
29019;"53773";"05382020";"Hennef (Sieg)";"Bülgenauel";
29020;"53773";"05382020";"Hennef (Sieg)";"Büllesbach";
29021;"53773";"05382020";"Hennef (Sieg)";"Büllesfeld";
29022;"53773";"05382020";"Hennef (Sieg)";"Dahlhausen";
29023;"53773";"05382020";"Hennef (Sieg)";"Dambroich";
29024;"53773";"05382020";"Hennef (Sieg)";"Darscheid";
29025;"53773";"05382020";"Hennef (Sieg)";"Depensiefen";
29026;"53773";"05382020";"Hennef (Sieg)";"Derenbach";
29027;"53773";"05382020";"Hennef (Sieg)";"Dondorf";
29028;"53773";"05382020";"Hennef (Sieg)";"Dürresbach";
29029;"53773";"05382020";"Hennef (Sieg)";"Eichholz";
29030;"53773";"05382020";"Hennef (Sieg)";"Eulenberg";
29031;"53773";"05382020";"Hennef (Sieg)";"Fernegierscheid";
29032;"53773";"05382020";"Hennef (Sieg)";"Greuelsiefen";
29033;"53773";"05382020";"Hennef (Sieg)";"Hahnenhardt";
29034;"53773";"05382020";"Hennef (Sieg)";"Halberg";
29035;"53773";"05382020";"Hennef (Sieg)";"Halmshanf";
29036;"53773";"05382020";"Hennef (Sieg)";"Hanf";
29037;"53773";"05382020";"Hennef (Sieg)";"Happerschoß";
29038;"53773";"05382020";"Hennef (Sieg)";"Haus Ölgarten";
29039;"53773";"05382020";"Hennef (Sieg)";"Heckelsberg";
29040;"53773";"05382020";"Hennef (Sieg)";"Heisterschoß";
29041;"53773";"05382020";"Hennef (Sieg)";"Hennef";
29042;"53773";"05382020";"Hennef (Sieg)";"Hermesmühle";
29043;"53773";"05382020";"Hennef (Sieg)";"Hofen";
29044;"53773";"05382020";"Hennef (Sieg)";"Hommerich";
29045;"53773";"05382020";"Hennef (Sieg)";"Hossenberg";
29046;"53773";"05382020";"Hennef (Sieg)";"Hove";
29047;"53773";"05382020";"Hennef (Sieg)";"Hüchel";
29048;"53773";"05382020";"Hennef (Sieg)";"Hülscheid";
29049;"53773";"05382020";"Hennef (Sieg)";"Issertshof";
29051;"53773";"05382020";"Hennef (Sieg)";"Kningelthal";
29052;"53773";"05382020";"Hennef (Sieg)";"Knippgierscheid";
29053;"53773";"05382020";"Hennef (Sieg)";"Kraheck";
29054;"53773";"05382020";"Hennef (Sieg)";"Kurenbach";
29055;"53773";"05382020";"Hennef (Sieg)";"Kurscheid";
29056;"53773";"05382020";"Hennef (Sieg)";"Käsberg";
29050;"53773";"05382020";"Hennef (Sieg)";"Köschbusch";
29057;"53773";"05382020";"Hennef (Sieg)";"Kümpel";
29059;"53773";"05382020";"Hennef (Sieg)";"Lanzenbach";
29060;"53773";"05382020";"Hennef (Sieg)";"Lauthausen";
29061;"53773";"05382020";"Hennef (Sieg)";"Lescheid";
29062;"53773";"05382020";"Hennef (Sieg)";"Lichtenberg";
29063;"53773";"05382020";"Hennef (Sieg)";"Liesberg";
29058;"53773";"05382020";"Hennef (Sieg)";"Löbach";
29064;"53773";"05382020";"Hennef (Sieg)";"Lückert";
29065;"53773";"05382020";"Hennef (Sieg)";"Meisenbach";
29066;"53773";"05382020";"Hennef (Sieg)";"Michelshohn";
29067;"53773";"05382020";"Hennef (Sieg)";"Mittelscheid";
29068;"53773";"05382020";"Hennef (Sieg)";"Niederhalberg";
29098;"53773";"05382020";"Hennef (Sieg)";"Niederscheid";
29069;"53773";"05382020";"Hennef (Sieg)";"Oberauel";
29070;"53773";"05382020";"Hennef (Sieg)";"Oberhalberg";
29099;"53773";"05382020";"Hennef (Sieg)";"Oberscheid";
29071;"53773";"05382020";"Hennef (Sieg)";"Petershohn";
29073;"53773";"05382020";"Hennef (Sieg)";"Raveneck";
29074;"53773";"05382020";"Hennef (Sieg)";"Ravenstein";
29075;"53773";"05382020";"Hennef (Sieg)";"Rott";
29072;"53773";"05382020";"Hennef (Sieg)";"Röttgen";
29076;"53773";"05382020";"Hennef (Sieg)";"Rütsch";
29078;"53773";"05382020";"Hennef (Sieg)";"Scheuren";
29079;"53773";"05382020";"Hennef (Sieg)";"Scheurenmühle";
29080;"53773";"05382020";"Hennef (Sieg)";"Schächer";
29081;"53773";"05382020";"Hennef (Sieg)";"Sommershof";
29082;"53773";"05382020";"Hennef (Sieg)";"Stadt Blankenberg";
29083;"53773";"05382020";"Hennef (Sieg)";"Stein";
29084;"53773";"05382020";"Hennef (Sieg)";"Stoßdorf";
29085;"53773";"05382020";"Hennef (Sieg)";"Striefen";
29077;"53773";"05382020";"Hennef (Sieg)";"Söven";
29086;"53773";"05382020";"Hennef (Sieg)";"Süchterscheid";
29087;"53773";"05382020";"Hennef (Sieg)";"Theishohn";
29088;"53773";"05382020";"Hennef (Sieg)";"Uckerath";
29089;"53773";"05382020";"Hennef (Sieg)";"Wasserheß";
29090;"53773";"05382020";"Hennef (Sieg)";"Weingartsgasse";
29091;"53773";"05382020";"Hennef (Sieg)";"Weldergoven";
29092;"53773";"05382020";"Hennef (Sieg)";"Wellesberg";
29093;"53773";"05382020";"Hennef (Sieg)";"Westerhausen";
29094;"53773";"05382020";"Hennef (Sieg)";"Wiederschall";
29095;"53773";"05382020";"Hennef (Sieg)";"Wiersberg";
29096;"53773";"05382020";"Hennef (Sieg)";"Wippenhohn";
29097;"53773";"05382020";"Hennef (Sieg)";"Zumhof";
28021;"53783";"05382016";"Eitorf";"Alzenbach";
28022;"53783";"05382016";"Eitorf";"Bach";
28023;"53783";"05382016";"Eitorf";"Balenbach";
28024;"53783";"05382016";"Eitorf";"Baleroth";
28025;"53783";"05382016";"Eitorf";"Baumhof";
28026;"53783";"05382016";"Eitorf";"Bitze";
28027;"53783";"05382016";"Eitorf";"Blumenhof";
28028;"53783";"05382016";"Eitorf";"Bohlscheid";
28029;"53783";"05382016";"Eitorf";"Bruch";
28030;"53783";"05382016";"Eitorf";"Büsch";
28031;"53783";"05382016";"Eitorf";"Dickersbach";
28032;"53783";"05382016";"Eitorf";"Eitorf";
28034;"53783";"05382016";"Eitorf";"Halft";
28035;"53783";"05382016";"Eitorf";"Hatzfeld";
28036;"53783";"05382016";"Eitorf";"Hausen";
28037;"53783";"05382016";"Eitorf";"Hecke";
28038;"53783";"05382016";"Eitorf";"Heckerhof";
28039;"53783";"05382016";"Eitorf";"Hohn";
28040;"53783";"05382016";"Eitorf";"Hove";
28033;"53783";"05382016";"Eitorf";"Hönscheid";
28041;"53783";"05382016";"Eitorf";"Irlenborn";
28042;"53783";"05382016";"Eitorf";"Josefshöhe";
28044;"53783";"05382016";"Eitorf";"Kehlenbach";
28045;"53783";"05382016";"Eitorf";"Keuenhof";
28046;"53783";"05382016";"Eitorf";"Kreisfeld";
28047;"53783";"05382016";"Eitorf";"Käsberg";
28043;"53783";"05382016";"Eitorf";"Köttingen";
28048;"53783";"05382016";"Eitorf";"Lascheid";
28049;"53783";"05382016";"Eitorf";"Leye";
28050;"53783";"05382016";"Eitorf";"Lindscheid";
28051;"53783";"05382016";"Eitorf";"Lützgenauel";
28052;"53783";"05382016";"Eitorf";"Merten";
28053;"53783";"05382016";"Eitorf";"Mierscheid";
28054;"53783";"05382016";"Eitorf";"Mittelottersbach";
28055;"53783";"05382016";"Eitorf";"Mühleip";
28056;"53783";"05382016";"Eitorf";"Nannenhohn";
28057;"53783";"05382016";"Eitorf";"Niederottersbach";
28058;"53783";"05382016";"Eitorf";"Obenroth";
28059;"53783";"05382016";"Eitorf";"Obereip";
28060;"53783";"05382016";"Eitorf";"Obereipermühle";
28061;"53783";"05382016";"Eitorf";"Oberottersbach";
28062;"53783";"05382016";"Eitorf";"Paulinenhof";
28063;"53783";"05382016";"Eitorf";"Plackenhohn";
28064;"53783";"05382016";"Eitorf";"Rankenhohn";
28065;"53783";"05382016";"Eitorf";"Richardshohn";
28066;"53783";"05382016";"Eitorf";"Rodder";
28067;"53783";"05382016";"Eitorf";"Rosenthal";
28068;"53783";"05382016";"Eitorf";"Scheidsbach";
28069;"53783";"05382016";"Eitorf";"Schellberg";
28070;"53783";"05382016";"Eitorf";"Schellenbruch";
28071;"53783";"05382016";"Eitorf";"Schmelze";
28072;"53783";"05382016";"Eitorf";"Siebigteroth";
28073;"53783";"05382016";"Eitorf";"Stein";
28074;"53783";"05382016";"Eitorf";"Wassack";
28075;"53783";"05382016";"Eitorf";"Weiden";
28076;"53783";"05382016";"Eitorf";"Welterode";
28077;"53783";"05382016";"Eitorf";"Wilbertzhohn";
28078;"53783";"05382016";"Eitorf";"Wilkomsfeld";
30224;"53797";"05382028";"Lohmar";"Agger";
30225;"53797";"05382028";"Lohmar";"Albach";
30226;"53797";"05382028";"Lohmar";"Algert";
30227;"53797";"05382028";"Lohmar";"Birk";
30228;"53797";"05382028";"Lohmar";"Breidt";
30229;"53797";"05382028";"Lohmar";"Dahlhaus";
30230;"53797";"05382028";"Lohmar";"Deesem";
30231;"53797";"05382028";"Lohmar";"Donrath";
30232;"53797";"05382028";"Lohmar";"Durbusch";
30233;"53797";"05382028";"Lohmar";"Ellhausen";
30234;"53797";"05382028";"Lohmar";"Geber";
30235;"53797";"05382028";"Lohmar";"Grimberg";
30237;"53797";"05382028";"Lohmar";"Hausen";
30238;"53797";"05382028";"Lohmar";"Heide";
30239;"53797";"05382028";"Lohmar";"Heppenberg";
30240;"53797";"05382028";"Lohmar";"Honrath";
30241;"53797";"05382028";"Lohmar";"Hoven";
30236;"53797";"05382028";"Lohmar";"Höffen";
30242;"53797";"05382028";"Lohmar";"Inger";
30243;"53797";"05382028";"Lohmar";"Krahwinkel";
30244;"53797";"05382028";"Lohmar";"Lohmar";
30245;"53797";"05382028";"Lohmar";"Muchensiefen";
30246;"53797";"05382028";"Lohmar";"Naaferberg";
30247;"53797";"05382028";"Lohmar";"Neuhonrath";
30248;"53797";"05382028";"Lohmar";"Oberstehöhe";
30249;"53797";"05382028";"Lohmar";"Scheid";
30250;"53797";"05382028";"Lohmar";"Scheiderhöhe";
30251;"53797";"05382028";"Lohmar";"Wahlscheid";
30252;"53797";"05382028";"Lohmar";"Weegen";
30253;"53797";"05382028";"Lohmar";"Wielpütz";
30797;"53804";"05382036";"Much";"Alefeld";
30798;"53804";"05382036";"Much";"Altenhof";
30799;"53804";"05382036";"Much";"Amtsknechtswahn";
30801;"53804";"05382036";"Much";"Bech";
30802;"53804";"05382036";"Much";"Bennrath";
30803;"53804";"05382036";"Much";"Berghausen";
30804;"53804";"05382036";"Much";"Berzbach";
30805;"53804";"05382036";"Much";"Birken";
30806;"53804";"05382036";"Much";"Birrenbachshöhe";
30807;"53804";"05382036";"Much";"Bitzen";
30809;"53804";"05382036";"Much";"Bruchhausen";
30808;"53804";"05382036";"Much";"Bröl";
30800;"53804";"05382036";"Much";"Bövingen";
30810;"53804";"05382036";"Much";"Büscherhof";
30811;"53804";"05382036";"Much";"Daushof";
30812;"53804";"05382036";"Much";"Derscheid";
30813;"53804";"05382036";"Much";"Eckhausen";
30814;"53804";"05382036";"Much";"Eichhof";
30815;"53804";"05382036";"Much";"Eigen";
30816;"53804";"05382036";"Much";"Engeld";
30817;"53804";"05382036";"Much";"Erlen";
30818;"53804";"05382036";"Much";"Esinghausen";
30819;"53804";"05382036";"Much";"Feld";
30820;"53804";"05382036";"Much";"Gerlinghausen";
30821;"53804";"05382036";"Much";"Gibbinghausen";
30824;"53804";"05382036";"Much";"Hardt";
30825;"53804";"05382036";"Much";"Heckhaus";
30826;"53804";"05382036";"Much";"Heinenbusch";
30827;"53804";"05382036";"Much";"Henningen";
30828;"53804";"05382036";"Much";"Herchenrath";
30829;"53804";"05382036";"Much";"Herfterath";
30830;"53804";"05382036";"Much";"Hetzenholz";
30831;"53804";"05382036";"Much";"Hevinghausen";
30832;"53804";"05382036";"Much";"Hillesheim";
30833;"53804";"05382036";"Much";"Hoffnungsthal";
30834;"53804";"05382036";"Much";"Hohn";
30835;"53804";"05382036";"Much";"Hohr";
30836;"53804";"05382036";"Much";"Huven";
30822;"53804";"05382036";"Much";"Höfferhof";
30823;"53804";"05382036";"Much";"Höhnchen";
30837;"53804";"05382036";"Much";"Hündekausen";
30839;"53804";"05382036";"Much";"Kerzenhöhnchen";
30840;"53804";"05382036";"Much";"Klauserhof";
30841;"53804";"05382036";"Much";"Kranüchel";
30842;"53804";"05382036";"Much";"Kreizhof";
30843;"53804";"05382036";"Much";"Kreuzkapelle";
30838;"53804";"05382036";"Much";"Köbach";
30844;"53804";"05382036";"Much";"Küttensiefen";
30846;"53804";"05382036";"Much";"Leuscherath";
30847;"53804";"05382036";"Much";"Leverath";
30848;"53804";"05382036";"Much";"Loßkittel";
30845;"53804";"05382036";"Much";"Löbach";
30849;"53804";"05382036";"Much";"Marienfeld";
30850;"53804";"05382036";"Much";"Markelsbach";
30851;"53804";"05382036";"Much";"Much";
30852;"53804";"05382036";"Much";"Müllerhof";
30855;"53804";"05382036";"Much";"Neuenhaus";
30856;"53804";"05382036";"Much";"Neverdorf";
30854;"53804";"05382036";"Much";"Neßhoven";
30857;"53804";"05382036";"Much";"Niederbech";
30858;"53804";"05382036";"Much";"Niederbonrath";
30859;"53804";"05382036";"Much";"Niederbruchhausen";
30860;"53804";"05382036";"Much";"Niederdreisbach";
30861;"53804";"05382036";"Much";"Niederheiden";
30862;"53804";"05382036";"Much";"Niederheimbach";
30863;"53804";"05382036";"Much";"Niederhof";
30864;"53804";"05382036";"Much";"Niedermiebach";
30865;"53804";"05382036";"Much";"Niederwahn";
30853;"53804";"05382036";"Much";"Növerhof";
30866;"53804";"05382036";"Much";"Oberbitzen";
30867;"53804";"05382036";"Much";"Oberbonrath";
30868;"53804";"05382036";"Much";"Oberbruchhausen";
30869;"53804";"05382036";"Much";"Oberbusch";
30870;"53804";"05382036";"Much";"Oberdorf";
30871;"53804";"05382036";"Much";"Oberdreisbach";
30872;"53804";"05382036";"Much";"Oberdreisbach-Höhe";
30873;"53804";"05382036";"Much";"Oberhausen";
30874;"53804";"05382036";"Much";"Oberheiden";
30875;"53804";"05382036";"Much";"Oberheimbach";
30876;"53804";"05382036";"Much";"Oberholz";
30877;"53804";"05382036";"Much";"Obermiebach";
30878;"53804";"05382036";"Much";"Oberwahn";
30879;"53804";"05382036";"Much";"Ophausen";
30880;"53804";"05382036";"Much";"Ortsiefen";
30881;"53804";"05382036";"Much";"Pillenhof";
30882;"53804";"05382036";"Much";"Reinshagen";
30883;"53804";"05382036";"Much";"Rieserhof";
30884;"53804";"05382036";"Much";"Roßbruch";
30885;"53804";"05382036";"Much";"Roßhohn";
30886;"53804";"05382036";"Much";"Scheid";
30887;"53804";"05382036";"Much";"Scheidhof";
30888;"53804";"05382036";"Much";"Schlichenbach";
30889;"53804";"05382036";"Much";"Schwellenbach";
30890;"53804";"05382036";"Much";"Senschenhöhe";
30891;"53804";"05382036";"Much";"Siefen";
30892;"53804";"05382036";"Much";"Sommerhausen";
30893;"53804";"05382036";"Much";"Springen";
30894;"53804";"05382036";"Much";"Steinhaus";
30895;"53804";"05382036";"Much";"Stompen";
30896;"53804";"05382036";"Much";"Strießhardt";
30897;"53804";"05382036";"Much";"Strünkerhof";
30898;"53804";"05382036";"Much";"Tillinghausen";
30899;"53804";"05382036";"Much";"Todtenmann";
30900;"53804";"05382036";"Much";"Tüschenbonnen";
30901;"53804";"05382036";"Much";"Vogelsangen";
30902;"53804";"05382036";"Much";"Walterscheid";
30903;"53804";"05382036";"Much";"Weeg";
30904;"53804";"05382036";"Much";"Weißenportz";
30905;"53804";"05382036";"Much";"Wellerscheid";
30906;"53804";"05382036";"Much";"Wersch";
30907;"53804";"05382036";"Much";"Werschberg";
30908;"53804";"05382036";"Much";"Wiese";
30909;"53804";"05382036";"Much";"Wohlfarth";
30910;"53804";"05382036";"Much";"Zeche Aachen";
31959;"53809";"05382052";"Ruppichteroth";"Ahe";
31961;"53809";"05382052";"Ruppichteroth";"Bacherhof";
31962;"53809";"05382052";"Ruppichteroth";"Bechlingen";
31963;"53809";"05382052";"Ruppichteroth";"Beiert";
31964;"53809";"05382052";"Ruppichteroth";"Berg";
31965;"53809";"05382052";"Ruppichteroth";"Bornscheid";
31968;"53809";"05382052";"Ruppichteroth";"Broscheid";
31966;"53809";"05382052";"Ruppichteroth";"Bröleck";
31967;"53809";"05382052";"Ruppichteroth";"Brölerhof";
31960;"53809";"05382052";"Ruppichteroth";"Bölkum";
31969;"53809";"05382052";"Ruppichteroth";"Büchel";
31971;"53809";"05382052";"Ruppichteroth";"Damm";
31972;"53809";"05382052";"Ruppichteroth";"Derenbach";
31970;"53809";"05382052";"Ruppichteroth";"Dörgen";
31973;"53809";"05382052";"Ruppichteroth";"Ennenbach";
31974;"53809";"05382052";"Ruppichteroth";"Fußberg";
31975;"53809";"05382052";"Ruppichteroth";"Fußhollen";
31976;"53809";"05382052";"Ruppichteroth";"Gießelbach";
31977;"53809";"05382052";"Ruppichteroth";"Hambuchen";
31978;"53809";"05382052";"Ruppichteroth";"Harth";
31979;"53809";"05382052";"Ruppichteroth";"Hatterscheid";
31980;"53809";"05382052";"Ruppichteroth";"Herrenbröl";
31981;"53809";"05382052";"Ruppichteroth";"Herrnstein";
31982;"53809";"05382052";"Ruppichteroth";"Hodgeroth";
31983;"53809";"05382052";"Ruppichteroth";"Holenfeld";
31984;"53809";"05382052";"Ruppichteroth";"Honscheid";
31985;"53809";"05382052";"Ruppichteroth";"Hove";
31986;"53809";"05382052";"Ruppichteroth";"Hänscheid";
31987;"53809";"05382052";"Ruppichteroth";"Ifang";
31988;"53809";"05382052";"Ruppichteroth";"Ingersauelermühle";
31989;"53809";"05382052";"Ruppichteroth";"Junkersaurenbach";
31991;"53809";"05382052";"Ruppichteroth";"Kammerich";
31992;"53809";"05382052";"Ruppichteroth";"Kesselscheid";
31993;"53809";"05382052";"Ruppichteroth";"Krahwinkel";
31994;"53809";"05382052";"Ruppichteroth";"Kuchem";
31995;"53809";"05382052";"Ruppichteroth";"Kämerscheid";
31990;"53809";"05382052";"Ruppichteroth";"Köttingen";
31996;"53809";"05382052";"Ruppichteroth";"Litterscheid";
31997;"53809";"05382052";"Ruppichteroth";"Millerscheid";
31998;"53809";"05382052";"Ruppichteroth";"Mittelsaurenbach";
31999;"53809";"05382052";"Ruppichteroth";"Neuenhof";
32000;"53809";"05382052";"Ruppichteroth";"Niederlückerath";
32001;"53809";"05382052";"Ruppichteroth";"Niederprobach";
32002;"53809";"05382052";"Ruppichteroth";"Niedersaurenbach";
32003;"53809";"05382052";"Ruppichteroth";"Oberlückerath";
32004;"53809";"05382052";"Ruppichteroth";"Obersaurenbach";
32005;"53809";"05382052";"Ruppichteroth";"Oeleroth";
32006;"53809";"05382052";"Ruppichteroth";"Paulinenthal";
32007;"53809";"05382052";"Ruppichteroth";"Pulvermühle";
32008;"53809";"05382052";"Ruppichteroth";"Reiferscheid";
32009;"53809";"05382052";"Ruppichteroth";"Retscheroth";
32010;"53809";"05382052";"Ruppichteroth";"Rose";
32011;"53809";"05382052";"Ruppichteroth";"Rotscheroth";
32012;"53809";"05382052";"Ruppichteroth";"Ruppichteroth";
32014;"53809";"05382052";"Ruppichteroth";"Scheid";
32015;"53809";"05382052";"Ruppichteroth";"Schmitzdörfgen";
32016;"53809";"05382052";"Ruppichteroth";"Schmitzhöfgen";
32017;"53809";"05382052";"Ruppichteroth";"Schneppe";
32018;"53809";"05382052";"Ruppichteroth";"Schreckenberg";
32013;"53809";"05382052";"Ruppichteroth";"Schönenberg";
32019;"53809";"05382052";"Ruppichteroth";"Stockum";
32020;"53809";"05382052";"Ruppichteroth";"Stranzenbach";
32030;"53809";"05382052";"Ruppichteroth";"Straße";
32021;"53809";"05382052";"Ruppichteroth";"Tanneck";
32022;"53809";"05382052";"Ruppichteroth";"Thal";
32023;"53809";"05382052";"Ruppichteroth";"Thilhove";
32024;"53809";"05382052";"Ruppichteroth";"Velken";
32025;"53809";"05382052";"Ruppichteroth";"Wingenbach";
32026;"53809";"05382052";"Ruppichteroth";"Wingenbacherhof";
32027;"53809";"05382052";"Ruppichteroth";"Winterscheid";
32028;"53809";"05382052";"Ruppichteroth";"Winterscheiderbröl";
32029;"53809";"05382052";"Ruppichteroth";"Winterscheidermühle";
31065;"53819";"05382040";"Neunkirchen-Seelscheid";"Balensiefen";
31066;"53819";"05382040";"Neunkirchen-Seelscheid";"Birken";
31067;"53819";"05382040";"Neunkirchen-Seelscheid";"Birkenfeld";
31068;"53819";"05382040";"Neunkirchen-Seelscheid";"Birkenmühle";
31069;"53819";"05382040";"Neunkirchen-Seelscheid";"Brackemich";
31070;"53819";"05382040";"Neunkirchen-Seelscheid";"Breiderheide";
31071;"53819";"05382040";"Neunkirchen-Seelscheid";"Bruchhausen";
31072;"53819";"05382040";"Neunkirchen-Seelscheid";"Busch";
31073;"53819";"05382040";"Neunkirchen-Seelscheid";"Effert";
31074;"53819";"05382040";"Neunkirchen-Seelscheid";"Eich";
31075;"53819";"05382040";"Neunkirchen-Seelscheid";"Eischeid";
31076;"53819";"05382040";"Neunkirchen-Seelscheid";"Gutmühle";
31077;"53819";"05382040";"Neunkirchen-Seelscheid";"Hardt";
31078;"53819";"05382040";"Neunkirchen-Seelscheid";"Hasenbach";
31079;"53819";"05382040";"Neunkirchen-Seelscheid";"Hausermühle";
31080;"53819";"05382040";"Neunkirchen-Seelscheid";"Heister";
31081;"53819";"05382040";"Neunkirchen-Seelscheid";"Herkenrath";
31082;"53819";"05382040";"Neunkirchen-Seelscheid";"Hermerath";
31083;"53819";"05382040";"Neunkirchen-Seelscheid";"Hochhausen";
31084;"53819";"05382040";"Neunkirchen-Seelscheid";"Hohn";
31085;"53819";"05382040";"Neunkirchen-Seelscheid";"Hülscheid";
31086;"53819";"05382040";"Neunkirchen-Seelscheid";"Ingersau";
31087;"53819";"05382040";"Neunkirchen-Seelscheid";"Ingersauelermühle";
31089;"53819";"05382040";"Neunkirchen-Seelscheid";"Kaule";
31090;"53819";"05382040";"Neunkirchen-Seelscheid";"Krahwinkel";
31123;"53819";"05382040";"Neunkirchen-Seelscheid";"Krawinkel";
31088;"53819";"05382040";"Neunkirchen-Seelscheid";"Köbach";
31091;"53819";"05382040";"Neunkirchen-Seelscheid";"Mohlscheid";
31092;"53819";"05382040";"Neunkirchen-Seelscheid";"Nackhausen";
31093;"53819";"05382040";"Neunkirchen-Seelscheid";"Neunkirchen";
31094;"53819";"05382040";"Neunkirchen-Seelscheid";"Niederhorbach";
31095;"53819";"05382040";"Neunkirchen-Seelscheid";"Niederwennerscheid";
31096;"53819";"05382040";"Neunkirchen-Seelscheid";"Oberdorst";
31097;"53819";"05382040";"Neunkirchen-Seelscheid";"Oberheister";
31098;"53819";"05382040";"Neunkirchen-Seelscheid";"Oberhorbach";
31099;"53819";"05382040";"Neunkirchen-Seelscheid";"Oberwennerscheid";
31100;"53819";"05382040";"Neunkirchen-Seelscheid";"Ohlig";
31101;"53819";"05382040";"Neunkirchen-Seelscheid";"Ohmerath";
31102;"53819";"05382040";"Neunkirchen-Seelscheid";"Pinn";
31103;"53819";"05382040";"Neunkirchen-Seelscheid";"Pohlhausen";
31104;"53819";"05382040";"Neunkirchen-Seelscheid";"Pütz";
31105;"53819";"05382040";"Neunkirchen-Seelscheid";"Rehwiese";
31106;"53819";"05382040";"Neunkirchen-Seelscheid";"Remschoß";
31107;"53819";"05382040";"Neunkirchen-Seelscheid";"Rengert";
31108;"53819";"05382040";"Neunkirchen-Seelscheid";"Renzert";
31109;"53819";"05382040";"Neunkirchen-Seelscheid";"Rippert";
31112;"53819";"05382040";"Neunkirchen-Seelscheid";"Scherpekotten";
31111;"53819";"05382040";"Neunkirchen-Seelscheid";"Schöneshof";
31113;"53819";"05382040";"Neunkirchen-Seelscheid";"Seelscheid";
31114;"53819";"05382040";"Neunkirchen-Seelscheid";"Siefen";
31115;"53819";"05382040";"Neunkirchen-Seelscheid";"Stein";
31116;"53819";"05382040";"Neunkirchen-Seelscheid";"Steinermühle";
31117;"53819";"05382040";"Neunkirchen-Seelscheid";"Straßen";
31110;"53819";"05382040";"Neunkirchen-Seelscheid";"Söntgerath";
31118;"53819";"05382040";"Neunkirchen-Seelscheid";"Wahlen";
31119;"53819";"05382040";"Neunkirchen-Seelscheid";"Wahn";
31120;"53819";"05382040";"Neunkirchen-Seelscheid";"Weiert";
31121;"53819";"05382040";"Neunkirchen-Seelscheid";"Wende";
31122;"53819";"05382040";"Neunkirchen-Seelscheid";"Wolperath";
32490;"53840";"05382068";"Troisdorf";"Friedrich-Wilhelms-Hütte";
32496;"53840";"05382068";"Troisdorf";"Troisdorf";
32487;"53842";"05382068";"Troisdorf";"Altenrath";
32493;"53842";"05382068";"Troisdorf";"Oberlar";
32495;"53842";"05382068";"Troisdorf";"Spich";
32497;"53842";"05382068";"Troisdorf";"Troisdorf";
32488;"53844";"05382068";"Troisdorf";"Bergheim";
32489;"53844";"05382068";"Troisdorf";"Eschmar";
32491;"53844";"05382068";"Troisdorf";"Kriegsdorf";
32492;"53844";"05382068";"Troisdorf";"Müllekoven";
32498;"53844";"05382068";"Troisdorf";"Rotter See";
32494;"53844";"05382068";"Troisdorf";"Sieglar";
31168;"53859";"05382044";"Niederkassel";"Lülsdorf";
31169;"53859";"05382044";"Niederkassel";"Mondorf";
31170;"53859";"05382044";"Niederkassel";"Niederkassel";
31171;"53859";"05382044";"Niederkassel";"Ranzel";
31172;"53859";"05382044";"Niederkassel";"Rheidt";
31173;"53859";"05382044";"Niederkassel";"Stockem";
31174;"53859";"05382044";"Niederkassel";"Uckendorf";
28401;"53879";"05366016";"Euskirchen";"Innenstadt";
28407;"53879";"05366016";"Euskirchen";"Kuchenheim";
28394;"53881";"05366016";"Euskirchen";"Billig";
28395;"53881";"05366016";"Euskirchen";"Dom-Esch";
28396;"53881";"05366016";"Euskirchen";"Elsig";
28397;"53881";"05366016";"Euskirchen";"Euenheim";
28398;"53881";"05366016";"Euskirchen";"Flamersheim";
28399;"53881";"05366016";"Euskirchen";"Frauenberg";
28400;"53881";"05366016";"Euskirchen";"Großbüllesheim";
28402;"53881";"05366016";"Euskirchen";"Innenstadt";
28403;"53881";"05366016";"Euskirchen";"Kessenich";
28404;"53881";"05366016";"Euskirchen";"Kirchheim";
28405;"53881";"05366016";"Euskirchen";"Kleinbüllesheim";
28406;"53881";"05366016";"Euskirchen";"Kreuzweingarten";
28408;"53881";"05366016";"Euskirchen";"Kuchenheim";
28409;"53881";"05366016";"Euskirchen";"Niederkastenholz";
28410;"53881";"05366016";"Euskirchen";"Oberwichterich";
28411;"53881";"05366016";"Euskirchen";"Palmersheim";
28412;"53881";"05366016";"Euskirchen";"Rheder";
28413;"53881";"05366016";"Euskirchen";"Roitzheim";
28414;"53881";"05366016";"Euskirchen";"Schweinheim";
28415;"53881";"05366016";"Euskirchen";"Stotzheim";
28416;"53881";"05366016";"Euskirchen";"Weidesheim";
28417;"53881";"05366016";"Euskirchen";"Wißkirchen";
28418;"53881";"05366016";"Euskirchen";"Wüschheim";
30420;"53894";"05366028";"Mechernich";"Antweiler";
30421;"53894";"05366028";"Mechernich";"Berg";
30422;"53894";"05366028";"Mechernich";"Bergbuir";
30423;"53894";"05366028";"Mechernich";"Bergheim";
30424;"53894";"05366028";"Mechernich";"Bescheid";
30425;"53894";"05366028";"Mechernich";"Bleibuir";
30426;"53894";"05366028";"Mechernich";"Breitenbenden";
30427;"53894";"05366028";"Mechernich";"Denrath";
30428;"53894";"05366028";"Mechernich";"Dreimühlen";
30429;"53894";"05366028";"Mechernich";"Eicks";
30430;"53894";"05366028";"Mechernich";"Eiserfey";
30431;"53894";"05366028";"Mechernich";"Firmenich";
30432;"53894";"05366028";"Mechernich";"Floisdorf";
30433;"53894";"05366028";"Mechernich";"Gehn";
30434;"53894";"05366028";"Mechernich";"Glehn";
30435;"53894";"05366028";"Mechernich";"Harzheim";
30436;"53894";"05366028";"Mechernich";"Heufahrtshütte";
30437;"53894";"05366028";"Mechernich";"Holzheim";
30438;"53894";"05366028";"Mechernich";"Hostel";
30439;"53894";"05366028";"Mechernich";"Kalenberg";
30440;"53894";"05366028";"Mechernich";"Kallmuth";
30441;"53894";"05366028";"Mechernich";"Katzvey";
30442;"53894";"05366028";"Mechernich";"Kommern";
30443;"53894";"05366028";"Mechernich";"Kommern-Süd";
30444;"53894";"05366028";"Mechernich";"Lessenich";
30445;"53894";"05366028";"Mechernich";"Lorbach";
30446;"53894";"05366028";"Mechernich";"Lückerath";
30447;"53894";"05366028";"Mechernich";"Mechernich";
30448;"53894";"05366028";"Mechernich";"Obergartzem";
30449;"53894";"05366028";"Mechernich";"Rißdorf";
30450;"53894";"05366028";"Mechernich";"Roggendorf";
30451;"53894";"05366028";"Mechernich";"Satzvey";
30452;"53894";"05366028";"Mechernich";"Schaven";
30453;"53894";"05366028";"Mechernich";"Schützendorf";
30454;"53894";"05366028";"Mechernich";"Strempt";
30455;"53894";"05366028";"Mechernich";"Urfey";
30456;"53894";"05366028";"Mechernich";"Voißel";
30457;"53894";"05366028";"Mechernich";"Vollem";
30458;"53894";"05366028";"Mechernich";"Vussem";
30459;"53894";"05366028";"Mechernich";"Wachendorf";
30463;"53894";"05366028";"Mechernich";"Weiler am Berge";
30460;"53894";"05366028";"Mechernich";"Weißenbrunnen";
30461;"53894";"05366028";"Mechernich";"Weyer";
30462;"53894";"05366028";"Mechernich";"Wielspütz";
26793;"53902";"05366004";"Bad Münstereifel";"Arloff";
26794;"53902";"05366004";"Bad Münstereifel";"Bad Münstereifel";
26795;"53902";"05366004";"Bad Münstereifel";"Bergrath";
26796;"53902";"05366004";"Bad Münstereifel";"Berresheim";
26797;"53902";"05366004";"Bad Münstereifel";"Effelsberg";
26798;"53902";"05366004";"Bad Münstereifel";"Eichen";
26799;"53902";"05366004";"Bad Münstereifel";"Eicherscheid";
26800;"53902";"05366004";"Bad Münstereifel";"Ellesheim";
26801;"53902";"05366004";"Bad Münstereifel";"Esch";
26802;"53902";"05366004";"Bad Münstereifel";"Eschweiler";
26803;"53902";"05366004";"Bad Münstereifel";"Gilsdorf";
26804;"53902";"05366004";"Bad Münstereifel";"Hilterscheid";
26805;"53902";"05366004";"Bad Münstereifel";"Hohn";
26806;"53902";"05366004";"Bad Münstereifel";"Holzem";
26840;"53902";"05366004";"Bad Münstereifel";"Honerath";
26807;"53902";"05366004";"Bad Münstereifel";"Houverath";
26808;"53902";"05366004";"Bad Münstereifel";"Hummerzheim";
26809;"53902";"05366004";"Bad Münstereifel";"Hünkhoven";
26810;"53902";"05366004";"Bad Münstereifel";"Iversheim";
26811;"53902";"05366004";"Bad Münstereifel";"Kalkar";
26812;"53902";"05366004";"Bad Münstereifel";"Kirspenich";
26813;"53902";"05366004";"Bad Münstereifel";"Kolvenbach";
26814;"53902";"05366004";"Bad Münstereifel";"Langscheid";
26815;"53902";"05366004";"Bad Münstereifel";"Lanzerath";
26816;"53902";"05366004";"Bad Münstereifel";"Lethert";
26817;"53902";"05366004";"Bad Münstereifel";"Limbach";
26818;"53902";"05366004";"Bad Münstereifel";"Lingscheiderhof";
26819;"53902";"05366004";"Bad Münstereifel";"Mahlberg";
26820;"53902";"05366004";"Bad Münstereifel";"Maulbach";
26821;"53902";"05366004";"Bad Münstereifel";"Mutscheid";
26823;"53902";"05366004";"Bad Münstereifel";"Neichen";
26824;"53902";"05366004";"Bad Münstereifel";"Nitterscheid";
26822;"53902";"05366004";"Bad Münstereifel";"Nöthen";
26825;"53902";"05366004";"Bad Münstereifel";"Odesheim";
26826;"53902";"05366004";"Bad Münstereifel";"Ohlerath";
26827;"53902";"05366004";"Bad Münstereifel";"Reckerscheid";
26828;"53902";"05366004";"Bad Münstereifel";"Rodert";
26829;"53902";"05366004";"Bad Münstereifel";"Rupperath";
26830;"53902";"05366004";"Bad Münstereifel";"Sasserath";
26832;"53902";"05366004";"Bad Münstereifel";"Scheuerheck";
26833;"53902";"05366004";"Bad Münstereifel";"Scheuren";
26831;"53902";"05366004";"Bad Münstereifel";"Schönau";
26834;"53902";"05366004";"Bad Münstereifel";"Soller";
26835;"53902";"05366004";"Bad Münstereifel";"Vollmert";
26836;"53902";"05366004";"Bad Münstereifel";"Wald";
26837;"53902";"05366004";"Bad Münstereifel";"Weißenstein";
26838;"53902";"05366004";"Bad Münstereifel";"Willerscheid";
26839;"53902";"05366004";"Bad Münstereifel";"Witscheiderhof";
33169;"53909";"05366044";"Zülpich";"Bessenich";
33170;"53909";"05366044";"Zülpich";"Bürvenich";
33171;"53909";"05366044";"Zülpich";"Dürscheven";
33172;"53909";"05366044";"Zülpich";"Enzen";
33173;"53909";"05366044";"Zülpich";"Eppenich";
33193;"53909";"05366044";"Zülpich";"Floren";
33174;"53909";"05366044";"Zülpich";"Füssenich";
33175;"53909";"05366044";"Zülpich";"Geich";
33176;"53909";"05366044";"Zülpich";"Hoven";
33177;"53909";"05366044";"Zülpich";"Juntersdorf";
33179;"53909";"05366044";"Zülpich";"Langendorf";
33180;"53909";"05366044";"Zülpich";"Linzenich";
33178;"53909";"05366044";"Zülpich";"Lövenich";
33181;"53909";"05366044";"Zülpich";"Lüssem";
33182;"53909";"05366044";"Zülpich";"Merzenich";
33192;"53909";"05366044";"Zülpich";"Mülheim";
33183;"53909";"05366044";"Zülpich";"Nemmenich";
33184;"53909";"05366044";"Zülpich";"Niederelvenich";
33185;"53909";"05366044";"Zülpich";"Oberelvenich";
33186;"53909";"05366044";"Zülpich";"Rövenich";
33187;"53909";"05366044";"Zülpich";"Schwerfen";
33188;"53909";"05366044";"Zülpich";"Sinzenich";
33189;"53909";"05366044";"Zülpich";"Weiler i d Ebene";
33190;"53909";"05366044";"Zülpich";"Wichterich";
33191;"53909";"05366044";"Zülpich";"Zülpich";
33168;"53909";"05366044";"Zülpich";"Ülpenich";
32453;"53913";"05382064";"Swisttal";"Buschhoven";
32454;"53913";"05382064";"Swisttal";"Dünstekoven";
32455;"53913";"05382064";"Swisttal";"Essig";
32456;"53913";"05382064";"Swisttal";"Heimerzheim";
32457;"53913";"05382064";"Swisttal";"Ludendorf";
32458;"53913";"05382064";"Swisttal";"Miel";
32459;"53913";"05382064";"Swisttal";"Morenhoven";
32460;"53913";"05382064";"Swisttal";"Odendorf";
32461;"53913";"05382064";"Swisttal";"Ollheim";
32462;"53913";"05382064";"Swisttal";"Straßfeld";
32799;"53919";"05366040";"Weilerswist";"Bodenheim";
32800;"53919";"05366040";"Weilerswist";"Derkum";
32801;"53919";"05366040";"Weilerswist";"Großvernich";
32802;"53919";"05366040";"Weilerswist";"Hausweiler";
32803;"53919";"05366040";"Weilerswist";"Horchheim";
32804;"53919";"05366040";"Weilerswist";"Kleinvernich";
32805;"53919";"05366040";"Weilerswist";"Lommersum";
32806;"53919";"05366040";"Weilerswist";"Metternich";
32807;"53919";"05366040";"Weilerswist";"Müggenhausen";
32808;"53919";"05366040";"Weilerswist";"Neuheim";
32809;"53919";"05366040";"Weilerswist";"Neukirchen";
32810;"53919";"05366040";"Weilerswist";"Ottenheim";
32811;"53919";"05366040";"Weilerswist";"Schneppenheim";
32812;"53919";"05366040";"Weilerswist";"Schwarzmaar";
32813;"53919";"05366040";"Weilerswist";"Weilerswist";
29467;"53925";"05366024";"Kall";"Anstois";
29468;"53925";"05366024";"Kall";"Benenberg";
29469;"53925";"05366024";"Kall";"Diefenbach";
29470;"53925";"05366024";"Kall";"Dottel";
29471;"53925";"05366024";"Kall";"Frohnrath";
29472;"53925";"05366024";"Kall";"Gillenberg";
29473;"53925";"05366024";"Kall";"Golbach";
29474;"53925";"05366024";"Kall";"Kall";
29475;"53925";"05366024";"Kall";"Keldenich";
29476;"53925";"05366024";"Kall";"Krekel";
29477;"53925";"05366024";"Kall";"Rinnen";
29478;"53925";"05366024";"Kall";"Roder";
29479;"53925";"05366024";"Kall";"Rüth";
29481;"53925";"05366024";"Kall";"Scheven";
29482;"53925";"05366024";"Kall";"Sistig";
29483;"53925";"05366024";"Kall";"Steinfeld";
29484;"53925";"05366024";"Kall";"Steinfelderheistert";
29485;"53925";"05366024";"Kall";"Straßbüsch";
29480;"53925";"05366024";"Kall";"Sötenich";
29486;"53925";"05366024";"Kall";"Urft";
29487;"53925";"05366024";"Kall";"Wahlen";
29488;"53925";"05366024";"Kall";"Wallenthal";
29489;"53925";"05366024";"Kall";"Wallenthalerhöhe";
32082;"53937";"05366036";"Schleiden";"Berescheid";
32083;"53937";"05366036";"Schleiden";"Broich";
32084;"53937";"05366036";"Schleiden";"Bronsfeld";
32085;"53937";"05366036";"Schleiden";"Dreiborn";
32086;"53937";"05366036";"Schleiden";"Ettelscheid";
32087;"53937";"05366036";"Schleiden";"Gemünd";
32088;"53937";"05366036";"Schleiden";"Harperscheid";
32089;"53937";"05366036";"Schleiden";"Herhahn";
32090;"53937";"05366036";"Schleiden";"Kerperscheid";
32091;"53937";"05366036";"Schleiden";"Morsbach";
32092;"53937";"05366036";"Schleiden";"Nierfeld";
32093;"53937";"05366036";"Schleiden";"Oberhausen";
32094;"53937";"05366036";"Schleiden";"Olef";
32096;"53937";"05366036";"Schleiden";"Scheuren";
32097;"53937";"05366036";"Schleiden";"Schleiden";
32095;"53937";"05366036";"Schleiden";"Schöneseiffen";
32100;"53937";"05366036";"Schleiden";"Vogelsang";
32098;"53937";"05366036";"Schleiden";"Wintzen";
32099;"53937";"05366036";"Schleiden";"Wolfgarten";
28932;"53940";"05366020";"Hellenthal";"Aufbereitung I";
28933;"53940";"05366020";"Hellenthal";"Aufbereitung II";
28934;"53940";"05366020";"Hellenthal";"Blumenthal";
28935;"53940";"05366020";"Hellenthal";"Bruch";
28936;"53940";"05366020";"Hellenthal";"Bungenberg";
28937;"53940";"05366020";"Hellenthal";"Büschem";
28938;"53940";"05366020";"Hellenthal";"Dickerscheid";
28939;"53940";"05366020";"Hellenthal";"Dommersbach";
28940;"53940";"05366020";"Hellenthal";"Eichen";
28941;"53940";"05366020";"Hellenthal";"Felser";
28942;"53940";"05366020";"Hellenthal";"Giescheid";
28943;"53940";"05366020";"Hellenthal";"Grube Wohlfahrt";
28945;"53940";"05366020";"Hellenthal";"Hahnenberg";
28946;"53940";"05366020";"Hellenthal";"Haus Eichen";
28947;"53940";"05366020";"Hellenthal";"Hecken";
28948;"53940";"05366020";"Hellenthal";"Heiden";
28949;"53940";"05366020";"Hellenthal";"Hellenthal";
28950;"53940";"05366020";"Hellenthal";"Hescheld";
28951;"53940";"05366020";"Hellenthal";"Hollerath";
28944;"53940";"05366020";"Hellenthal";"Hönningen";
28952;"53940";"05366020";"Hellenthal";"Ingersberg";
28953;"53940";"05366020";"Hellenthal";"Kamberg";
28954;"53940";"05366020";"Hellenthal";"Kammerwald";
28955;"53940";"05366020";"Hellenthal";"Kehr";
28956;"53940";"05366020";"Hellenthal";"Kradenhövel";
28957;"53940";"05366020";"Hellenthal";"Kreuzberg";
28958;"53940";"05366020";"Hellenthal";"Linden";
28959;"53940";"05366020";"Hellenthal";"Losheim";
28960;"53940";"05366020";"Hellenthal";"Losheimergraben";
28961;"53940";"05366020";"Hellenthal";"Manscheid";
28962;"53940";"05366020";"Hellenthal";"Metzigeroder";
28963;"53940";"05366020";"Hellenthal";"Miescheid";
28964;"53940";"05366020";"Hellenthal";"Miescheiderheide";
28965;"53940";"05366020";"Hellenthal";"Neuhaus";
28966;"53940";"05366020";"Hellenthal";"Oberdalmerscheid";
28967;"53940";"05366020";"Hellenthal";"Oberpreth";
28968;"53940";"05366020";"Hellenthal";"Oberreifferscheid";
28969;"53940";"05366020";"Hellenthal";"Oberschömbach";
28970;"53940";"05366020";"Hellenthal";"Paulushof";
28992;"53940";"05366020";"Hellenthal";"Pfeiffershof";
28971;"53940";"05366020";"Hellenthal";"Ramscheid";
28972;"53940";"05366020";"Hellenthal";"Ramscheiderhöhe";
28973;"53940";"05366020";"Hellenthal";"Reifferscheid";
28974;"53940";"05366020";"Hellenthal";"Rescheid";
28975;"53940";"05366020";"Hellenthal";"Rodenbusch";
28976;"53940";"05366020";"Hellenthal";"Schnorrenberg";
28977;"53940";"05366020";"Hellenthal";"Schwalenbach";
28978;"53940";"05366020";"Hellenthal";"Sieberath";
28979;"53940";"05366020";"Hellenthal";"Udenbreth";
28980;"53940";"05366020";"Hellenthal";"Unterdalmerscheid";
28981;"53940";"05366020";"Hellenthal";"Unterpreth";
28982;"53940";"05366020";"Hellenthal";"Unterschömbach";
28983;"53940";"05366020";"Hellenthal";"Wahld";
28984;"53940";"05366020";"Hellenthal";"Wiesen";
28985;"53940";"05366020";"Hellenthal";"Wildenburg";
28986;"53940";"05366020";"Hellenthal";"Winten";
28987;"53940";"05366020";"Hellenthal";"Wittscheid";
28988;"53940";"05366020";"Hellenthal";"Wolfert";
28989;"53940";"05366020";"Hellenthal";"Wollenberg";
28990;"53940";"05366020";"Hellenthal";"Zehnstelle";
28991;"53940";"05366020";"Hellenthal";"Zingscheid";
27078;"53945";"05366008";"Blankenheim";"Ahrdorf";
27079;"53945";"05366008";"Blankenheim";"Ahrhütte";
27080;"53945";"05366008";"Blankenheim";"Alendorf";
27081;"53945";"05366008";"Blankenheim";"Blankenheim";
27082;"53945";"05366008";"Blankenheim";"Blankenheimerdorf";
27083;"53945";"05366008";"Blankenheim";"Dollendorf";
27084;"53945";"05366008";"Blankenheim";"Freilingen";
27085;"53945";"05366008";"Blankenheim";"Hüngersdorf";
27086;"53945";"05366008";"Blankenheim";"Lindweiler";
27087;"53945";"05366008";"Blankenheim";"Lommersdorf";
27088;"53945";"05366008";"Blankenheim";"Mülheim";
27089;"53945";"05366008";"Blankenheim";"Nonnenbach";
27090;"53945";"05366008";"Blankenheim";"Reetz";
27091;"53945";"05366008";"Blankenheim";"Ripsdorf";
27092;"53945";"05366008";"Blankenheim";"Rohr";
27093;"53945";"05366008";"Blankenheim";"Uedelhoven";
27094;"53945";"05366008";"Blankenheim";"Waldorf";
31032;"53947";"05366032";"Nettersheim";"Bouderath";
31033;"53947";"05366032";"Nettersheim";"Buir";
31034;"53947";"05366032";"Nettersheim";"Engelgau";
31035;"53947";"05366032";"Nettersheim";"Frohngau";
31036;"53947";"05366032";"Nettersheim";"Holzmülheim";
31037;"53947";"05366032";"Nettersheim";"Marmagen";
31038;"53947";"05366032";"Nettersheim";"Nettersheim";
31039;"53947";"05366032";"Nettersheim";"Pesch";
31040;"53947";"05366032";"Nettersheim";"Roderath";
31041;"53947";"05366032";"Nettersheim";"Tondorf";
31042;"53947";"05366032";"Nettersheim";"Zingsheim";
27491;"53949";"05366012";"Dahlem";"Baasem";
27492;"53949";"05366012";"Dahlem";"Berk";
27493;"53949";"05366012";"Dahlem";"Dahlem";
27494;"53949";"05366012";"Dahlem";"Frauenkron";
27495;"53949";"05366012";"Dahlem";"Kronenburg";
27496;"53949";"05366012";"Dahlem";"Schmidtheim";
32275;"57072";"05970040";"Siegen";"Seelbach";
32276;"57072";"05970040";"Siegen";"Siegen";
32281;"57072";"05970040";"Siegen";"Trupbach";
32283;"57072";"05970040";"Siegen";"Weidenau";
32256;"57074";"05970040";"Siegen";"Breitenbach";
32258;"57074";"05970040";"Siegen";"Bürbach";
32261;"57074";"05970040";"Siegen";"Eiserfeld";
32264;"57074";"05970040";"Siegen";"Feuersbach";
32268;"57074";"05970040";"Siegen";"Kaan-Marienborn";
32277;"57074";"05970040";"Siegen";"Siegen";
32282;"57074";"05970040";"Siegen";"Volnsberg";
32259;"57076";"05970040";"Siegen";"Bürbach";
32265;"57076";"05970040";"Siegen";"Geisweid";
32278;"57076";"05970040";"Siegen";"Siegen";
32284;"57076";"05970040";"Siegen";"Weidenau";
32255;"57078";"05970040";"Siegen";"Birlenbach";
32257;"57078";"05970040";"Siegen";"Buchen";
32260;"57078";"05970040";"Siegen";"Dillnhütten";
32266;"57078";"05970040";"Siegen";"Geisweid";
32269;"57078";"05970040";"Siegen";"Langenholdinghausen";
32270;"57078";"05970040";"Siegen";"Meiswinkel";
32272;"57078";"05970040";"Siegen";"Niedersetzen";
32274;"57078";"05970040";"Siegen";"Obersetzen";
32280;"57078";"05970040";"Siegen";"Sohlbach";
32285;"57078";"05970040";"Siegen";"Weidenau";
32262;"57080";"05970040";"Siegen";"Eiserfeld";
32263;"57080";"05970040";"Siegen";"Eisern";
32267;"57080";"05970040";"Siegen";"Gosenbach";
32271;"57080";"05970040";"Siegen";"Niederschelden";
32273;"57080";"05970040";"Siegen";"Oberschelden";
32279;"57080";"05970040";"Siegen";"Siegen";
29932;"57223";"05970024";"Kreuztal";"Bockenbach";
29933;"57223";"05970024";"Kreuztal";"Burgholdinghausen";
29934;"57223";"05970024";"Kreuztal";"Buschhütten";
29935;"57223";"05970024";"Kreuztal";"Eichen";
29936;"57223";"05970024";"Kreuztal";"Fellinghausen";
29937;"57223";"05970024";"Kreuztal";"Ferndorf";
29938;"57223";"05970024";"Kreuztal";"Junkernhees";
29939;"57223";"05970024";"Kreuztal";"Kredenbach";
29940;"57223";"05970024";"Kreuztal";"Kreuztal";
29941;"57223";"05970024";"Kreuztal";"Krombach";
29942;"57223";"05970024";"Kreuztal";"Littfeld";
29943;"57223";"05970024";"Kreuztal";"Mittelhees";
29944;"57223";"05970024";"Kreuztal";"Oberhees";
29945;"57223";"05970024";"Kreuztal";"Osthelden";
29946;"57223";"05970024";"Kreuztal";"Stendenbach";
33001;"57234";"05970044";"Wilnsdorf";"Anzhausen";
33002;"57234";"05970044";"Wilnsdorf";"Flammersbach";
33003;"57234";"05970044";"Wilnsdorf";"Gernsdorf";
33004;"57234";"05970044";"Wilnsdorf";"Niederdielfen";
33005;"57234";"05970044";"Wilnsdorf";"Oberdielfen";
33006;"57234";"05970044";"Wilnsdorf";"Obersdorf";
33007;"57234";"05970044";"Wilnsdorf";"Rinsdorf";
33008;"57234";"05970044";"Wilnsdorf";"Rudersdorf";
33009;"57234";"05970044";"Wilnsdorf";"Wilden";
33010;"57234";"05970044";"Wilnsdorf";"Wilgersdorf";
33011;"57234";"05970044";"Wilnsdorf";"Wilnsdorf";
31011;"57250";"05970032";"Netphen";"Afholderbach";
31012;"57250";"05970032";"Netphen";"Beienbach";
31013;"57250";"05970032";"Netphen";"Brauersdorf";
31014;"57250";"05970032";"Netphen";"Deuz";
31015;"57250";"05970032";"Netphen";"Dreis-Tiefenbach";
31016;"57250";"05970032";"Netphen";"Eckmannshausen";
31017;"57250";"05970032";"Netphen";"Eschenbach";
31018;"57250";"05970032";"Netphen";"Frohnhausen";
31019;"57250";"05970032";"Netphen";"Grissenbach";
31020;"57250";"05970032";"Netphen";"Hainchen";
31021;"57250";"05970032";"Netphen";"Helgersdorf";
31022;"57250";"05970032";"Netphen";"Herzhausen";
31023;"57250";"05970032";"Netphen";"Irmgarteichen";
31024;"57250";"05970032";"Netphen";"Nenkersdorf";
31025;"57250";"05970032";"Netphen";"Netphen";
31026;"57250";"05970032";"Netphen";"Oelgershausen";
31027;"57250";"05970032";"Netphen";"Salchendorf";
31028;"57250";"05970032";"Netphen";"Sohlbach";
31029;"57250";"05970032";"Netphen";"Unglinghausen";
31030;"57250";"05970032";"Netphen";"Walpersdorf";
31031;"57250";"05970032";"Netphen";"Werthenbach";
28486;"57258";"05970016";"Freudenberg";"Alchen";
28487;"57258";"05970016";"Freudenberg";"Bottenberg";
28488;"57258";"05970016";"Freudenberg";"Bühl";
28489;"57258";"05970016";"Freudenberg";"Büschergrund";
28490;"57258";"05970016";"Freudenberg";"Dirlenbach";
28491;"57258";"05970016";"Freudenberg";"Freudenberg";
28492;"57258";"05970016";"Freudenberg";"Heisberg";
28493;"57258";"05970016";"Freudenberg";"Hohenhain";
28494;"57258";"05970016";"Freudenberg";"Lindenberg";
28495;"57258";"05970016";"Freudenberg";"Mausbach";
28496;"57258";"05970016";"Freudenberg";"Niederheuslingen";
28497;"57258";"05970016";"Freudenberg";"Niederholzklau";
28498;"57258";"05970016";"Freudenberg";"Niederndorf";
28499;"57258";"05970016";"Freudenberg";"Oberfischbach";
28500;"57258";"05970016";"Freudenberg";"Oberheuslingen";
28501;"57258";"05970016";"Freudenberg";"Oberholzklau";
28502;"57258";"05970016";"Freudenberg";"Plittershagen";
29179;"57271";"05970020";"Hilchenbach";"Allenbach";
29180;"57271";"05970020";"Hilchenbach";"Dahlbruch";
29181;"57271";"05970020";"Hilchenbach";"Grund";
29182;"57271";"05970020";"Hilchenbach";"Hadem";
29183;"57271";"05970020";"Hilchenbach";"Helberhausen";
29184;"57271";"05970020";"Hilchenbach";"Hilchenbach";
29185;"57271";"05970020";"Hilchenbach";"Lützel";
29186;"57271";"05970020";"Hilchenbach";"Müsen";
29187;"57271";"05970020";"Hilchenbach";"Oberndorf";
29188;"57271";"05970020";"Hilchenbach";"Oechelhausen";
29189;"57271";"05970020";"Hilchenbach";"Ruckersfeld";
29190;"57271";"05970020";"Hilchenbach";"Vormwald";
31124;"57290";"05970036";"Neunkirchen";"Altenseelbach";
31125;"57290";"05970036";"Neunkirchen";"Neunkirchen";
31126;"57290";"05970036";"Neunkirchen";"Salchendorf";
31127;"57290";"05970036";"Neunkirchen";"Struthütten";
31128;"57290";"05970036";"Neunkirchen";"Wiederstein";
31129;"57290";"05970036";"Neunkirchen";"Zeppenfeld";
27451;"57299";"05970008";"Burbach";"Burbach";
27452;"57299";"05970008";"Burbach";"Gilsbach";
27453;"57299";"05970008";"Burbach";"Holzhausen";
27454;"57299";"05970008";"Burbach";"Lippe";
27455;"57299";"05970008";"Burbach";"Lützeln";
27456;"57299";"05970008";"Burbach";"Niederdresselndorf";
27457;"57299";"05970008";"Burbach";"Oberdresselndorf";
27458;"57299";"05970008";"Burbach";"Wahlbach";
27459;"57299";"05970008";"Burbach";"Würgendorf";
26726;"57319";"05970004";"Bad Berleburg";"Alertshausen";
26727;"57319";"05970004";"Bad Berleburg";"Arfeld";
26728;"57319";"05970004";"Bad Berleburg";"Aue";
26729;"57319";"05970004";"Bad Berleburg";"Bad Berleburg";
26730;"57319";"05970004";"Bad Berleburg";"Battenberg";
26731;"57319";"05970004";"Bad Berleburg";"Beddelhausen";
26732;"57319";"05970004";"Bad Berleburg";"Berghausen";
26733;"57319";"05970004";"Bad Berleburg";"Christianseck";
26734;"57319";"05970004";"Bad Berleburg";"Diedenshausen";
26735;"57319";"05970004";"Bad Berleburg";"Dotzlar";
26736;"57319";"05970004";"Bad Berleburg";"Elsoff";
26750;"57319";"05970004";"Bad Berleburg";"Gemeinde Allendorf (Eder)";
26737;"57319";"05970004";"Bad Berleburg";"Girkhausen";
26738;"57319";"05970004";"Bad Berleburg";"Hemschlar";
26739;"57319";"05970004";"Bad Berleburg";"Raumland";
26740;"57319";"05970004";"Bad Berleburg";"Richstein";
26741;"57319";"05970004";"Bad Berleburg";"Rinthe";
26742;"57319";"05970004";"Bad Berleburg";"Sassenhausen";
26743;"57319";"05970004";"Bad Berleburg";"Schwarzenau";
26744;"57319";"05970004";"Bad Berleburg";"Schüllar";
26745;"57319";"05970004";"Bad Berleburg";"Stünzel";
26746;"57319";"05970004";"Bad Berleburg";"Weidenhausen";
26747;"57319";"05970004";"Bad Berleburg";"Wemlighausen";
26748;"57319";"05970004";"Bad Berleburg";"Wingeshausen";
26749;"57319";"05970004";"Bad Berleburg";"Wunderthausen";
26769;"57334";"05970028";"Bad Laasphe";"Amtshausen";
26770;"57334";"05970028";"Bad Laasphe";"Bad Laasphe";
26771;"57334";"05970028";"Bad Laasphe";"Banfe";
26772;"57334";"05970028";"Bad Laasphe";"Bermershausen";
26773;"57334";"05970028";"Bad Laasphe";"Bernshausen";
26774;"57334";"05970028";"Bad Laasphe";"Feudingen";
26775;"57334";"05970028";"Bad Laasphe";"Fischelbach";
26776;"57334";"05970028";"Bad Laasphe";"Glashütte";
26777;"57334";"05970028";"Bad Laasphe";"Großenbach";
26778;"57334";"05970028";"Bad Laasphe";"Heiligenborn";
26779;"57334";"05970028";"Bad Laasphe";"Herbertshausen";
26780;"57334";"05970028";"Bad Laasphe";"Hesselbach";
26781;"57334";"05970028";"Bad Laasphe";"Holzhausen";
26782;"57334";"05970028";"Bad Laasphe";"Kunst-Wittgenstein";
26792;"57334";"05970028";"Bad Laasphe";"Laaspherhütte";
26783;"57334";"05970028";"Bad Laasphe";"Niederlaasphe";
26784;"57334";"05970028";"Bad Laasphe";"Oberndorf";
26785;"57334";"05970028";"Bad Laasphe";"Puderbach";
26786;"57334";"05970028";"Bad Laasphe";"Rückershausen";
26787;"57334";"05970028";"Bad Laasphe";"Rüppershausen";
26788;"57334";"05970028";"Bad Laasphe";"Saßmannshausen";
26789;"57334";"05970028";"Bad Laasphe";"Steinbach";
26790;"57334";"05970028";"Bad Laasphe";"Volkholz";
26791;"57334";"05970028";"Bad Laasphe";"Weide";
28239;"57339";"05970012";"Erndtebrück";"Balde";
28240;"57339";"05970012";"Erndtebrück";"Benfe";
28241;"57339";"05970012";"Erndtebrück";"Birkefehl";
28242;"57339";"05970012";"Erndtebrück";"Birkelbach";
28243;"57339";"05970012";"Erndtebrück";"Erndtebrück";
28244;"57339";"05970012";"Erndtebrück";"Leimstruth";
28245;"57339";"05970012";"Erndtebrück";"Röspe";
28246;"57339";"05970012";"Erndtebrück";"Schameder";
28247;"57339";"05970012";"Erndtebrück";"Womelsdorf";
28248;"57339";"05970012";"Erndtebrück";"Zinse";
30052;"57368";"05966020";"Lennestadt";"Altenhundem";
30053;"57368";"05966020";"Lennestadt";"Altenvalbert";
30054;"57368";"05966020";"Lennestadt";"Bilstein";
30055;"57368";"05966020";"Lennestadt";"Bonzel";
30056;"57368";"05966020";"Lennestadt";"Bonzelerhammer";
30057;"57368";"05966020";"Lennestadt";"Brenschede";
30058;"57368";"05966020";"Lennestadt";"Bruchhausen";
30059;"57368";"05966020";"Lennestadt";"Burbecke";
30060;"57368";"05966020";"Lennestadt";"Einsiedelei";
30061;"57368";"05966020";"Lennestadt";"Elsmecke";
30062;"57368";"05966020";"Lennestadt";"Elspe";
30063;"57368";"05966020";"Lennestadt";"Elsperhusen";
30064;"57368";"05966020";"Lennestadt";"Ernestus";
30065;"57368";"05966020";"Lennestadt";"Germaniahütte";
30066;"57368";"05966020";"Lennestadt";"Gleierbrück";
30067;"57368";"05966020";"Lennestadt";"Grevenbrück";
30068;"57368";"05966020";"Lennestadt";"Hachen";
30069;"57368";"05966020";"Lennestadt";"Halberbracht";
30070;"57368";"05966020";"Lennestadt";"Hespecke";
30071;"57368";"05966020";"Lennestadt";"Kickenbach";
30072;"57368";"05966020";"Lennestadt";"Kirchveischede";
30073;"57368";"05966020";"Lennestadt";"Langenei";
30092;"57368";"05966020";"Lennestadt";"Lennestadt";
30074;"57368";"05966020";"Lennestadt";"Maumke";
30075;"57368";"05966020";"Lennestadt";"Meggen";
30076;"57368";"05966020";"Lennestadt";"Melbecke";
30077;"57368";"05966020";"Lennestadt";"Milchenbach";
30078;"57368";"05966020";"Lennestadt";"Neukamp";
30079;"57368";"05966020";"Lennestadt";"Oberelspe";
30080;"57368";"05966020";"Lennestadt";"Obermelbecke";
30081;"57368";"05966020";"Lennestadt";"Obervalbert";
30082;"57368";"05966020";"Lennestadt";"Oedingen";
30083;"57368";"05966020";"Lennestadt";"Oedingerberg";
30084;"57368";"05966020";"Lennestadt";"Oedingermühle";
30085;"57368";"05966020";"Lennestadt";"Saalhausen";
30086;"57368";"05966020";"Lennestadt";"Schmellenberg";
30087;"57368";"05966020";"Lennestadt";"Sporke";
30088;"57368";"05966020";"Lennestadt";"Stöppel";
30089;"57368";"05966020";"Lennestadt";"Störmecke";
30090;"57368";"05966020";"Lennestadt";"Theten";
30091;"57368";"05966020";"Lennestadt";"Trockenbrück";
32106;"57392";"05958040";"Schmallenberg";"Almert";
32107;"57392";"05958040";"Schmallenberg";"Altenhof";
32108;"57392";"05958040";"Schmallenberg";"Altenilpe";
32109;"57392";"05958040";"Schmallenberg";"Arpe";
32121;"57392";"05958040";"Schmallenberg";"Bad Fredeburg";
32111;"57392";"05958040";"Schmallenberg";"Berghausen";
32112;"57392";"05958040";"Schmallenberg";"Berghof";
32189;"57392";"05958040";"Schmallenberg";"Bettenkamp";
32113;"57392";"05958040";"Schmallenberg";"Brabecke";
32114;"57392";"05958040";"Schmallenberg";"Bracht";
32110;"57392";"05958040";"Schmallenberg";"Bödefeld";
32115;"57392";"05958040";"Schmallenberg";"Dorlar";
32116;"57392";"05958040";"Schmallenberg";"Dornheim";
32117;"57392";"05958040";"Schmallenberg";"Ebbinghof";
32119;"57392";"05958040";"Schmallenberg";"Felbecke";
32120;"57392";"05958040";"Schmallenberg";"Fleckenberg";
32118;"57392";"05958040";"Schmallenberg";"Föckinghausen";
32122;"57392";"05958040";"Schmallenberg";"Gellinghausen";
32123;"57392";"05958040";"Schmallenberg";"Gleidorf";
32124;"57392";"05958040";"Schmallenberg";"Grafschaft";
32125;"57392";"05958040";"Schmallenberg";"Grimminghausen";
32126;"57392";"05958040";"Schmallenberg";"Hanxleden";
32127;"57392";"05958040";"Schmallenberg";"Harbecke";
32128;"57392";"05958040";"Schmallenberg";"Hebbecke";
32129;"57392";"05958040";"Schmallenberg";"Heiminghausen";
32190;"57392";"05958040";"Schmallenberg";"Hengsiepen";
32130;"57392";"05958040";"Schmallenberg";"Herschede";
32131;"57392";"05958040";"Schmallenberg";"Hiege";
32132;"57392";"05958040";"Schmallenberg";"Hoher Knochen";
32133;"57392";"05958040";"Schmallenberg";"Holthausen";
32134;"57392";"05958040";"Schmallenberg";"Hundesossen";
32135;"57392";"05958040";"Schmallenberg";"Huxel";
32136;"57392";"05958040";"Schmallenberg";"Inderlenne";
32137;"57392";"05958040";"Schmallenberg";"Jagdhaus";
32138;"57392";"05958040";"Schmallenberg";"Keppel";
32139;"57392";"05958040";"Schmallenberg";"Kirchilpe";
32140;"57392";"05958040";"Schmallenberg";"Kirchrarbach";
32141;"57392";"05958040";"Schmallenberg";"Kückelheim";
32142;"57392";"05958040";"Schmallenberg";"Landenbeckerbruch";
32143;"57392";"05958040";"Schmallenberg";"Lanfert";
32144;"57392";"05958040";"Schmallenberg";"Latrop";
32145;"57392";"05958040";"Schmallenberg";"Lengenbeck";
32146;"57392";"05958040";"Schmallenberg";"Lenne";
32148;"57392";"05958040";"Schmallenberg";"Mailar";
32149;"57392";"05958040";"Schmallenberg";"Menkhausen";
32150;"57392";"05958040";"Schmallenberg";"Mittelsorpe";
32147;"57392";"05958040";"Schmallenberg";"Mönekind";
32151;"57392";"05958040";"Schmallenberg";"Nesselbach";
32152;"57392";"05958040";"Schmallenberg";"Niederberndorf";
32153;"57392";"05958040";"Schmallenberg";"Niederhenneborn";
32154;"57392";"05958040";"Schmallenberg";"Niedersorpe";
32155;"57392";"05958040";"Schmallenberg";"Nierentrop";
32156;"57392";"05958040";"Schmallenberg";"Nordenau";
32157;"57392";"05958040";"Schmallenberg";"Oberberndorf";
32158;"57392";"05958040";"Schmallenberg";"Oberhenneborn";
32159;"57392";"05958040";"Schmallenberg";"Oberkirchen";
32160;"57392";"05958040";"Schmallenberg";"Oberrarbach";
32161;"57392";"05958040";"Schmallenberg";"Obersorpe";
32162;"57392";"05958040";"Schmallenberg";"Obringhausen";
32163;"57392";"05958040";"Schmallenberg";"Ohlenbach";
32164;"57392";"05958040";"Schmallenberg";"Osterwald";
32165;"57392";"05958040";"Schmallenberg";"Rehsiepen";
32166;"57392";"05958040";"Schmallenberg";"Rellmecke";
32167;"57392";"05958040";"Schmallenberg";"Rimberg";
32168;"57392";"05958040";"Schmallenberg";"Rotbusch";
32170;"57392";"05958040";"Schmallenberg";"Schanze";
32171;"57392";"05958040";"Schmallenberg";"Schmallenberg";
32172;"57392";"05958040";"Schmallenberg";"Selkentrop";
32173;"57392";"05958040";"Schmallenberg";"Sellinghausen";
32174;"57392";"05958040";"Schmallenberg";"Sellmecke";
32175;"57392";"05958040";"Schmallenberg";"Silberg";
32176;"57392";"05958040";"Schmallenberg";"Sonderhof";
32177;"57392";"05958040";"Schmallenberg";"Störmecke";
32169;"57392";"05958040";"Schmallenberg";"Sögtrop";
32178;"57392";"05958040";"Schmallenberg";"Twismecke";
32179;"57392";"05958040";"Schmallenberg";"Vorwald";
32180;"57392";"05958040";"Schmallenberg";"Waidmannsruh";
32181;"57392";"05958040";"Schmallenberg";"Walbecke";
32182;"57392";"05958040";"Schmallenberg";"Werntrop";
32183;"57392";"05958040";"Schmallenberg";"Werpe";
32184;"57392";"05958040";"Schmallenberg";"Westernbödefeld";
32185;"57392";"05958040";"Schmallenberg";"Westfeld";
32186;"57392";"05958040";"Schmallenberg";"Winkhausen";
32187;"57392";"05958040";"Schmallenberg";"Wormbach";
32188;"57392";"05958040";"Schmallenberg";"Wulwesort";
29565;"57399";"05966016";"Kirchhundem";"Ahe";
29566;"57399";"05966016";"Kirchhundem";"Albaum";
29567;"57399";"05966016";"Kirchhundem";"Alpenhaus";
29568;"57399";"05966016";"Kirchhundem";"Arnoldihof";
29571;"57399";"05966016";"Kirchhundem";"Benolpe";
29572;"57399";"05966016";"Kirchhundem";"Berghof";
29573;"57399";"05966016";"Kirchhundem";"Bettinghof";
29574;"57399";"05966016";"Kirchhundem";"Brachthausen";
29575;"57399";"05966016";"Kirchhundem";"Breitenbruch";
29569;"57399";"05966016";"Kirchhundem";"Böminghausen";
29570;"57399";"05966016";"Kirchhundem";"Böminghauser Werk";
29576;"57399";"05966016";"Kirchhundem";"Emlinghausen";
29577;"57399";"05966016";"Kirchhundem";"Erlhof";
29578;"57399";"05966016";"Kirchhundem";"Flape";
29579;"57399";"05966016";"Kirchhundem";"Haus Bruch";
29580;"57399";"05966016";"Kirchhundem";"Heidschott";
29581;"57399";"05966016";"Kirchhundem";"Heinsberg";
29582;"57399";"05966016";"Kirchhundem";"Herrntrop";
29583;"57399";"05966016";"Kirchhundem";"Hofolpe";
29584;"57399";"05966016";"Kirchhundem";"Kirchhundem";
29585;"57399";"05966016";"Kirchhundem";"Kohlhagen";
29586;"57399";"05966016";"Kirchhundem";"Kruberg";
29587;"57399";"05966016";"Kirchhundem";"Mark";
29588;"57399";"05966016";"Kirchhundem";"Marmecke";
29589;"57399";"05966016";"Kirchhundem";"Oberhundem";
29590;"57399";"05966016";"Kirchhundem";"Rahrbach";
29591;"57399";"05966016";"Kirchhundem";"Rahrbacher Höhe";
29592;"57399";"05966016";"Kirchhundem";"Rhein-Weser-Turm";
29593;"57399";"05966016";"Kirchhundem";"Rinsecke";
29594;"57399";"05966016";"Kirchhundem";"Rüspe";
29595;"57399";"05966016";"Kirchhundem";"Schwartmecke";
29596;"57399";"05966016";"Kirchhundem";"Selbecke";
29597;"57399";"05966016";"Kirchhundem";"Silberg";
29598;"57399";"05966016";"Kirchhundem";"Stelborn";
29599;"57399";"05966016";"Kirchhundem";"Varste";
29600;"57399";"05966016";"Kirchhundem";"Vasbach";
29601;"57399";"05966016";"Kirchhundem";"Welschen Ennest";
29602;"57399";"05966016";"Kirchhundem";"Wirme";
29603;"57399";"05966016";"Kirchhundem";"Würdinghausen";
28433;"57413";"05966012";"Finnentrop";"Ahausen";
28434;"57413";"05966012";"Finnentrop";"Ahauser Mühle";
28435;"57413";"05966012";"Finnentrop";"Altfinnentrop";
28436;"57413";"05966012";"Finnentrop";"Bamenohl";
28437;"57413";"05966012";"Finnentrop";"Bausenrode";
28438;"57413";"05966012";"Finnentrop";"Becksiepen";
28439;"57413";"05966012";"Finnentrop";"Dahm";
28440;"57413";"05966012";"Finnentrop";"Deutmecke";
28441;"57413";"05966012";"Finnentrop";"Elsmecke";
28442;"57413";"05966012";"Finnentrop";"Faulebutter";
28443;"57413";"05966012";"Finnentrop";"Fehrenbracht";
28444;"57413";"05966012";"Finnentrop";"Finnentrop";
28445;"57413";"05966012";"Finnentrop";"Fretter";
28446;"57413";"05966012";"Finnentrop";"Frettermühle";
28447;"57413";"05966012";"Finnentrop";"Frielentrop";
28448;"57413";"05966012";"Finnentrop";"Gierschlade";
28449;"57413";"05966012";"Finnentrop";"Hausstätte";
28450;"57413";"05966012";"Finnentrop";"Heggen";
28451;"57413";"05966012";"Finnentrop";"Hollenbock";
28452;"57413";"05966012";"Finnentrop";"Hülschotten";
28453;"57413";"05966012";"Finnentrop";"Illeschlade";
28454;"57413";"05966012";"Finnentrop";"Klingelborn";
28455;"57413";"05966012";"Finnentrop";"Kuckuck";
28456;"57413";"05966012";"Finnentrop";"Lenhausen";
28457;"57413";"05966012";"Finnentrop";"Mißmecke";
28458;"57413";"05966012";"Finnentrop";"Müllen";
28459;"57413";"05966012";"Finnentrop";"Ostentrop";
28460;"57413";"05966012";"Finnentrop";"Permecke";
28462;"57413";"05966012";"Finnentrop";"Ramscheid";
28461;"57413";"05966012";"Finnentrop";"Rönkhausen";
28463;"57413";"05966012";"Finnentrop";"Sange";
28466;"57413";"05966012";"Finnentrop";"Schliprüthen";
28467;"57413";"05966012";"Finnentrop";"Schliprüthen-Mühle";
28468;"57413";"05966012";"Finnentrop";"Schwartmecke";
28464;"57413";"05966012";"Finnentrop";"Schöndelt";
28465;"57413";"05966012";"Finnentrop";"Schönholthausen";
28469;"57413";"05966012";"Finnentrop";"Serkenrode";
28470;"57413";"05966012";"Finnentrop";"Steinsiepen";
28471;"57413";"05966012";"Finnentrop";"Tiefenau";
28473;"57413";"05966012";"Finnentrop";"Weringhausen";
28474;"57413";"05966012";"Finnentrop";"Weuspert";
28475;"57413";"05966012";"Finnentrop";"Wiebelhausen";
28472;"57413";"05966012";"Finnentrop";"Wörden";
26669;"57439";"05966004";"Attendorn";"Albringhausen";
26670;"57439";"05966004";"Attendorn";"Attendorn";
26671;"57439";"05966004";"Attendorn";"Berlinghausen";
26672;"57439";"05966004";"Attendorn";"Beukenbeul";
26673;"57439";"05966004";"Attendorn";"Biekhofen";
26674;"57439";"05966004";"Attendorn";"Biggen";
26675;"57439";"05966004";"Attendorn";"Borghausen";
26724;"57439";"05966004";"Attendorn";"Bremge b. Ennest";
26723;"57439";"05966004";"Attendorn";"Bremge/Biggesee";
26676;"57439";"05966004";"Attendorn";"Bürberg";
26677;"57439";"05966004";"Attendorn";"Dahlhausen";
26678;"57439";"05966004";"Attendorn";"Dünschede";
26679;"57439";"05966004";"Attendorn";"Ebbelinghagen";
26680;"57439";"05966004";"Attendorn";"Eichen";
26681;"57439";"05966004";"Attendorn";"Ennest";
26682;"57439";"05966004";"Attendorn";"Erbscheid";
26683;"57439";"05966004";"Attendorn";"Erlen";
26684;"57439";"05966004";"Attendorn";"Ewig";
26685;"57439";"05966004";"Attendorn";"Fernholte";
26686;"57439";"05966004";"Attendorn";"Forsthaus Ebbe";
26687;"57439";"05966004";"Attendorn";"Hebberg";
26688;"57439";"05966004";"Attendorn";"Helden";
26689;"57439";"05966004";"Attendorn";"Hofkühl";
26690;"57439";"05966004";"Attendorn";"Hohen Hagen";
26691;"57439";"05966004";"Attendorn";"Holzweg";
26692;"57439";"05966004";"Attendorn";"Jäckelchen";
26693;"57439";"05966004";"Attendorn";"Keseberg";
26694;"57439";"05966004";"Attendorn";"Kraghammer";
26695;"57439";"05966004";"Attendorn";"Lichtringhausen";
26696;"57439";"05966004";"Attendorn";"Listerscheid";
26725;"57439";"05966004";"Attendorn";"Mecklinghausen";
26697;"57439";"05966004";"Attendorn";"Merklinghausen";
26698;"57439";"05966004";"Attendorn";"Milstenau";
26699;"57439";"05966004";"Attendorn";"Neu-Listernohl";
26700;"57439";"05966004";"Attendorn";"Neuenhof";
26701;"57439";"05966004";"Attendorn";"Niederhelden";
26702;"57439";"05966004";"Attendorn";"Nierhof";
26703;"57439";"05966004";"Attendorn";"Nuttmecke";
26704;"57439";"05966004";"Attendorn";"Papiermühle";
26705;"57439";"05966004";"Attendorn";"Petersburg";
26707;"57439";"05966004";"Attendorn";"Rauterkusen";
26708;"57439";"05966004";"Attendorn";"Rautersbeul";
26709;"57439";"05966004";"Attendorn";"Repe";
26710;"57439";"05966004";"Attendorn";"Rieflinghausen";
26711;"57439";"05966004";"Attendorn";"Roscheid";
26706;"57439";"05966004";"Attendorn";"Röllecken";
26712;"57439";"05966004";"Attendorn";"Schnellenberg";
26713;"57439";"05966004";"Attendorn";"Silbecke";
26714;"57439";"05966004";"Attendorn";"St. Claas";
26715;"57439";"05966004";"Attendorn";"Uelhof";
26716;"57439";"05966004";"Attendorn";"Voßsiepen";
26718;"57439";"05966004";"Attendorn";"Wamge";
26719;"57439";"05966004";"Attendorn";"Weltringhausen";
26720;"57439";"05966004";"Attendorn";"Weschede";
26721;"57439";"05966004";"Attendorn";"Weuste";
26722;"57439";"05966004";"Attendorn";"Windhausen";
26717;"57439";"05966004";"Attendorn";"Wörmge";
31431;"57462";"05966024";"Olpe";"Altenkleusheim";
31432;"57462";"05966024";"Olpe";"Apollmicke";
31433;"57462";"05966024";"Olpe";"Bruch";
31434;"57462";"05966024";"Olpe";"Dahl";
31435;"57462";"05966024";"Olpe";"Eichhagen";
31436;"57462";"05966024";"Olpe";"Fahlenscheid";
31437;"57462";"05966024";"Olpe";"Friedrichsthal";
31438;"57462";"05966024";"Olpe";"Griesemert";
31439;"57462";"05966024";"Olpe";"Grube Rhonard";
31440;"57462";"05966024";"Olpe";"Günsen";
31441;"57462";"05966024";"Olpe";"Haardt";
31442;"57462";"05966024";"Olpe";"Hanemicke";
31443;"57462";"05966024";"Olpe";"Hitzendumicke";
31444;"57462";"05966024";"Olpe";"Hof Siele";
31445;"57462";"05966024";"Olpe";"Hohl";
31446;"57462";"05966024";"Olpe";"Howald";
31447;"57462";"05966024";"Olpe";"Hüppcherhammer";
31448;"57462";"05966024";"Olpe";"Kessenhammer";
31449;"57462";"05966024";"Olpe";"Kirchesohl";
31450;"57462";"05966024";"Olpe";"Lütringhausen";
31452;"57462";"05966024";"Olpe";"Mittelneger";
31451;"57462";"05966024";"Olpe";"Möllendick";
31453;"57462";"05966024";"Olpe";"Neuenkleusheim";
31454;"57462";"05966024";"Olpe";"Neuenwald";
31455;"57462";"05966024";"Olpe";"Oberneger";
31456;"57462";"05966024";"Olpe";"Oberveischede";
31457;"57462";"05966024";"Olpe";"Olpe";
31458;"57462";"05966024";"Olpe";"Rehringhausen";
31459;"57462";"05966024";"Olpe";"Rhode";
31460;"57462";"05966024";"Olpe";"Rhonard";
31461;"57462";"05966024";"Olpe";"Ronnewinkel";
31462;"57462";"05966024";"Olpe";"Rosenthal";
31463;"57462";"05966024";"Olpe";"Rüblinghausen";
31464;"57462";"05966024";"Olpe";"Saßmicke";
31465;"57462";"05966024";"Olpe";"Siedenstein";
31466;"57462";"05966024";"Olpe";"Sondern";
31467;"57462";"05966024";"Olpe";"Stachelau";
31468;"57462";"05966024";"Olpe";"Stade";
31469;"57462";"05966024";"Olpe";"Tecklinghausen";
31470;"57462";"05966024";"Olpe";"Thieringhausen";
31471;"57462";"05966024";"Olpe";"Unterneger";
31472;"57462";"05966024";"Olpe";"Waukemicke";
32834;"57482";"05966028";"Wenden";"Altenhof";
32835;"57482";"05966028";"Wenden";"Bebbingen";
32836;"57482";"05966028";"Wenden";"Brün";
32837;"57482";"05966028";"Wenden";"Büchen";
32838;"57482";"05966028";"Wenden";"Döingen";
32839;"57482";"05966028";"Wenden";"Dörnscheid";
32840;"57482";"05966028";"Wenden";"Eichertshof";
32841;"57482";"05966028";"Wenden";"Elben";
32842;"57482";"05966028";"Wenden";"Gerlingen";
32843;"57482";"05966028";"Wenden";"Girkhausen";
32844;"57482";"05966028";"Wenden";"Heid";
32845;"57482";"05966028";"Wenden";"Hillmicke";
32846;"57482";"05966028";"Wenden";"Hoffnung";
32847;"57482";"05966028";"Wenden";"Huppen";
32848;"57482";"05966028";"Wenden";"Hünsborn";
32849;"57482";"05966028";"Wenden";"Löffelberg";
32850;"57482";"05966028";"Wenden";"Möllmicke";
32851;"57482";"05966028";"Wenden";"Ottfingen";
32853;"57482";"05966028";"Wenden";"Rothemühle";
32854;"57482";"05966028";"Wenden";"Rothenborn";
32852;"57482";"05966028";"Wenden";"Römershagen";
32856;"57482";"05966028";"Wenden";"Scheiderwald";
32857;"57482";"05966028";"Wenden";"Schwarzbruch";
32855;"57482";"05966028";"Wenden";"Schönau";
32858;"57482";"05966028";"Wenden";"Trömbach";
32859;"57482";"05966028";"Wenden";"Vahlberg";
32860;"57482";"05966028";"Wenden";"Wenden";
32861;"57482";"05966028";"Wenden";"Wendenerhütte";
32862;"57482";"05966028";"Wenden";"Wilhelmstal";
27722;"57489";"05966008";"Drolshagen";"Alperscheid";
27723;"57489";"05966008";"Drolshagen";"Benolpe";
27724;"57489";"05966008";"Drolshagen";"Berlinghausen";
27725;"57489";"05966008";"Drolshagen";"Beul";
27726;"57489";"05966008";"Drolshagen";"Bleche";
27727;"57489";"05966008";"Drolshagen";"Brachtpe";
27728;"57489";"05966008";"Drolshagen";"Breitehardt";
27729;"57489";"05966008";"Drolshagen";"Brink";
27730;"57489";"05966008";"Drolshagen";"Bruch";
27731;"57489";"05966008";"Drolshagen";"Buchhagen";
27732;"57489";"05966008";"Drolshagen";"Bühren";
27733;"57489";"05966008";"Drolshagen";"Dirkingen";
27734;"57489";"05966008";"Drolshagen";"Drolshagen";
27735;"57489";"05966008";"Drolshagen";"Dumicke";
27736;"57489";"05966008";"Drolshagen";"Eichen";
27779;"57489";"05966008";"Drolshagen";"Eichenermühle";
27737;"57489";"05966008";"Drolshagen";"Eltge";
27738;"57489";"05966008";"Drolshagen";"Essinghausen";
27739;"57489";"05966008";"Drolshagen";"Fahrenschotten";
27740;"57489";"05966008";"Drolshagen";"Feldmannshof";
27741;"57489";"05966008";"Drolshagen";"Fohrt";
27742;"57489";"05966008";"Drolshagen";"Frenkhausen";
27743;"57489";"05966008";"Drolshagen";"Frenkhauserhöh";
27744;"57489";"05966008";"Drolshagen";"Gelslingen";
27745;"57489";"05966008";"Drolshagen";"Germinghausen";
27746;"57489";"05966008";"Drolshagen";"Gipperich";
27747;"57489";"05966008";"Drolshagen";"Grünenthal";
27748;"57489";"05966008";"Drolshagen";"Halbhusten";
27749;"57489";"05966008";"Drolshagen";"Hammerteich";
27750;"57489";"05966008";"Drolshagen";"Heiderhof";
27751;"57489";"05966008";"Drolshagen";"Heimicke";
27752;"57489";"05966008";"Drolshagen";"Herpel";
27753;"57489";"05966008";"Drolshagen";"Hespecke";
27754;"57489";"05966008";"Drolshagen";"Husten";
27755;"57489";"05966008";"Drolshagen";"Hustert";
27756;"57489";"05966008";"Drolshagen";"Hützemert";
27757;"57489";"05966008";"Drolshagen";"Iseringhausen";
27758;"57489";"05966008";"Drolshagen";"Junkernhöh";
27760;"57489";"05966008";"Drolshagen";"Kalberschnacke";
27761;"57489";"05966008";"Drolshagen";"Kram";
27759;"57489";"05966008";"Drolshagen";"Köbbinghausen";
27762;"57489";"05966008";"Drolshagen";"Lüdespert";
27763;"57489";"05966008";"Drolshagen";"Neuenhaus";
27764;"57489";"05966008";"Drolshagen";"Potzenhof";
27766;"57489";"05966008";"Drolshagen";"Scheda";
27767;"57489";"05966008";"Drolshagen";"Schlade";
27768;"57489";"05966008";"Drolshagen";"Schlenke";
27769;"57489";"05966008";"Drolshagen";"Schreibershof";
27770;"57489";"05966008";"Drolshagen";"Schürholz";
27771;"57489";"05966008";"Drolshagen";"Schützenbruch";
27772;"57489";"05966008";"Drolshagen";"Sendschotten";
27773;"57489";"05966008";"Drolshagen";"Siebringhausen";
27774;"57489";"05966008";"Drolshagen";"Stupperhof";
27775;"57489";"05966008";"Drolshagen";"Wegeringhausen";
27776;"57489";"05966008";"Drolshagen";"Wenkhausen";
27777;"57489";"05966008";"Drolshagen";"Wintersohl";
27778;"57489";"05966008";"Drolshagen";"Wormberg";
27765;"57489";"05966008";"Drolshagen";"Öhringhausen";
28767;"58089";"05914000";"Hagen";"Altenhagen";
28771;"58089";"05914000";"Hagen";"Boele";
28781;"58089";"05914000";"Hagen";"Haspe";
28791;"58089";"05914000";"Hagen";"Mittelstadt";
28796;"58089";"05914000";"Hagen";"Vorhalle";
28797;"58089";"05914000";"Hagen";"Wehringhausen";
28775;"58091";"05914000";"Hagen";"Dahl";
28776;"58091";"05914000";"Hagen";"Eilpe";
28778;"58091";"05914000";"Hagen";"Emst";
28792;"58091";"05914000";"Hagen";"Mittelstadt";
28800;"58091";"05914000";"Hagen";"Stadt Breckerfeld";
28798;"58091";"05914000";"Hagen";"Wehringhausen";
28769;"58093";"05914000";"Hagen";"Berchum";
28772;"58093";"05914000";"Hagen";"Boele";
28777;"58093";"05914000";"Hagen";"Eilpe";
28779;"58093";"05914000";"Hagen";"Emst";
28783;"58093";"05914000";"Hagen";"Hochschulviertel";
28786;"58093";"05914000";"Hagen";"Hohenlimburg";
28789;"58093";"05914000";"Hagen";"Lennetal";
28793;"58093";"05914000";"Hagen";"Mittelstadt";
28784;"58095";"05914000";"Hagen";"Hochschulviertel";
28794;"58095";"05914000";"Hagen";"Mittelstadt";
28799;"58095";"05914000";"Hagen";"Wehringhausen";
28768;"58097";"05914000";"Hagen";"Altenhagen";
28773;"58097";"05914000";"Hagen";"Boele";
28785;"58097";"05914000";"Hagen";"Hochschulviertel";
28801;"58097";"05914000";"Hagen";"Ischeland";
28795;"58097";"05914000";"Hagen";"Mittelstadt";
28770;"58099";"05914000";"Hagen";"Berchum";
28774;"58099";"05914000";"Hagen";"Boele";
28780;"58099";"05914000";"Hagen";"Garenfeld";
28787;"58099";"05914000";"Hagen";"Hohenlimburg";
28790;"58099";"05914000";"Hagen";"Lennetal";
28788;"58119";"05914000";"Hagen";"Hohenlimburg";
28782;"58135";"05914000";"Hagen";"Haspe";
32212;"58239";"05978028";"Schwerte";"Ergste";
32213;"58239";"05978028";"Schwerte";"Geisecke";
32214;"58239";"05978028";"Schwerte";"Holzen";
32215;"58239";"05978028";"Schwerte";"Lichtendorf";
32216;"58239";"05978028";"Schwerte";"Schwerte";
32220;"58239";"05978028";"Schwerte";"Stadt Hagen";
32217;"58239";"05978028";"Schwerte";"Villigst";
32218;"58239";"05978028";"Schwerte";"Wandhofen";
32219;"58239";"05978028";"Schwerte";"Westhofen";
28132;"58256";"05954008";"Ennepetal";"Altenvoerde";
28133;"58256";"05954008";"Ennepetal";"Bilstein";
28134;"58256";"05954008";"Ennepetal";"Breckerfeld";
28135;"58256";"05954008";"Ennepetal";"Burg";
28136;"58256";"05954008";"Ennepetal";"Bülbringen";
28137;"58256";"05954008";"Ennepetal";"Büttenberg";
28138;"58256";"05954008";"Ennepetal";"Ennepetal";
28139;"58256";"05954008";"Ennepetal";"Hasperbach";
28140;"58256";"05954008";"Ennepetal";"Heide";
28141;"58256";"05954008";"Ennepetal";"Herminghausen";
28142;"58256";"05954008";"Ennepetal";"Hillringhausen";
28143;"58256";"05954008";"Ennepetal";"Homberge";
28144;"58256";"05954008";"Ennepetal";"Königsfeld";
28145;"58256";"05954008";"Ennepetal";"Milspe";
28146;"58256";"05954008";"Ennepetal";"Mühlinghausen";
28147;"58256";"05954008";"Ennepetal";"Oberbauer";
28148;"58256";"05954008";"Ennepetal";"Oberholthausen";
28149;"58256";"05954008";"Ennepetal";"Oelkinghausen";
28150;"58256";"05954008";"Ennepetal";"Peddenöde";
28151;"58256";"05954008";"Ennepetal";"Rüggeberg";
28152;"58256";"05954008";"Ennepetal";"Saale";
28153;"58256";"05954008";"Ennepetal";"Schwelm";
28154;"58256";"05954008";"Ennepetal";"Siedlung Heide";
28158;"58256";"05954008";"Ennepetal";"Stadt Hagen";
28155;"58256";"05954008";"Ennepetal";"Verneis";
28156;"58256";"05954008";"Ennepetal";"Voerde";
28157;"58256";"05954008";"Ennepetal";"Wolfshövel";
28608;"58285";"05954012";"Gevelsberg";"Asbeck";
28609;"58285";"05954012";"Gevelsberg";"Berge";
28610;"58285";"05954012";"Gevelsberg";"Gevelsberg";
28611;"58285";"05954012";"Gevelsberg";"Silschede";
32923;"58300";"05954032";"Wetter (Ruhr)";"Alt-Wetter";
32924;"58300";"05954032";"Wetter (Ruhr)";"Esborn";
32925;"58300";"05954032";"Wetter (Ruhr)";"Volmarstein";
32926;"58300";"05954032";"Wetter (Ruhr)";"Wengern";
29102;"58313";"05954020";"Herdecke";"Ahlenberg";
29100;"58313";"05954020";"Herdecke";"Ende";
29101;"58313";"05954020";"Herdecke";"Herdecke";
27394;"58339";"05954004";"Breckerfeld";"Branten";
27395;"58339";"05954004";"Breckerfeld";"Breckerfeld";
27396;"58339";"05954004";"Breckerfeld";"Delle";
27397;"58339";"05954004";"Breckerfeld";"Ehringhausen";
27398;"58339";"05954004";"Breckerfeld";"Epscheid";
27399;"58339";"05954004";"Breckerfeld";"Zurstraße";
33107;"58452";"05954036";"Witten";"Bommern";
33109;"58452";"05954036";"Witten";"Herbede";
33113;"58452";"05954036";"Witten";"Mitte";
33104;"58453";"05954036";"Witten";"Annen";
33114;"58453";"05954036";"Witten";"Mitte";
33116;"58453";"05954036";"Witten";"Rüdinghausen";
33105;"58454";"05954036";"Witten";"Annen";
33108;"58454";"05954036";"Witten";"Düren";
33117;"58454";"05954036";"Witten";"Rüdinghausen";
33118;"58454";"05954036";"Witten";"Stockum";
33106;"58455";"05954036";"Witten";"Annen";
33111;"58455";"05954036";"Witten";"Heven";
33115;"58455";"05954036";"Witten";"Mitte";
33110;"58456";"05954036";"Witten";"Herbede";
33112;"58456";"05954036";"Witten";"Heven";
30274;"58507";"05962032";"Lüdenscheid";"Gevelndorf";
30278;"58507";"05962032";"Lüdenscheid";"Lüdenscheid";
30286;"58507";"05962032";"Lüdenscheid";"Wehberg";
30279;"58509";"05962032";"Lüdenscheid";"Lüdenscheid";
30280;"58511";"05962032";"Lüdenscheid";"Lüdenscheid";
30290;"58511";"05962032";"Lüdenscheid";"Vogelberg";
30269;"58513";"05962032";"Lüdenscheid";"Brüninghausen";
30271;"58513";"05962032";"Lüdenscheid";"Dickenberg";
30272;"58513";"05962032";"Lüdenscheid";"Eggenscheid";
30273;"58513";"05962032";"Lüdenscheid";"Freisenberg";
30275;"58513";"05962032";"Lüdenscheid";"Gevelndorf";
30277;"58513";"05962032";"Lüdenscheid";"Leifringhausen";
30281;"58513";"05962032";"Lüdenscheid";"Lüdenscheid";
30283;"58513";"05962032";"Lüdenscheid";"Oberrahmede";
30285;"58513";"05962032";"Lüdenscheid";"Rathmecke";
30287;"58513";"05962032";"Lüdenscheid";"Wehberg";
30288;"58513";"05962032";"Lüdenscheid";"Wettringhof";
30267;"58515";"05962032";"Lüdenscheid";"Bierbaum";
30268;"58515";"05962032";"Lüdenscheid";"Brügge";
30270;"58515";"05962032";"Lüdenscheid";"Brüninghausen";
30291;"58515";"05962032";"Lüdenscheid";"Gemeinde Schalksmühle";
30276;"58515";"05962032";"Lüdenscheid";"Hellersen";
30282;"58515";"05962032";"Lüdenscheid";"Lüdenscheid";
30284;"58515";"05962032";"Lüdenscheid";"Piepersloh";
30289;"58515";"05962032";"Lüdenscheid";"Stadt Kierspe";
30489;"58540";"05962036";"Meinerzhagen";"Meinerzhagen";
30490;"58540";"05962036";"Meinerzhagen";"Valbert";
28822;"58553";"05962012";"Halver";"Anschlag";
28823;"58553";"05962012";"Halver";"Buschhausen";
28824;"58553";"05962012";"Halver";"Carthausen";
28832;"58553";"05962012";"Halver";"Gemeinde Breckerfeld";
28825;"58553";"05962012";"Halver";"Grünenbaum";
28826;"58553";"05962012";"Halver";"Halver";
28827;"58553";"05962012";"Halver";"Heesfeld";
28828;"58553";"05962012";"Halver";"Oberbrügge";
28829;"58553";"05962012";"Halver";"Schwenke";
28831;"58553";"05962012";"Halver";"Stadt Wipperfürth";
28830;"58553";"05962012";"Halver";"Stadtkern";
29555;"58566";"05962028";"Kierspe";"Bollwerk";
29556;"58566";"05962028";"Kierspe";"Grünenbaum";
29557;"58566";"05962028";"Kierspe";"Höckinghausen";
29563;"58566";"05962028";"Kierspe";"Kierspe";
29558;"58566";"05962028";"Kierspe";"Kierspe Bahnhof";
29559;"58566";"05962028";"Kierspe";"Kierspe Dorf";
29564;"58566";"05962028";"Kierspe";"Kierspe-Dorf";
29560;"58566";"05962028";"Kierspe";"Neuenhaus";
29561;"58566";"05962028";"Kierspe";"Rönsahl";
29562;"58566";"05962028";"Kierspe";"Vollme";
32052;"58579";"05962056";"Schalksmühle";"Dahlerbrück";
32053;"58579";"05962056";"Schalksmühle";"Heedfeld";
32054;"58579";"05962056";"Schalksmühle";"Hülscheid";
32055;"58579";"05962056";"Schalksmühle";"Klagebach";
32056;"58579";"05962056";"Schalksmühle";"Reeswinkel";
32057;"58579";"05962056";"Schalksmühle";"Rotthausen";
32058;"58579";"05962056";"Schalksmühle";"Schalksmühle";
32059;"58579";"05962056";"Schalksmühle";"Stallhaus";
32060;"58579";"05962056";"Schalksmühle";"Strücken";
32061;"58579";"05962056";"Schalksmühle";"Winkeln";
29340;"58636";"05962024";"Iserlohn";"Bilveringsen";
29350;"58636";"05962024";"Iserlohn";"Düingsen";
29355;"58636";"05962024";"Iserlohn";"Hemberg";
29358;"58636";"05962024";"Iserlohn";"Iserlohnerheide";
29364;"58636";"05962024";"Iserlohn";"Löbbeckenkopf";
29382;"58636";"05962024";"Iserlohn";"Wermingsen";
29368;"58636";"05962024";"Iserlohn";"Zentrum";
29341;"58638";"05962024";"Iserlohn";"Bremke";
29344;"58638";"05962024";"Iserlohn";"Dröschede";
29347;"58638";"05962024";"Iserlohn";"Dröschederfeld";
29342;"58638";"05962024";"Iserlohn";"Dördel";
29351;"58638";"05962024";"Iserlohn";"Gerlingsen";
29357;"58638";"05962024";"Iserlohn";"Hombruch";
29359;"58638";"05962024";"Iserlohn";"Iserlohnerheide";
29363;"58638";"05962024";"Iserlohn";"Kuhlo";
29371;"58638";"05962024";"Iserlohn";"Nußberg";
29369;"58638";"05962024";"Iserlohn";"Zentrum";
29339;"58640";"05962024";"Iserlohn";"Barendorf";
29349;"58640";"05962024";"Iserlohn";"Drüpplingsen";
29352;"58640";"05962024";"Iserlohn";"Griesenbrauck";
29356;"58640";"05962024";"Iserlohn";"Hennen";
29360;"58640";"05962024";"Iserlohn";"Iserlohnerheide";
29361;"58640";"05962024";"Iserlohn";"Kalthof";
29375;"58640";"05962024";"Iserlohn";"Refflingsen";
29376;"58640";"05962024";"Iserlohn";"Rheinen";
29377;"58640";"05962024";"Iserlohn";"Rheinermark";
29380;"58640";"05962024";"Iserlohn";"Sümmern";
29345;"58642";"05962024";"Iserlohn";"Dröschede";
29353;"58642";"05962024";"Iserlohn";"Grüne";
29354;"58642";"05962024";"Iserlohn";"Grürmannsheide";
29366;"58642";"05962024";"Iserlohn";"Lasbeck";
29367;"58642";"05962024";"Iserlohn";"Letmathe";
29373;"58642";"05962024";"Iserlohn";"Oestrich";
29379;"58642";"05962024";"Iserlohn";"Stübbeken";
29338;"58644";"05962024";"Iserlohn";"Attern";
29343;"58644";"05962024";"Iserlohn";"Dahlsen";
29346;"58644";"05962024";"Iserlohn";"Dröschede";
29348;"58644";"05962024";"Iserlohn";"Dröschederfeld";
29383;"58644";"05962024";"Iserlohn";"Hegenscheid";
29362;"58644";"05962024";"Iserlohn";"Kesbern";
29365;"58644";"05962024";"Iserlohn";"Lössel";
29372;"58644";"05962024";"Iserlohn";"Obergrüne";
29374;"58644";"05962024";"Iserlohn";"Oestrich";
29378;"58644";"05962024";"Iserlohn";"Roden";
29381;"58644";"05962024";"Iserlohn";"Untergrüne";
29384;"58644";"05962024";"Iserlohn";"Voßwinkel";
29385;"58644";"05962024";"Iserlohn";"Wixberg";
29370;"58644";"05962024";"Iserlohn";"Zentrum";
28993;"58675";"05962016";"Hemer";"Apricke";
28994;"58675";"05962016";"Hemer";"Becke";
28995;"58675";"05962016";"Hemer";"Bredenbruch";
28996;"58675";"05962016";"Hemer";"Brockhausen";
28997;"58675";"05962016";"Hemer";"Deilinghofen";
28998;"58675";"05962016";"Hemer";"Frönsberg";
28999;"58675";"05962016";"Hemer";"Hemer";
29000;"58675";"05962016";"Hemer";"Ihmert";
29001;"58675";"05962016";"Hemer";"Landhausen";
29002;"58675";"05962016";"Hemer";"Riemke";
29003;"58675";"05962016";"Hemer";"Stephanopel";
29004;"58675";"05962016";"Hemer";"Stübecken";
29005;"58675";"05962016";"Hemer";"Sundwig";
29006;"58675";"05962016";"Hemer";"Westig";
30493;"58706";"05962040";"Menden (Sauerland)";"Bösperde";
30502;"58706";"05962040";"Menden (Sauerland)";"Mitte";
30491;"58708";"05962040";"Menden (Sauerland)";"Asbeck";
30495;"58708";"05962040";"Menden (Sauerland)";"Barge";
30496;"58708";"05962040";"Menden (Sauerland)";"Brockhausen";
30492;"58708";"05962040";"Menden (Sauerland)";"Böingsen";
30494;"58708";"05962040";"Menden (Sauerland)";"Bösperde";
30497;"58708";"05962040";"Menden (Sauerland)";"Halingen";
30499;"58708";"05962040";"Menden (Sauerland)";"Lendringsen";
30501;"58708";"05962040";"Menden (Sauerland)";"Lürbke";
30503;"58708";"05962040";"Menden (Sauerland)";"Mitte";
30504;"58708";"05962040";"Menden (Sauerland)";"Oesbern";
30506;"58708";"05962040";"Menden (Sauerland)";"Ostsümmern";
30507;"58708";"05962040";"Menden (Sauerland)";"Platte Heide";
30508;"58708";"05962040";"Menden (Sauerland)";"Schwitten";
30509;"58708";"05962040";"Menden (Sauerland)";"Stadt Balve";
30498;"58710";"05962040";"Menden (Sauerland)";"Hüingsen";
30500;"58710";"05962040";"Menden (Sauerland)";"Lendringsen";
30505;"58710";"05962040";"Menden (Sauerland)";"Oberrödinghausen";
28503;"58730";"05978012";"Fröndenberg/Ruhr";"Altendorf";
28504;"58730";"05978012";"Fröndenberg/Ruhr";"Ardey";
28505;"58730";"05978012";"Fröndenberg/Ruhr";"Bausenhagen";
28506;"58730";"05978012";"Fröndenberg/Ruhr";"Bentrop";
28507;"58730";"05978012";"Fröndenberg/Ruhr";"Dellwig";
28510;"58730";"05978012";"Fröndenberg/Ruhr";"Frohnhausen";
28508;"58730";"05978012";"Fröndenberg/Ruhr";"Frömern";
28509;"58730";"05978012";"Fröndenberg/Ruhr";"Fröndenberg";
28511;"58730";"05978012";"Fröndenberg/Ruhr";"Hohenheide";
28512;"58730";"05978012";"Fröndenberg/Ruhr";"Langschede";
28513;"58730";"05978012";"Fröndenberg/Ruhr";"Neimen";
28514;"58730";"05978012";"Fröndenberg/Ruhr";"Ostbüren";
28515;"58730";"05978012";"Fröndenberg/Ruhr";"Stentrop";
28516;"58730";"05978012";"Fröndenberg/Ruhr";"Strickherdicke";
28517;"58730";"05978012";"Fröndenberg/Ruhr";"Warmen";
32927;"58739";"05974056";"Wickede (Ruhr)";"Echthausen";
32928;"58739";"05974056";"Wickede (Ruhr)";"Schlückingen";
32929;"58739";"05974056";"Wickede (Ruhr)";"Wickede";
32930;"58739";"05974056";"Wickede (Ruhr)";"Wiehagen";
32931;"58739";"05974056";"Wickede (Ruhr)";"Wimbern";
26626;"58762";"05962004";"Altena";"Altena";
26628;"58762";"05962004";"Altena";"Dahle";
26629;"58762";"05962004";"Altena";"Evingsen";
26627;"58762";"05962004";"Altena";"Rahmede";
31004;"58769";"05962044";"Nachrodt-Wiblingwerde";"Einsal";
31005;"58769";"05962044";"Nachrodt-Wiblingwerde";"Helbecke-Opperhusen";
31006;"58769";"05962044";"Nachrodt-Wiblingwerde";"Nachrodt";
31010;"58769";"05962044";"Nachrodt-Wiblingwerde";"Obstfeld-Langenstück";
31009;"58769";"05962044";"Nachrodt-Wiblingwerde";"Obstfelder Stall-Schmalsgotte";
31007;"58769";"05962044";"Nachrodt-Wiblingwerde";"Veserde";
31008;"58769";"05962044";"Nachrodt-Wiblingwerde";"Wiblingwerde";
32864;"58791";"05962060";"Werdohl";"Bärenstein";
32865;"58791";"05962060";"Werdohl";"Elverlingsen";
32866;"58791";"05962060";"Werdohl";"Eveking";
32867;"58791";"05962060";"Werdohl";"Kettling";
32868;"58791";"05962060";"Werdohl";"Kleinhammer";
32869;"58791";"05962060";"Werdohl";"Pungelscheid";
32870;"58791";"05962060";"Werdohl";"Werdohl";
32863;"58791";"05962060";"Werdohl";"Ütterlingsen";
26895;"58802";"05962008";"Balve";"Balve";
26896;"58802";"05962008";"Balve";"Beckum";
26897;"58802";"05962008";"Balve";"Eisborn";
26898;"58802";"05962008";"Balve";"Garbeck";
26899;"58802";"05962008";"Balve";"Langenholthausen";
26900;"58802";"05962008";"Balve";"Mellen";
26901;"58802";"05962008";"Balve";"Volkringhausen";
31051;"58809";"05962048";"Neuenrade";"Affeln";
31052;"58809";"05962048";"Neuenrade";"Altenaffeln";
31053;"58809";"05962048";"Neuenrade";"Blintrop";
31054;"58809";"05962048";"Neuenrade";"Küntrop";
31055;"58809";"05962048";"Neuenrade";"Neuenrade";
31056;"58809";"05962048";"Neuenrade";"Stadt Balve";
31547;"58840";"05962052";"Plettenberg";"Böddinghausen";
31548;"58840";"05962052";"Plettenberg";"Dingeringhausen";
31549;"58840";"05962052";"Plettenberg";"Eiringhausen";
31562;"58840";"05962052";"Plettenberg";"Gemeinde Herscheid";
31550;"58840";"05962052";"Plettenberg";"Himmelmert";
31551;"58840";"05962052";"Plettenberg";"Holthausen";
31552;"58840";"05962052";"Plettenberg";"Keuperkusen";
31553;"58840";"05962052";"Plettenberg";"Kückelheim";
31554;"58840";"05962052";"Plettenberg";"Landemert";
31555;"58840";"05962052";"Plettenberg";"Lettmecke";
31556;"58840";"05962052";"Plettenberg";"Mühlhoff";
31557;"58840";"05962052";"Plettenberg";"Oesterau";
31558;"58840";"05962052";"Plettenberg";"Ohle";
31559;"58840";"05962052";"Plettenberg";"Pasel";
31560;"58840";"05962052";"Plettenberg";"Plettenberg";
31561;"58840";"05962052";"Plettenberg";"Siesel";
29153;"58849";"05962020";"Herscheid";"Friedlin";
29156;"58849";"05962020";"Herscheid";"Gemeinde Plettenberg";
29154;"58849";"05962020";"Herscheid";"Herscheid";
29155;"58849";"05962020";"Herscheid";"Hüinghausen";
28834;"59063";"05915000";"Hamm";"Berge";
28851;"59063";"05915000";"Hamm";"Hamm-Mitte";
28848;"59063";"05915000";"Hamm";"Lohauserholz";
28862;"59063";"05915000";"Hamm";"Rhynern";
28875;"59063";"05915000";"Hamm";"Westtünnen";
28852;"59065";"05915000";"Hamm";"Hamm-Mitte";
28855;"59065";"05915000";"Hamm";"Hamm-Norden";
28839;"59067";"05915000";"Hamm";"Daberg";
28853;"59067";"05915000";"Hamm";"Hamm-Mitte";
28873;"59067";"05915000";"Hamm";"Hamm-Westen";
28845;"59067";"05915000";"Hamm";"Herringen";
28849;"59067";"05915000";"Hamm";"Lohauserholz";
28860;"59067";"05915000";"Hamm";"Pelkum";
28877;"59067";"05915000";"Hamm";"Wiescherhöfen";
28833;"59069";"05915000";"Hamm";"Allen";
28835;"59069";"05915000";"Hamm";"Berge";
28840;"59069";"05915000";"Hamm";"Freiske";
28858;"59069";"05915000";"Hamm";"Osterflierich";
28859;"59069";"05915000";"Hamm";"Osttünnen";
28863;"59069";"05915000";"Hamm";"Rhynern";
28866;"59069";"05915000";"Hamm";"Süddinker";
28869;"59069";"05915000";"Hamm";"Wambeln";
28870;"59069";"05915000";"Hamm";"Weetfeld";
28876;"59069";"05915000";"Hamm";"Westtünnen";
28838;"59071";"05915000";"Hamm";"Braam-Ostwennemar";
28841;"59071";"05915000";"Hamm";"Frielinghausen";
28842;"59071";"05915000";"Hamm";"Haaren";
28857;"59071";"05915000";"Hamm";"Hamm-Osten";
28850;"59071";"05915000";"Hamm";"Mark";
28854;"59071";"05915000";"Hamm";"Norddinker";
28865;"59071";"05915000";"Hamm";"Schmehausen";
28867;"59071";"05915000";"Hamm";"Uentrop";
28868;"59071";"05915000";"Hamm";"Vöckinghausen";
28872;"59071";"05915000";"Hamm";"Werries";
28836;"59073";"05915000";"Hamm";"Bockum-Hövel";
28856;"59073";"05915000";"Hamm";"Hamm-Norden";
28843;"59073";"05915000";"Hamm";"Heessen";
28837;"59075";"05915000";"Hamm";"Bockum-Hövel";
28844;"59075";"05915000";"Hamm";"Heessen";
28874;"59077";"05915000";"Hamm";"Hamm-Westen";
28846;"59077";"05915000";"Hamm";"Herringen";
28847;"59077";"05915000";"Hamm";"Lerche";
28861;"59077";"05915000";"Hamm";"Pelkum";
28864;"59077";"05915000";"Hamm";"Sandbochum";
28871;"59077";"05915000";"Hamm";"Weetfeld";
28878;"59077";"05915000";"Hamm";"Wiescherhöfen";
29507;"59174";"05978020";"Kamen";"Derne";
29508;"59174";"05978020";"Kamen";"Heeren-Werve";
29510;"59174";"05978020";"Kamen";"Kamen-Mitte";
29509;"59174";"05978020";"Kamen";"Methler";
29511;"59174";"05978020";"Kamen";"Rottum";
29512;"59174";"05978020";"Kamen";"Südkamen";
26986;"59192";"05978004";"Bergkamen";"Heil";
26987;"59192";"05978004";"Bergkamen";"Mitte";
26988;"59192";"05978004";"Bergkamen";"Oberaden";
26989;"59192";"05978004";"Bergkamen";"Overberge";
26990;"59192";"05978004";"Bergkamen";"Rünthe";
26991;"59192";"05978004";"Bergkamen";"Weddinghofen";
27202;"59199";"05978008";"Bönen";"Altenbögge";
27197;"59199";"05978008";"Bönen";"Bramey-Lenningsen";
27196;"59199";"05978008";"Bönen";"Bönen";
27198;"59199";"05978008";"Bönen";"Flierich";
27199;"59199";"05978008";"Bönen";"Nordbögge";
27200;"59199";"05978008";"Bönen";"Osterbönen";
27201;"59199";"05978008";"Bönen";"Westerbönen";
26583;"59227";"05570004";"Ahlen";"Außenbereich";
26586;"59227";"05570004";"Ahlen";"Innenstadt";
26588;"59227";"05570004";"Ahlen";"Tönnishäuschen";
26589;"59227";"05570004";"Ahlen";"Vorhelm";
26584;"59229";"05570004";"Ahlen";"Außenbereich";
26585;"59229";"05570004";"Ahlen";"Dolberg";
26587;"59229";"05570004";"Ahlen";"Innenstadt";
26907;"59269";"05570008";"Beckum";"Beckum";
26911;"59269";"05570008";"Beckum";"Gemeinde Ennigerloh";
26908;"59269";"05570008";"Beckum";"Neubeckum";
26909;"59269";"05570008";"Beckum";"Roland";
26910;"59269";"05570008";"Beckum";"Vellern";
31416;"59302";"05570028";"Oelde";"Lette";
31417;"59302";"05570028";"Oelde";"Oelde";
31418;"59302";"05570028";"Oelde";"Stromberg";
31419;"59302";"05570028";"Oelde";"Sünninghausen";
28159;"59320";"05570020";"Ennigerloh";"Enniger";
28160;"59320";"05570020";"Ennigerloh";"Ennigerloh";
28161;"59320";"05570020";"Ennigerloh";"Ostenfelde";
28162;"59320";"05570020";"Ennigerloh";"Westkirchen";
32638;"59329";"05570048";"Wadersloh";"Diestedde";
32639;"59329";"05570048";"Wadersloh";"Liesborn";
32640;"59329";"05570048";"Wadersloh";"Wadersloh";
30292;"59348";"05558024";"Lüdinghausen";"Lüdinghausen";
30293;"59348";"05558024";"Lüdinghausen";"Seppenrade";
32886;"59368";"05978040";"Werne";"Stockum";
32887;"59368";"05978040";"Werne";"Werne";
32237;"59379";"05978032";"Selm";"Bork";
32238;"59379";"05978032";"Selm";"Cappenberg";
32239;"59379";"05978032";"Selm";"Selm";
26666;"59387";"05558004";"Ascheberg";"Ascheberg";
26667;"59387";"05558004";"Ascheberg";"Davensberg";
26668;"59387";"05558004";"Ascheberg";"Herbern";
31221;"59394";"05558028";"Nordkirchen";"Capelle";
31222;"59394";"05558028";"Nordkirchen";"Nordkirchen";
31223;"59394";"05558028";"Nordkirchen";"Südkirchen";
31429;"59399";"05558036";"Olfen";"Olfen";
31430;"59399";"05558036";"Olfen";"Vinnum";
32528;"59423";"05978036";"Unna";"Uelzen";
32530;"59423";"05978036";"Unna";"Unna";
32514;"59425";"05978036";"Unna";"Afferde";
32515;"59425";"05978036";"Unna";"Alte Heide";
32518;"59425";"05978036";"Unna";"Königsborn";
32521;"59425";"05978036";"Unna";"Massen";
32524;"59425";"05978036";"Unna";"Mühlhausen";
32529;"59425";"05978036";"Unna";"Uelzen";
32531;"59425";"05978036";"Unna";"Unna";
32516;"59427";"05978036";"Unna";"Billmerich";
32517;"59427";"05978036";"Unna";"Hemmerde";
32519;"59427";"05978036";"Unna";"Kessebüren";
32520;"59427";"05978036";"Unna";"Lünern";
32522;"59427";"05978036";"Unna";"Massen";
32523;"59427";"05978036";"Unna";"Massen-Nord";
32525;"59427";"05978036";"Unna";"Mühlhausen";
32526;"59427";"05978036";"Unna";"Siddinghausen";
32527;"59427";"05978036";"Unna";"Stockum";
32532;"59427";"05978036";"Unna";"Unna";
29224;"59439";"05978016";"Holzwickede";"Hengsen";
29225;"59439";"05978016";"Holzwickede";"Holzwickede";
29226;"59439";"05978016";"Holzwickede";"Opherdicke";
32871;"59457";"05974052";"Werl";"Blumenthal";
32872;"59457";"05974052";"Werl";"Budberg";
32873;"59457";"05974052";"Werl";"Büderich";
32874;"59457";"05974052";"Werl";"Hilbeck";
32875;"59457";"05974052";"Werl";"Holtum";
32876;"59457";"05974052";"Werl";"Mawicke";
32877;"59457";"05974052";"Werl";"Niederbergstraße";
32878;"59457";"05974052";"Werl";"Oberbergstraße";
32879;"59457";"05974052";"Werl";"Sönnern";
32880;"59457";"05974052";"Werl";"Werl";
32881;"59457";"05974052";"Werl";"Westönnen";
28163;"59469";"05974012";"Ense";"Bilme";
28164;"59469";"05974012";"Ense";"Bittingen";
28165;"59469";"05974012";"Ense";"Bremen";
28166;"59469";"05974012";"Ense";"Gerlingen";
28167;"59469";"05974012";"Ense";"Höingen";
28168;"59469";"05974012";"Ense";"Hünningen";
28169;"59469";"05974012";"Ense";"Lüttringen";
28170;"59469";"05974012";"Ense";"Niederense";
28171;"59469";"05974012";"Ense";"Oberense";
28172;"59469";"05974012";"Ense";"Parsit";
28173;"59469";"05974012";"Ense";"Ruhne";
28174;"59469";"05974012";"Ense";"Sieveringen";
28175;"59469";"05974012";"Ense";"Vierhausen";
28176;"59469";"05974012";"Ense";"Volbringen";
28177;"59469";"05974012";"Ense";"Waltringen";
32304;"59494";"05974040";"Soest";"Ampen";
32305;"59494";"05974040";"Soest";"Bergede";
32306;"59494";"05974040";"Soest";"Deiringsen";
32307;"59494";"05974040";"Soest";"Enkesen";
32308;"59494";"05974040";"Soest";"Epsingsen";
32310;"59494";"05974040";"Soest";"Hattrop";
32309;"59494";"05974040";"Soest";"Hattropholsen";
32311;"59494";"05974040";"Soest";"Hiddingsen";
32312;"59494";"05974040";"Soest";"Katrop";
32313;"59494";"05974040";"Soest";"Lendringsen";
32314;"59494";"05974040";"Soest";"Meckingsen";
32315;"59494";"05974040";"Soest";"Meiningsen";
32316;"59494";"05974040";"Soest";"Müllingsen";
32317;"59494";"05974040";"Soest";"Ostönnen";
32318;"59494";"05974040";"Soest";"Paradiese";
32320;"59494";"05974040";"Soest";"Ruploh";
32319;"59494";"05974040";"Soest";"Röllingsen";
32321;"59494";"05974040";"Soest";"Soest";
32322;"59494";"05974040";"Soest";"Thöningsen";
26869;"59505";"05974008";"Bad Sassendorf";"Bad Sassendorf";
26870;"59505";"05974008";"Bad Sassendorf";"Bettinghausen";
26871;"59505";"05974008";"Bad Sassendorf";"Beusingsen";
26872;"59505";"05974008";"Bad Sassendorf";"Elfsen";
26873;"59505";"05974008";"Bad Sassendorf";"Enkesen im Klei";
26874;"59505";"05974008";"Bad Sassendorf";"Heppen";
26875;"59505";"05974008";"Bad Sassendorf";"Herringsen";
26876;"59505";"05974008";"Bad Sassendorf";"Lohne";
26877;"59505";"05974008";"Bad Sassendorf";"Neuengeseke";
26878;"59505";"05974008";"Bad Sassendorf";"Opmünden";
26879;"59505";"05974008";"Bad Sassendorf";"Ostinghausen";
26880;"59505";"05974008";"Bad Sassendorf";"Weslarn";
30184;"59510";"05974024";"Lippetal";"Brockhausen";
30185;"59510";"05974024";"Lippetal";"Heintrop";
30186;"59510";"05974024";"Lippetal";"Heintrop-Büninghausen";
30187;"59510";"05974024";"Lippetal";"Herzfeld";
30188;"59510";"05974024";"Lippetal";"Hovestadt";
30189;"59510";"05974024";"Lippetal";"Hultrop";
30190;"59510";"05974024";"Lippetal";"Krewinkel";
30191;"59510";"05974024";"Lippetal";"Lippborg";
30192;"59510";"05974024";"Lippetal";"Niederbauer";
30193;"59510";"05974024";"Lippetal";"Nordwald";
30194;"59510";"05974024";"Lippetal";"Oestinghausen";
30195;"59510";"05974024";"Lippetal";"Schoneberg";
32814;"59514";"05974048";"Welver";"Balksen";
32815;"59514";"05974048";"Welver";"Berwicke";
32816;"59514";"05974048";"Welver";"Blumroth";
32817;"59514";"05974048";"Welver";"Borgeln";
32818;"59514";"05974048";"Welver";"Dinker";
32819;"59514";"05974048";"Welver";"Dorfwelver";
32820;"59514";"05974048";"Welver";"Ehningsen";
32821;"59514";"05974048";"Welver";"Einecke";
32822;"59514";"05974048";"Welver";"Eineckerholsen";
32823;"59514";"05974048";"Welver";"Flerke";
32824;"59514";"05974048";"Welver";"Illingen";
32825;"59514";"05974048";"Welver";"Klotingen";
32826;"59514";"05974048";"Welver";"Merklingsen";
32827;"59514";"05974048";"Welver";"Nateln";
32828;"59514";"05974048";"Welver";"Recklingsen";
32829;"59514";"05974048";"Welver";"Scheidingen";
32830;"59514";"05974048";"Welver";"Schwefe";
32831;"59514";"05974048";"Welver";"Stocklarn";
32832;"59514";"05974048";"Welver";"Vellinghausen-Eilmsen";
32833;"59514";"05974048";"Welver";"Welver";
30592;"59519";"05974032";"Möhnesee";"Berlingsen";
30593;"59519";"05974032";"Möhnesee";"Brüllingsen";
30594;"59519";"05974032";"Möhnesee";"Büecke";
30595;"59519";"05974032";"Möhnesee";"Delecke";
30596;"59519";"05974032";"Möhnesee";"Echtrop";
30597;"59519";"05974032";"Möhnesee";"Ellingsen";
30598;"59519";"05974032";"Möhnesee";"Günne";
30599;"59519";"05974032";"Möhnesee";"Hewingsen";
30600;"59519";"05974032";"Möhnesee";"Körbecke";
30601;"59519";"05974032";"Möhnesee";"Stockum";
30602;"59519";"05974032";"Möhnesee";"Theiningsen";
30603;"59519";"05974032";"Möhnesee";"Völlinghausen";
30604;"59519";"05974032";"Möhnesee";"Wamel";
30605;"59519";"05974032";"Möhnesee";"Westrich";
30606;"59519";"05974032";"Möhnesee";"Wippringsen";
30208;"59555";"05974028";"Lippstadt";"Kernstadt";
30213;"59555";"05974028";"Lippstadt";"Lipperode";
30197;"59556";"05974028";"Lippstadt";"Bad Waldliesborn";
30199;"59556";"05974028";"Lippstadt";"Benninghausen";
30200;"59556";"05974028";"Lippstadt";"Cappel";
30202;"59556";"05974028";"Lippstadt";"Eickelborn";
30206;"59556";"05974028";"Lippstadt";"Hellinghausen";
30207;"59556";"05974028";"Lippstadt";"Herringhausen";
30209;"59556";"05974028";"Lippstadt";"Kernstadt";
30215;"59556";"05974028";"Lippstadt";"Lohe";
30216;"59556";"05974028";"Lippstadt";"Overhagen";
30210;"59557";"05974028";"Lippstadt";"Kernstadt";
30198;"59558";"05974028";"Lippstadt";"Bad Waldliesborn";
30196;"59558";"05974028";"Lippstadt";"Bökenförde";
30201;"59558";"05974028";"Lippstadt";"Dedinghausen";
30203;"59558";"05974028";"Lippstadt";"Esbeck";
30204;"59558";"05974028";"Lippstadt";"Garfeln";
30205;"59558";"05974028";"Lippstadt";"Hörste";
30211;"59558";"05974028";"Lippstadt";"Kernstadt";
30212;"59558";"05974028";"Lippstadt";"Lipperbruch";
30214;"59558";"05974028";"Lippstadt";"Lipperode";
30217;"59558";"05974028";"Lippstadt";"Rebbeke";
30218;"59558";"05974028";"Lippstadt";"Rixbeck";
32739;"59581";"05974044";"Warstein";"Allagen";
32740;"59581";"05974044";"Warstein";"Belecke";
32741;"59581";"05974044";"Warstein";"Hirschberg";
32742;"59581";"05974044";"Warstein";"Mülheim";
32743;"59581";"05974044";"Warstein";"Niederbergheim";
32744;"59581";"05974044";"Warstein";"Sichtigvor";
32745;"59581";"05974044";"Warstein";"Suttrop";
32746;"59581";"05974044";"Warstein";"Waldhausen";
32747;"59581";"05974044";"Warstein";"Warstein";
28599;"59590";"05974020";"Geseke";"Bönninghausen";
28600;"59590";"05974020";"Geseke";"Ehringhausen";
28601;"59590";"05974020";"Geseke";"Eringerfeld";
28602;"59590";"05974020";"Geseke";"Ermsinghausen";
28603;"59590";"05974020";"Geseke";"Geseke";
28604;"59590";"05974020";"Geseke";"Langeneicke";
28606;"59590";"05974020";"Geseke";"Mittelhausen";
28605;"59590";"05974020";"Geseke";"Mönninghausen";
28607;"59590";"05974020";"Geseke";"Störmede";
28250;"59597";"05974016";"Erwitte";"Bad Westernkotten";
28251;"59597";"05974016";"Erwitte";"Berenbrock";
28249;"59597";"05974016";"Erwitte";"Böckum";
28252;"59597";"05974016";"Erwitte";"Ebbinghausen";
28253;"59597";"05974016";"Erwitte";"Eikeloh";
28254;"59597";"05974016";"Erwitte";"Erwitte";
28255;"59597";"05974016";"Erwitte";"Horn-Millinghausen";
28256;"59597";"05974016";"Erwitte";"Merklinghausen-Wiggeringhausen";
28257;"59597";"05974016";"Erwitte";"Norddorf";
28258;"59597";"05974016";"Erwitte";"Schallern";
28259;"59597";"05974016";"Erwitte";"Schmerlecke-Seringhausen";
28260;"59597";"05974016";"Erwitte";"Stirpe";
28261;"59597";"05974016";"Erwitte";"Völlinghausen";
28262;"59597";"05974016";"Erwitte";"Weckinghausen";
31944;"59602";"05974036";"Rüthen";"Altenrüthen";
31945;"59602";"05974036";"Rüthen";"Drewer";
31946;"59602";"05974036";"Rüthen";"Hemmern";
31947;"59602";"05974036";"Rüthen";"Hoinkhausen";
31948;"59602";"05974036";"Rüthen";"Kallenhardt";
31949;"59602";"05974036";"Rüthen";"Kellinghausen";
31950;"59602";"05974036";"Rüthen";"Kneblinghausen";
31951;"59602";"05974036";"Rüthen";"Langenstraße-Heddinghausen";
31952;"59602";"05974036";"Rüthen";"Meiste";
31953;"59602";"05974036";"Rüthen";"Menzel";
31954;"59602";"05974036";"Rüthen";"Nettelstädt";
31955;"59602";"05974036";"Rüthen";"Oestereiden";
31956;"59602";"05974036";"Rüthen";"Rüthen";
31957;"59602";"05974036";"Rüthen";"Weickede";
31958;"59602";"05974036";"Rüthen";"Westereiden";
26633;"59609";"05974004";"Anröchte";"Altengeseke";
26634;"59609";"05974004";"Anröchte";"Altenmellrich";
26635;"59609";"05974004";"Anröchte";"Anröchte";
26636;"59609";"05974004";"Anröchte";"Berge";
26637;"59609";"05974004";"Anröchte";"Effeln";
26638;"59609";"05974004";"Anröchte";"Klieve";
26639;"59609";"05974004";"Anröchte";"Mellrich";
26640;"59609";"05974004";"Anröchte";"Robringhausen";
26641;"59609";"05974004";"Anröchte";"Uelde";
26642;"59609";"05974004";"Anröchte";"Waltringhausen";
26656;"59755";"05958004";"Arnsberg";"Moosfelde";
26653;"59755";"05958004";"Arnsberg";"Neheim-Hüsten";
26643;"59757";"05958004";"Arnsberg";"Arnsberg";
26646;"59757";"05958004";"Arnsberg";"Bachum";
26647;"59757";"05958004";"Arnsberg";"Bergheim";
26650;"59757";"05958004";"Arnsberg";"Herdringen";
26652;"59757";"05958004";"Arnsberg";"Holzen";
26657;"59757";"05958004";"Arnsberg";"Müschede";
26654;"59757";"05958004";"Arnsberg";"Neheim-Hüsten";
26664;"59757";"05958004";"Arnsberg";"Voßwinkel";
26649;"59759";"05958004";"Arnsberg";"Bruchhausen";
26651;"59759";"05958004";"Arnsberg";"Herdringen";
26655;"59759";"05958004";"Arnsberg";"Neheim-Hüsten";
26658;"59759";"05958004";"Arnsberg";"Niedereimer";
26644;"59821";"05958004";"Arnsberg";"Arnsberg";
26659;"59821";"05958004";"Arnsberg";"Niedereimer";
26665;"59821";"05958004";"Arnsberg";"Wennigloh";
26645;"59823";"05958004";"Arnsberg";"Arnsberg";
26648;"59823";"05958004";"Arnsberg";"Breitenbruch";
26660;"59823";"05958004";"Arnsberg";"Niedereimer";
26661;"59823";"05958004";"Arnsberg";"Oeventrop";
26662;"59823";"05958004";"Arnsberg";"Rumbeck";
26663;"59823";"05958004";"Arnsberg";"Uentrop";
32436;"59846";"05958044";"Sundern (Sauerland)";"Allendorf";
32437;"59846";"05958044";"Sundern (Sauerland)";"Altenhellefeld";
32438;"59846";"05958044";"Sundern (Sauerland)";"Amecke";
32439;"59846";"05958044";"Sundern (Sauerland)";"Endorf";
32440;"59846";"05958044";"Sundern (Sauerland)";"Enkhausen";
32442;"59846";"05958044";"Sundern (Sauerland)";"Hachen";
32443;"59846";"05958044";"Sundern (Sauerland)";"Hagen";
32444;"59846";"05958044";"Sundern (Sauerland)";"Hellefeld";
32441;"59846";"05958044";"Sundern (Sauerland)";"Hövel";
32445;"59846";"05958044";"Sundern (Sauerland)";"Langscheid";
32446;"59846";"05958044";"Sundern (Sauerland)";"Linnepe";
32447;"59846";"05958044";"Sundern (Sauerland)";"Meinkenbracht";
32448;"59846";"05958044";"Sundern (Sauerland)";"Recklinghausen";
32449;"59846";"05958044";"Sundern (Sauerland)";"Stemel";
32450;"59846";"05958044";"Sundern (Sauerland)";"Stockum";
32451;"59846";"05958044";"Sundern (Sauerland)";"Sundern";
32452;"59846";"05958044";"Sundern (Sauerland)";"Westenfeld";
30514;"59872";"05958032";"Meschede";"Baldeborn";
30515;"59872";"05958032";"Meschede";"Berge";
30516;"59872";"05958032";"Meschede";"Beringhausen";
30517;"59872";"05958032";"Meschede";"Blüggelscheidt";
30518;"59872";"05958032";"Meschede";"Bonacker";
30519;"59872";"05958032";"Meschede";"Brumlingsen";
30520;"59872";"05958032";"Meschede";"Calle";
30521;"59872";"05958032";"Meschede";"Drasenbeck";
30522;"59872";"05958032";"Meschede";"Einhaus";
30523;"59872";"05958032";"Meschede";"Enkhausen";
30524;"59872";"05958032";"Meschede";"Enste";
30525;"59872";"05958032";"Meschede";"Erflinghausen";
30526;"59872";"05958032";"Meschede";"Eversberg";
30527;"59872";"05958032";"Meschede";"Freienohl";
30528;"59872";"05958032";"Meschede";"Frenkhausen";
30529;"59872";"05958032";"Meschede";"Frielinghausen";
30530;"59872";"05958032";"Meschede";"Galiläa";
30531;"59872";"05958032";"Meschede";"Grevenstein";
30533;"59872";"05958032";"Meschede";"Heggen";
30534;"59872";"05958032";"Meschede";"Heinrichsthal";
30535;"59872";"05958032";"Meschede";"Horbach";
30532;"59872";"05958032";"Meschede";"Höringhausen";
30536;"59872";"05958032";"Meschede";"Immenhausen";
30539;"59872";"05958032";"Meschede";"Klause";
30540;"59872";"05958032";"Meschede";"Kotthof";
30537;"59872";"05958032";"Meschede";"Köpperkopf";
30538;"59872";"05958032";"Meschede";"Köttinghausen";
30543;"59872";"05958032";"Meschede";"Laer";
30541;"59872";"05958032";"Meschede";"Löllinghausen";
30542;"59872";"05958032";"Meschede";"Löttmaringhausen";
30544;"59872";"05958032";"Meschede";"Meschede";
30545;"59872";"05958032";"Meschede";"Mielinghausen";
30546;"59872";"05958032";"Meschede";"Mosebolle";
30547;"59872";"05958032";"Meschede";"Mülsborn";
30548;"59872";"05958032";"Meschede";"Obermielinghausen";
30549;"59872";"05958032";"Meschede";"Olpe";
30550;"59872";"05958032";"Meschede";"Remblinghausen";
30551;"59872";"05958032";"Meschede";"Schederberge";
30552;"59872";"05958032";"Meschede";"Schüren";
30553;"59872";"05958032";"Meschede";"Stockhausen";
30554;"59872";"05958032";"Meschede";"Vellinghausen";
30555;"59872";"05958032";"Meschede";"Visbeck";
30556;"59872";"05958032";"Meschede";"Wallen";
30557;"59872";"05958032";"Meschede";"Wehrstapel";
30558;"59872";"05958032";"Meschede";"Wennemen";
30559;"59872";"05958032";"Meschede";"Windhäuser";
30560;"59872";"05958032";"Meschede";"Wulstern";
28287;"59889";"05958016";"Eslohe (Sauerland)";"Bremke";
28288;"59889";"05958016";"Eslohe (Sauerland)";"Cobbenrode";
28289;"59889";"05958016";"Eslohe (Sauerland)";"Eslohe";
28290;"59889";"05958016";"Eslohe (Sauerland)";"Kückelheim";
28291;"59889";"05958016";"Eslohe (Sauerland)";"Niedersalwey";
28292;"59889";"05958016";"Eslohe (Sauerland)";"Obersalwey";
28293;"59889";"05958016";"Eslohe (Sauerland)";"Reiste";
28294;"59889";"05958016";"Eslohe (Sauerland)";"Wenholthausen";
27004;"59909";"05958008";"Bestwig";"Andreasberg";
27005;"59909";"05958008";"Bestwig";"Berlar";
27006;"59909";"05958008";"Bestwig";"Bestwig";
27008;"59909";"05958008";"Bestwig";"Heringhausen";
27009;"59909";"05958008";"Bestwig";"Nuttlar";
27010;"59909";"05958008";"Bestwig";"Ostwig";
27011;"59909";"05958008";"Bestwig";"Ramsbeck";
27007;"59909";"05958008";"Bestwig";"Schwabenberg";
27012;"59909";"05958008";"Bestwig";"Valmepochwerk";
27013;"59909";"05958008";"Bestwig";"Velmede";
27014;"59909";"05958008";"Bestwig";"Wasserfall";
27400;"59929";"05958012";"Brilon";"Alme";
27401;"59929";"05958012";"Brilon";"Altenbüren";
27402;"59929";"05958012";"Brilon";"Bontkirchen";
27403;"59929";"05958012";"Brilon";"Brilon";
27404;"59929";"05958012";"Brilon";"Brilon-Wald";
27405;"59929";"05958012";"Brilon";"Esshoff";
27406;"59929";"05958012";"Brilon";"Gudenhagen-Petersborn";
27407;"59929";"05958012";"Brilon";"Hoppecke";
27408;"59929";"05958012";"Brilon";"Madfeld";
27409;"59929";"05958012";"Brilon";"Messinghausen";
27410;"59929";"05958012";"Brilon";"Nehden";
27412;"59929";"05958012";"Brilon";"Radlinghausen";
27413;"59929";"05958012";"Brilon";"Rixen";
27411;"59929";"05958012";"Brilon";"Rösenbeck";
27414;"59929";"05958012";"Brilon";"Scharfenberg";
27415;"59929";"05958012";"Brilon";"Thülen";
27416;"59929";"05958012";"Brilon";"Wülfte";
31473;"59939";"05958036";"Olsberg";"Antfeld";
31474;"59939";"05958036";"Olsberg";"Assinghausen";
31475;"59939";"05958036";"Olsberg";"Bigge";
31476;"59939";"05958036";"Olsberg";"Bruchhausen";
31477;"59939";"05958036";"Olsberg";"Brunskappel";
31478;"59939";"05958036";"Olsberg";"Elleringhausen";
31479;"59939";"05958036";"Olsberg";"Elpe";
31480;"59939";"05958036";"Olsberg";"Gevelinghausen";
31481;"59939";"05958036";"Olsberg";"Heinrichsdorf";
31482;"59939";"05958036";"Olsberg";"Helmeringhausen";
31483;"59939";"05958036";"Olsberg";"Olsberg";
31484;"59939";"05958036";"Olsberg";"Wiemeringhausen";
31485;"59939";"05958036";"Olsberg";"Wulmeringhausen";
33079;"59955";"05958048";"Winterberg";"Altastenberg";
33080;"59955";"05958048";"Winterberg";"Altenfeld";
33081;"59955";"05958048";"Winterberg";"Elkeringhausen";
33082;"59955";"05958048";"Winterberg";"Grönebach";
33083;"59955";"05958048";"Winterberg";"Hildfeld";
33084;"59955";"05958048";"Winterberg";"Hoheleye";
33085;"59955";"05958048";"Winterberg";"Langewiese";
33086;"59955";"05958048";"Winterberg";"Lenneplätze";
33087;"59955";"05958048";"Winterberg";"Mollseifen";
33088;"59955";"05958048";"Winterberg";"Neuastenberg";
33089;"59955";"05958048";"Winterberg";"Niedersfeld";
33090;"59955";"05958048";"Winterberg";"Siedlinghausen";
33091;"59955";"05958048";"Winterberg";"Silbach";
33092;"59955";"05958048";"Winterberg";"Winterberg";
33093;"59955";"05958048";"Winterberg";"Züschen";
30469;"59964";"05958028";"Medebach";"Berge";
30470;"59964";"05958028";"Medebach";"Deifeld";
30471;"59964";"05958028";"Medebach";"Dreislar";
30472;"59964";"05958028";"Medebach";"Düdinghausen";
30473;"59964";"05958028";"Medebach";"Küstelberg";
30474;"59964";"05958028";"Medebach";"Medebach";
30475;"59964";"05958028";"Medebach";"Medelon";
30476;"59964";"05958028";"Medebach";"Oberschledorn";
30477;"59964";"05958028";"Medebach";"Referinghausen";
30478;"59964";"05958028";"Medebach";"Titmaringhausen";
28810;"59969";"05958020";"Hallenberg";"Braunshausen";
28811;"59969";"05958020";"Hallenberg";"Hallenberg";
28812;"59969";"05958020";"Hallenberg";"Hesborn";
28813;"59969";"05958020";"Hallenberg";"Liesen";
